version,version_code,observed_date,date_basis,archive_date,vt_first_submission_utc,apk_sha256,archive_url,vt_url,package,signer_sha256,signature_verified,v1,v2,v3,worker,receiver,push_route,http_header_route,chain_status,url_source,xor_key,evidence_tier
3.3,3030,2013-02-28,VirusTotal first submission,2025-02-04,2013-02-28T23:31:14Z,98337c9126b7afd2a83cfa9515539fd0dd85ab9e131e59898187869e8cb0ecd0,https://divar.en.uptodown.com/android/download/1047966910,https://www.virustotal.com/gui/file/98337c9126b7afd2a83cfa9515539fd0dd85ab9e131e59898187869e8cb0ecd0/details,ir.divar,a954e0419e34ff0779ef5186f06a985b42fd3db07bb03764aa7ff4bf21931baf,true,true,false,false,absent,receiver_class_absent,absent,absent,absent,,,signed APK; DEX and direct relay scan
6.7,103141405,2015-03-24,VirusTotal first submission,2026-07-03,2015-03-24T15:19:34Z,7cb32944e6f84f1afb59bdd238436dc9a0e0eeca24c5a88b0d1d3dac153a6bf3,https://divar.en.uptodown.com/android/download/1185522128,https://www.virustotal.com/gui/file/7cb32944e6f84f1afb59bdd238436dc9a0e0eeca24c5a88b0d1d3dac153a6bf3/details,ir.divar,a954e0419e34ff0779ef5186f06a985b42fd3db07bb03764aa7ff4bf21931baf,true,true,false,false,absent,receiver_class_absent,absent,absent,absent,,,signed APK; DEX and direct relay scan
7.0.2,111071638,2015-11-09,VirusTotal first submission,2016-06-09,2015-11-09T09:27:31Z,0f816a2aa93608d981897bcf191221f10517d7ee1f24316949374934dac86493,https://divar.en.uptodown.com/android/download/564717,https://www.virustotal.com/gui/file/0f816a2aa93608d981897bcf191221f10517d7ee1f24316949374934dac86493/details,ir.divar,a954e0419e34ff0779ef5186f06a985b42fd3db07bb03764aa7ff4bf21931baf,true,true,false,false,absent,receiver_class_absent,absent,absent,absent,,,signed APK; DEX and direct relay scan
8.0.0,201211201,2016-02-01,VirusTotal first submission,2025-03-15,2016-02-01T15:07:38Z,b28e05df34f478fa6c60dab9d3e200fa841eac76819f5d7b5e564531df08e87c,https://divar.en.uptodown.com/android/download/1058670416,https://www.virustotal.com/gui/file/b28e05df34f478fa6c60dab9d3e200fa841eac76819f5d7b5e564531df08e87c/details,ir.divar,a954e0419e34ff0779ef5186f06a985b42fd3db07bb03764aa7ff4bf21931baf,true,true,false,false,absent,receiver_class_absent,absent,absent,absent,,,signed APK; DEX and direct relay scan
8.1.1,206201812,2016-06-20,VirusTotal first submission,2016-08-02,2016-06-20T19:49:01Z,3193c1654233451fccbc15ddff6c2a8e693a6e324e6f15f4652048aa3c40e0c5,https://divar.en.uptodown.com/android/download/787697,https://www.virustotal.com/gui/file/3193c1654233451fccbc15ddff6c2a8e693a6e324e6f15f4652048aa3c40e0c5/details,ir.divar,a954e0419e34ff0779ef5186f06a985b42fd3db07bb03764aa7ff4bf21931baf,true,true,false,false,absent,receiver_class_absent,absent,absent,absent,,,signed APK; DEX and direct relay scan
8.2,208201254,2016-08-21,VirusTotal first submission,2024-02-04,2016-08-21T11:39:53Z,13307212c972aa827eb2f3fc3ed4af85eb8bc4a02b6d4b1f6c06ad2419f60a24,https://divar.en.uptodown.com/android/download/122248041,https://www.virustotal.com/gui/file/13307212c972aa827eb2f3fc3ed4af85eb8bc4a02b6d4b1f6c06ad2419f60a24/details,ir.divar,a954e0419e34ff0779ef5186f06a985b42fd3db07bb03764aa7ff4bf21931baf,true,true,false,false,absent,receiver_class_absent,absent,absent,absent,,,signed APK; DEX and direct relay scan
8.2,208221158,2016-08-23,VirusTotal first submission,2026-09-03,2016-08-23T07:22:29Z,a42f1cc64a3a9bd207c73897801a2923e8fbe25aaa142895f112a8c1b66086b5,https://divar.en.uptodown.com/android/download/1210519880,https://www.virustotal.com/gui/file/a42f1cc64a3a9bd207c73897801a2923e8fbe25aaa142895f112a8c1b66086b5/details,ir.divar,a954e0419e34ff0779ef5186f06a985b42fd3db07bb03764aa7ff4bf21931baf,true,true,false,false,absent,receiver_class_absent,absent,absent,absent,,,signed APK; DEX and direct relay scan
8.8.1,229604101,2017-07-01,KernApk upload listing,2017-07-01,2017-07-02T04:49:04Z,459f4c0c7a1e7eefef9acc65f6c5dae68b26d8d11549b1cd4ada32a4a2f944d1,https://kernapk.nl/downloaden/divar/94800,https://www.virustotal.com/gui/file/459f4c0c7a1e7eefef9acc65f6c5dae68b26d8d11549b1cd4ada32a4a2f944d1/details,ir.divar,a954e0419e34ff0779ef5186f06a985b42fd3db07bb03764aa7ff4bf21931baf,true,true,false,false,absent,receiver_class_absent,absent,absent,absent,,,signed APK; DEX and direct relay scan
8.9.2,229604151,2017-07-07,KernApk upload listing,2017-07-07,2017-07-10T12:34:44Z,cf5b892cb5c54ac6d99b34100263e8fb90019c132dfeee7eaaf1bc3e1be49c47,https://kernapk.nl/downloaden/divar/247872,https://www.virustotal.com/gui/file/cf5b892cb5c54ac6d99b34100263e8fb90019c132dfeee7eaaf1bc3e1be49c47/details,ir.divar,a954e0419e34ff0779ef5186f06a985b42fd3db07bb03764aa7ff4bf21931baf,true,true,false,false,absent,receiver_class_absent,absent,absent,absent,,,signed APK; DEX and direct relay scan
9.0.0,229604201,2017-07-11,VirusTotal first submission,2017-07-13,2017-07-11T17:04:46Z,77cac64cf516d0bea7fc0b463cc159875045a063a9fe2eead4e6ffc872e74ce4,https://kernapk.nl/downloaden/divar/255019,https://www.virustotal.com/gui/file/77cac64cf516d0bea7fc0b463cc159875045a063a9fe2eead4e6ffc872e74ce4/details,ir.divar,a954e0419e34ff0779ef5186f06a985b42fd3db07bb03764aa7ff4bf21931baf,true,true,false,false,absent,receiver_class_absent,absent,absent,absent,,,signed APK; DEX and direct relay scan
9.0.1,229605011,2017-07-23,VirusTotal first submission,2017-07-24,2017-07-23T03:31:05Z,9f40b1a322258e0733c3b18b054c5a6452c2642232865bc436012d53810586db,https://kernapk.nl/downloaden/divar/290570,https://www.virustotal.com/gui/file/9f40b1a322258e0733c3b18b054c5a6452c2642232865bc436012d53810586db/details,ir.divar,a954e0419e34ff0779ef5186f06a985b42fd3db07bb03764aa7ff4bf21931baf,true,true,false,false,absent,receiver_class_absent,absent,absent,absent,,,signed APK; DEX and direct relay scan
9.1.0,229606011,2017-08-22,VirusTotal first submission,2017-08-23,2017-08-22T06:49:03Z,31c90c6a008e54f08f7b59c017d97dc73703a8619a59b0b8061d9ed6dd9fbe4c,https://kernapk.nl/downloaden/divar/329068,https://www.virustotal.com/gui/file/31c90c6a008e54f08f7b59c017d97dc73703a8619a59b0b8061d9ed6dd9fbe4c/details,ir.divar,a954e0419e34ff0779ef5186f06a985b42fd3db07bb03764aa7ff4bf21931baf,true,true,false,false,absent,receiver_class_absent,absent,absent,absent,,,signed APK; DEX and direct relay scan
9.1.1,229606061,2017-08-29,VirusTotal first submission,2025-11-06,2017-08-29T15:03:19Z,a4cb6f0cb9ac7fbc09e9e876bad3dbd5adb738036f41701feb2799bc528c1ed2,https://divar.en.uptodown.com/android/download/1120553633,https://www.virustotal.com/gui/file/a4cb6f0cb9ac7fbc09e9e876bad3dbd5adb738036f41701feb2799bc528c1ed2/details,ir.divar,a954e0419e34ff0779ef5186f06a985b42fd3db07bb03764aa7ff4bf21931baf,true,true,false,false,absent,receiver_class_absent,absent,absent,absent,,,signed APK; DEX and direct relay scan
9.9.4,229611041,2018-01-31,KernApk upload listing,2018-01-31,,e85f000e1ad50cb0d5d43f174b55287c96cd206da374d89195f18ccba674b7d7,https://kernapk.nl/downloaden/divar/564189,https://www.virustotal.com/gui/file/e85f000e1ad50cb0d5d43f174b55287c96cd206da374d89195f18ccba674b7d7/details,ir.divar,a954e0419e34ff0779ef5186f06a985b42fd3db07bb03764aa7ff4bf21931baf,true,true,true,false,absent,receiver_class_absent,absent,absent,absent,,,signed APK; DEX and direct relay scan
9.9.6,229611111,2018-01-31,VirusTotal first submission,2018-02-04,2018-01-31T12:02:48Z,2fdc5d85296246a439ef808501090b18d62f1ed2a4693ea4a67a57c62fe6b13d,https://kernapk.nl/downloaden/divar/571831,https://www.virustotal.com/gui/file/2fdc5d85296246a439ef808501090b18d62f1ed2a4693ea4a67a57c62fe6b13d/details,ir.divar,a954e0419e34ff0779ef5186f06a985b42fd3db07bb03764aa7ff4bf21931baf,true,true,true,false,absent,receiver_class_absent,absent,absent,absent,,,signed APK; DEX and direct relay scan
10.0.0,229611231,2018-02-12,VirusTotal first submission,2018-12-26,2018-02-12T15:19:12Z,09740a3359bad298f1ed4c36d3780d17e973d35ea417fe1ad971a076ba65ee1f,https://divar.en.uptodown.com/android/download/1818125,https://www.virustotal.com/gui/file/09740a3359bad298f1ed4c36d3780d17e973d35ea417fe1ad971a076ba65ee1f/details,ir.divar,a954e0419e34ff0779ef5186f06a985b42fd3db07bb03764aa7ff4bf21931baf,true,true,false,false,absent,receiver_class_absent,absent,absent,absent,,,signed APK; DEX and direct relay scan
10.0.1,229612241,2018-03-18,KernApk upload listing,2018-03-18,2018-03-18T18:56:12Z,c2684cf7adeb0b48111a52fcdd1cf4e462ec54351d213f2f8c2f4fda91c7eaed,https://kernapk.nl/downloaden/divar/618638,https://www.virustotal.com/gui/file/c2684cf7adeb0b48111a52fcdd1cf4e462ec54351d213f2f8c2f4fda91c7eaed/details,ir.divar,a954e0419e34ff0779ef5186f06a985b42fd3db07bb03764aa7ff4bf21931baf,true,true,true,false,absent,receiver_class_absent,absent,absent,absent,,,signed APK; DEX and direct relay scan
10.0.2,229612281,2018-03-19,VirusTotal first submission,2018-03-23,2018-03-19T21:34:44Z,4e493ac4cc4f8016d7afa0fbec133cb623bb0e99a25420023b99e6462b21926e,https://kernapk.nl/downloaden/divar/623080,https://www.virustotal.com/gui/file/4e493ac4cc4f8016d7afa0fbec133cb623bb0e99a25420023b99e6462b21926e/details,ir.divar,a954e0419e34ff0779ef5186f06a985b42fd3db07bb03764aa7ff4bf21931baf,true,true,true,false,absent,receiver_class_absent,absent,absent,absent,,,signed APK; DEX and direct relay scan
10.0.4,229701281,2018-04-17,VirusTotal first submission,2018-04-18,2018-04-17T09:59:15Z,1bfdfaed8329305f26c13d69f7f0881d222312e23fee9e63cce0fcfa0b83da35,https://kernapk.nl/downloaden/divar/657414,https://www.virustotal.com/gui/file/1bfdfaed8329305f26c13d69f7f0881d222312e23fee9e63cce0fcfa0b83da35/details,ir.divar,a954e0419e34ff0779ef5186f06a985b42fd3db07bb03764aa7ff4bf21931baf,true,true,true,false,absent,receiver_class_absent,absent,absent,absent,,,signed APK; DEX and direct relay scan
10.1.1,229703081,2018-05-29,VirusTotal first submission,2019-01-14,2018-05-29T12:09:03Z,29bca60942aaa04dcb17099c3a40e08fd306990708d986cd9a264d9f0f6a1af6,https://divar.en.uptodown.com/android/download/1877642,https://www.virustotal.com/gui/file/29bca60942aaa04dcb17099c3a40e08fd306990708d986cd9a264d9f0f6a1af6/details,ir.divar,a954e0419e34ff0779ef5186f06a985b42fd3db07bb03764aa7ff4bf21931baf,true,true,true,false,absent,receiver_class_absent,absent,absent,absent,,,signed APK; DEX and direct relay scan
10.1.2,229703091,2018-05-30,VirusTotal first submission,2018-05-31,2018-05-30T08:41:55Z,53e563e73a28869e4dcc9c2b847bfa33b3bf0adadd13c4b71730b432b175c36f,https://kernapk.nl/downloaden/divar/699830,https://www.virustotal.com/gui/file/53e563e73a28869e4dcc9c2b847bfa33b3bf0adadd13c4b71730b432b175c36f/details,ir.divar,a954e0419e34ff0779ef5186f06a985b42fd3db07bb03764aa7ff4bf21931baf,true,true,true,false,absent,receiver_class_absent,absent,absent,absent,,,signed APK; DEX and direct relay scan
10.1.5,229704041,2018-06-25,VirusTotal first submission,2022-06-26,2018-06-25T16:10:01Z,9792d0d0bf705f81180aebd576173faa3f85e3ecc34755f1cec395c318608825,https://divar.en.uptodown.com/android/download/74956803,https://www.virustotal.com/gui/file/9792d0d0bf705f81180aebd576173faa3f85e3ecc34755f1cec395c318608825/details,ir.divar,a954e0419e34ff0779ef5186f06a985b42fd3db07bb03764aa7ff4bf21931baf,true,true,true,false,absent,receiver_class_absent,absent,absent,absent,,,signed APK; DEX and direct relay scan
10.1.5,229704041,2018-07-01,VirusTotal first submission,2018-07-03,2018-07-01T02:25:34Z,9563f1a1bb09e0d8422c6eb1c0522780257e3b22e4d9f1ca3f39371e643c4596,https://kernapk.nl/downloaden/divar/817987,https://www.virustotal.com/gui/file/9563f1a1bb09e0d8422c6eb1c0522780257e3b22e4d9f1ca3f39371e643c4596/details,ir.divar,a954e0419e34ff0779ef5186f06a985b42fd3db07bb03764aa7ff4bf21931baf,true,true,true,false,absent,receiver_class_absent,absent,absent,absent,,,signed APK; DEX and direct relay scan
10.2.1,229705012,2018-07-26,VirusTotal first submission,2022-05-18,2018-07-26T14:10:02Z,0a4aef0b20f6adfc7dc54218a4182fc8fb369e675a15a3755056325c40590656,https://divar.en.uptodown.com/android/download/58822933,https://www.virustotal.com/gui/file/0a4aef0b20f6adfc7dc54218a4182fc8fb369e675a15a3755056325c40590656/details,ir.divar,a954e0419e34ff0779ef5186f06a985b42fd3db07bb03764aa7ff4bf21931baf,true,true,true,false,absent,receiver_class_absent,absent,absent,absent,,,signed APK; DEX and direct relay scan
10.2.3,229705172,2018-08-08,VirusTotal first submission,2019-01-13,2018-08-08T13:29:01Z,d402040e73c9709bc8981f9e179c7e24b0909a720ea6e478e53aebb4bb6b3e1d,https://divar.en.uptodown.com/android/download/1887831,https://www.virustotal.com/gui/file/d402040e73c9709bc8981f9e179c7e24b0909a720ea6e478e53aebb4bb6b3e1d/details,ir.divar,a954e0419e34ff0779ef5186f06a985b42fd3db07bb03764aa7ff4bf21931baf,true,true,true,false,absent,receiver_class_absent,absent,absent,absent,,,signed APK; DEX and direct relay scan
10.2.3,229705172,2018-08-09,VirusTotal first submission,2018-08-10,2018-08-09T22:12:20Z,b86fce42e24f8b8f48f8d3924b51329b65847f79abf477757fd11c420aae80ca,https://kernapk.nl/downloaden/divar/861180,https://www.virustotal.com/gui/file/b86fce42e24f8b8f48f8d3924b51329b65847f79abf477757fd11c420aae80ca/details,ir.divar,a954e0419e34ff0779ef5186f06a985b42fd3db07bb03764aa7ff4bf21931baf,true,true,true,false,absent,receiver_class_absent,absent,absent,absent,,,signed APK; DEX and direct relay scan
10.3.4,229707043,2018-09-27,VirusTotal first submission,2018-11-24,2018-09-27T06:05:24Z,244a2439fad0bafb151fa189f83f3832599c7a6cc42cdb6fba7012237ce4dfbd,https://kernapk.nl/downloaden/divar/982669,https://www.virustotal.com/gui/file/244a2439fad0bafb151fa189f83f3832599c7a6cc42cdb6fba7012237ce4dfbd/details,ir.divar,a954e0419e34ff0779ef5186f06a985b42fd3db07bb03764aa7ff4bf21931baf,true,true,true,false,absent,receiver_class_absent,absent,absent,absent,,,signed APK; DEX and direct relay scan
10.4.0,229708290,2018-11-24,VirusTotal first submission,2020-11-13,2018-11-24T12:50:09Z,c2fc4fbba1f3b9dc8f6a35f13cf5cab83487f019c99715f7f2dd374842fef4f5,https://divar.en.uptodown.com/android/download/2927649,https://www.virustotal.com/gui/file/c2fc4fbba1f3b9dc8f6a35f13cf5cab83487f019c99715f7f2dd374842fef4f5/details,ir.divar,a954e0419e34ff0779ef5186f06a985b42fd3db07bb03764aa7ff4bf21931baf,true,true,true,false,absent,receiver_class_absent,absent,absent,absent,,,signed APK; DEX and direct relay scan
10.4.2,229709070,2018-11-28,VirusTotal first submission,2025-04-05,2018-11-28T17:43:10Z,2440d77bc26bf34acf56ae83a35671579ed54e5e98c3193ab8407e422f7c0746,https://divar.en.uptodown.com/android/download/1072639333,https://www.virustotal.com/gui/file/2440d77bc26bf34acf56ae83a35671579ed54e5e98c3193ab8407e422f7c0746/details,ir.divar,a954e0419e34ff0779ef5186f06a985b42fd3db07bb03764aa7ff4bf21931baf,true,true,true,false,absent,receiver_class_absent,absent,absent,absent,,,signed APK; DEX and direct relay scan
10.4.2,229709070,2018-11-29,VirusTotal first submission,2018-11-30,2018-11-29T07:04:42Z,bd1fa14e861cc075a82ccacd1490cfe1308777baef2ab0346efbb9272b09addf,https://kernapk.nl/downloaden/divar/983246,https://www.virustotal.com/gui/file/bd1fa14e861cc075a82ccacd1490cfe1308777baef2ab0346efbb9272b09addf/details,ir.divar,a954e0419e34ff0779ef5186f06a985b42fd3db07bb03764aa7ff4bf21931baf,true,true,true,false,absent,receiver_class_absent,absent,absent,absent,,,signed APK; DEX and direct relay scan
10.4.5,229710020,2018-12-23,VirusTotal first submission,2020-10-17,2018-12-23T12:02:50Z,205715d4dcd00b28ff530a8dbd51b07d26e0da0db249f1eb8bc6d033e1d85892,https://divar.en.uptodown.com/android/download/2717641,https://www.virustotal.com/gui/file/205715d4dcd00b28ff530a8dbd51b07d26e0da0db249f1eb8bc6d033e1d85892/details,ir.divar,a954e0419e34ff0779ef5186f06a985b42fd3db07bb03764aa7ff4bf21931baf,true,true,true,false,absent,receiver_class_absent,absent,absent,absent,,,signed APK; DEX and direct relay scan
10.4.6,229710040,2018-12-25,VirusTotal first submission,2020-11-03,2018-12-25T06:39:51Z,84b0571d67de22f1e841fe7ebdf3bb160d7cd4a68883c1242ece96f3c8e0f3e9,https://divar.en.uptodown.com/android/download/2873618,https://www.virustotal.com/gui/file/84b0571d67de22f1e841fe7ebdf3bb160d7cd4a68883c1242ece96f3c8e0f3e9/details,ir.divar,a954e0419e34ff0779ef5186f06a985b42fd3db07bb03764aa7ff4bf21931baf,true,true,true,false,absent,receiver_class_absent,absent,absent,absent,,,signed APK; DEX and direct relay scan
10.4.6,229710040,2018-12-26,VirusTotal first submission,2018-12-27,2018-12-26T10:07:42Z,788e0cf3a5f8ac10cc3c0561995dde8bd18faf60d769bdf8e8b34f6999fdb898,https://kernapk.nl/downloaden/divar/1008797,https://www.virustotal.com/gui/file/788e0cf3a5f8ac10cc3c0561995dde8bd18faf60d769bdf8e8b34f6999fdb898/details,ir.divar,a954e0419e34ff0779ef5186f06a985b42fd3db07bb03764aa7ff4bf21931baf,true,true,true,false,absent,receiver_class_absent,absent,absent,absent,,,signed APK; DEX and direct relay scan
10.4.7,229710080,2018-12-31,VirusTotal first submission,2019-01-01,2018-12-31T07:16:32Z,e0b74790d67b22c8fdd506454e5e415c0bc5ca2f927073c6385eaa6eae52a998,https://kernapk.nl/downloaden/divar/1009840,https://www.virustotal.com/gui/file/e0b74790d67b22c8fdd506454e5e415c0bc5ca2f927073c6385eaa6eae52a998/details,ir.divar,a954e0419e34ff0779ef5186f06a985b42fd3db07bb03764aa7ff4bf21931baf,true,true,true,false,absent,receiver_class_absent,absent,absent,absent,,,signed APK; DEX and direct relay scan
10.5.0,229711061,2019-01-28,KernApk upload listing,2019-01-28,2019-02-06T14:30:12Z,16c02883144ad5b88880b4d898993e4bf0bdee397638238ad95fcfca82f5e3a0,https://kernapk.nl/downloaden/divar/1033926,https://www.virustotal.com/gui/file/16c02883144ad5b88880b4d898993e4bf0bdee397638238ad95fcfca82f5e3a0/details,ir.divar,a954e0419e34ff0779ef5186f06a985b42fd3db07bb03764aa7ff4bf21931baf,true,true,true,false,absent,receiver_class_absent,absent,absent,absent,,,signed APK; DEX and direct relay scan
10.5.1,229712061,2019-02-28,VirusTotal first submission,2022-05-19,2019-02-28T13:00:16Z,551784dc0e18a7cc837be86f3f205173a087650283caf5277e94b670796f32f0,https://divar.en.uptodown.com/android/download/59155960,https://www.virustotal.com/gui/file/551784dc0e18a7cc837be86f3f205173a087650283caf5277e94b670796f32f0/details,ir.divar,a954e0419e34ff0779ef5186f06a985b42fd3db07bb03764aa7ff4bf21931baf,true,true,true,false,absent,receiver_class_absent,absent,absent,absent,,,signed APK; DEX and direct relay scan
10.5.3,229712200,2019-03-12,KernApk upload listing,2019-03-12,2019-03-13T07:41:50Z,7ea717c7a538f92036449408281975cb38956ec2a94b3c198c771c7130bf773f,https://kernapk.nl/downloaden/divar/1075471,https://www.virustotal.com/gui/file/7ea717c7a538f92036449408281975cb38956ec2a94b3c198c771c7130bf773f/details,ir.divar,a954e0419e34ff0779ef5186f06a985b42fd3db07bb03764aa7ff4bf21931baf,true,true,true,false,absent,receiver_class_absent,absent,absent,absent,,,signed APK; DEX and direct relay scan
10.5.5,229712221,2019-03-14,KernApk upload listing,2019-03-14,2019-03-14T12:35:20Z,5b8ffe5ba4e808eeb23b9d108d9fb525e9fffc7a52189cb65a568d87c322bc2a,https://kernapk.nl/downloaden/divar/1075987,https://www.virustotal.com/gui/file/5b8ffe5ba4e808eeb23b9d108d9fb525e9fffc7a52189cb65a568d87c322bc2a/details,ir.divar,a954e0419e34ff0779ef5186f06a985b42fd3db07bb03764aa7ff4bf21931baf,true,true,true,false,absent,receiver_class_absent,absent,absent,absent,,,signed APK; DEX and direct relay scan
11.0.1,229803010,2019-05-23,VirusTotal first submission,2020-10-03,2019-05-23T08:35:13Z,4acbb638132e694e6f1a40fd14f1dac3abfd041e6591dfb951e818c9977c99b8,https://divar.en.uptodown.com/android/download/2617349,https://www.virustotal.com/gui/file/4acbb638132e694e6f1a40fd14f1dac3abfd041e6591dfb951e818c9977c99b8/details,ir.divar,a954e0419e34ff0779ef5186f06a985b42fd3db07bb03764aa7ff4bf21931baf,true,true,true,false,absent,receiver_class_absent,absent,absent,absent,,,signed APK; DEX and direct relay scan
11.0.6,229803053,2019-05-26,VirusTotal first submission,2019-07-31,2019-05-26T14:14:19Z,80f4d5a255462e66b600275aff9ead1ffe64f51d0dc5e01d5427467a863ad048,https://divar.en.uptodown.com/android/download/2014942,https://www.virustotal.com/gui/file/80f4d5a255462e66b600275aff9ead1ffe64f51d0dc5e01d5427467a863ad048/details,ir.divar,a954e0419e34ff0779ef5186f06a985b42fd3db07bb03764aa7ff4bf21931baf,true,true,true,false,absent,receiver_class_absent,absent,absent,absent,,,signed APK; DEX and direct relay scan
11.0.6,229803053,2019-05-28,KernApk upload listing,2019-05-28,2019-06-04T05:00:18Z,d2e76354b568f5163f423955adb65050a00ba67f08d9296fe8e6c6d4633124e5,https://kernapk.nl/downloaden/divar/1098233,https://www.virustotal.com/gui/file/d2e76354b568f5163f423955adb65050a00ba67f08d9296fe8e6c6d4633124e5/details,ir.divar,a954e0419e34ff0779ef5186f06a985b42fd3db07bb03764aa7ff4bf21931baf,true,true,true,false,absent,receiver_class_absent,absent,absent,absent,,,signed APK; DEX and direct relay scan
11.0.8,229804010,2019-06-22,VirusTotal first submission,2020-09-07,2019-06-22T19:24:21Z,4040d53062345194a522c3e1883b9301ec36209236d77bb01cdbb0e9889ad344,https://divar.en.uptodown.com/android/download/2439878,https://www.virustotal.com/gui/file/4040d53062345194a522c3e1883b9301ec36209236d77bb01cdbb0e9889ad344/details,ir.divar,a954e0419e34ff0779ef5186f06a985b42fd3db07bb03764aa7ff4bf21931baf,true,true,true,false,absent,receiver_class_absent,absent,absent,absent,,,signed APK; DEX and direct relay scan
11.0.8,229804010,2019-06-23,KernApk upload listing,2019-06-23,2019-06-25T13:21:55Z,408d02eacacccd57a1c8459af279f07acdaae3577c6cc680bba776b7ac1cafd5,https://kernapk.nl/downloaden/divar/1151660,https://www.virustotal.com/gui/file/408d02eacacccd57a1c8459af279f07acdaae3577c6cc680bba776b7ac1cafd5/details,ir.divar,a954e0419e34ff0779ef5186f06a985b42fd3db07bb03764aa7ff4bf21931baf,true,true,true,false,absent,receiver_class_absent,absent,absent,absent,,,signed APK; DEX and direct relay scan
11.0.10,229804310,2019-08-22,VirusTotal first submission,2021-01-26,2019-08-22T01:19:57Z,9672b7feccf1d0fe362dd39efd894ed014a07703071cc1f751f0c90da9d2bb00,https://divar.en.uptodown.com/android/download/3176586,https://www.virustotal.com/gui/file/9672b7feccf1d0fe362dd39efd894ed014a07703071cc1f751f0c90da9d2bb00/details,ir.divar,a954e0419e34ff0779ef5186f06a985b42fd3db07bb03764aa7ff4bf21931baf,true,true,true,false,absent,receiver_class_absent,absent,absent,absent,,,signed APK; DEX and direct relay scan
11.0.12,229806030,2019-08-27,VirusTotal first submission,2021-05-03,2019-08-27T17:05:30Z,4bd19ff3a155d9d28b104919d60a3cc286a9932c30ccb17eae9790dbedf3ac2f,https://divar.en.uptodown.com/android/download/3638804,https://www.virustotal.com/gui/file/4bd19ff3a155d9d28b104919d60a3cc286a9932c30ccb17eae9790dbedf3ac2f/details,ir.divar,a954e0419e34ff0779ef5186f06a985b42fd3db07bb03764aa7ff4bf21931baf,true,true,true,false,absent,receiver_class_absent,absent,absent,absent,,,signed APK; DEX and direct relay scan
11.0.14,229807010,2019-09-24,VirusTotal first submission,2019-09-30,2019-09-24T05:19:53Z,8b8da23e74d51b1bb924c0af0abb5079922c19b3de937bc15470344d1aa3515d,https://kernapk.nl/downloaden/divar/1215609,https://www.virustotal.com/gui/file/8b8da23e74d51b1bb924c0af0abb5079922c19b3de937bc15470344d1aa3515d/details,ir.divar,a954e0419e34ff0779ef5186f06a985b42fd3db07bb03764aa7ff4bf21931baf,true,true,true,false,absent,receiver_class_absent,absent,absent,absent,,,signed APK; DEX and direct relay scan
11.0.15,229807150,2019-10-07,KernApk upload listing,2019-10-07,,5dacbd642a48c0cbcfd58809a9a61a39cb203c616428b50400a2fa1e3755d132,https://kernapk.nl/downloaden/divar/1222902,https://www.virustotal.com/gui/file/5dacbd642a48c0cbcfd58809a9a61a39cb203c616428b50400a2fa1e3755d132/details,ir.divar,a954e0419e34ff0779ef5186f06a985b42fd3db07bb03764aa7ff4bf21931baf,true,true,true,false,absent,receiver_class_absent,absent,absent,absent,,,signed APK; DEX and direct relay scan
11.0.16,229807160,2019-10-08,KernApk upload listing,2019-10-08,2019-10-08T18:50:37Z,7bbe4a3765e36027540c8b906279105efca43c133c0c4025bb57c11c2c46621b,https://kernapk.nl/downloaden/divar/1223189,https://www.virustotal.com/gui/file/7bbe4a3765e36027540c8b906279105efca43c133c0c4025bb57c11c2c46621b/details,ir.divar,a954e0419e34ff0779ef5186f06a985b42fd3db07bb03764aa7ff4bf21931baf,true,true,true,false,absent,receiver_class_absent,absent,absent,absent,,,signed APK; DEX and direct relay scan
11.0.19,229808010,2019-10-23,VirusTotal first submission,2019-10-25,2019-10-23T19:18:50Z,d590793f9e0e50d56cca5507f6658ad698c41eddf2ed6a505e84897dfc02d8a1,https://kernapk.nl/downloaden/divar/1241543,https://www.virustotal.com/gui/file/d590793f9e0e50d56cca5507f6658ad698c41eddf2ed6a505e84897dfc02d8a1/details,ir.divar,a954e0419e34ff0779ef5186f06a985b42fd3db07bb03764aa7ff4bf21931baf,true,true,true,false,absent,receiver_class_absent,absent,absent,absent,,,signed APK; DEX and direct relay scan
11.0.21,229808190,2019-11-11,VirusTotal first submission,2022-01-19,2019-11-11T14:17:51Z,6ceac96430636e3020d1e3e895c726c4bbb315fa2ba238056b9874f926fdc1cc,https://divar.en.uptodown.com/android/download/4280423,https://www.virustotal.com/gui/file/6ceac96430636e3020d1e3e895c726c4bbb315fa2ba238056b9874f926fdc1cc/details,ir.divar,a954e0419e34ff0779ef5186f06a985b42fd3db07bb03764aa7ff4bf21931baf,true,true,true,false,absent,receiver_class_absent,absent,absent,absent,,,signed APK; DEX and direct relay scan
11.0.24,229809300,2019-12-21,VirusTotal first submission,2019-12-22,2019-12-21T19:17:48Z,f79fd63dc68b1ff00d929ac98f4b168bb57203e7daa7fb4f969b1f653f80e342,https://kernapk.nl/downloaden/divar/1253524,https://www.virustotal.com/gui/file/f79fd63dc68b1ff00d929ac98f4b168bb57203e7daa7fb4f969b1f653f80e342/details,ir.divar,a954e0419e34ff0779ef5186f06a985b42fd3db07bb03764aa7ff4bf21931baf,true,true,true,false,absent,receiver_class_absent,absent,absent,absent,,,signed APK; DEX and direct relay scan
11.0.24,229809300,2019-12-22,VirusTotal first submission,2021-04-29,2019-12-22T12:15:45Z,3d1ecc4697fae2b0b10dc40558299662b53e2b0ba1df7be92ea4c4c97d162a10,https://divar.en.uptodown.com/android/download/3604024,https://www.virustotal.com/gui/file/3d1ecc4697fae2b0b10dc40558299662b53e2b0ba1df7be92ea4c4c97d162a10/details,ir.divar,a954e0419e34ff0779ef5186f06a985b42fd3db07bb03764aa7ff4bf21931baf,true,true,true,false,absent,receiver_class_absent,absent,absent,absent,,,signed APK; DEX and direct relay scan
11.1.1,229810160,2020-01-06,VirusTotal first submission,2020-01-08,2020-01-06T18:20:18Z,ee59cea18c06a509555f2b1d2f1989daa0c59a697da3dc8b5fe0bce32de66865,https://kernapk.nl/downloaden/divar/1283770,https://www.virustotal.com/gui/file/ee59cea18c06a509555f2b1d2f1989daa0c59a697da3dc8b5fe0bce32de66865/details,ir.divar,a954e0419e34ff0779ef5186f06a985b42fd3db07bb03764aa7ff4bf21931baf,true,true,true,false,absent,receiver_class_absent,absent,absent,absent,,,signed APK; DEX and direct relay scan
11.1.2,229810280,2020-01-19,VirusTotal first submission,2024-08-30,2020-01-19T11:20:44Z,561f53e34e6cc0bc614720545534313eb2ff20290908d498ab28ae31ad08adae,https://divar.en.uptodown.com/android/download/1024102640,https://www.virustotal.com/gui/file/561f53e34e6cc0bc614720545534313eb2ff20290908d498ab28ae31ad08adae/details,ir.divar,a954e0419e34ff0779ef5186f06a985b42fd3db07bb03764aa7ff4bf21931baf,true,true,true,false,absent,receiver_class_absent,absent,absent,absent,,,signed APK; DEX and direct relay scan
11.1.2,229810280,2020-01-19,VirusTotal first submission,2020-01-22,2020-01-19T09:14:35Z,f93a2d492f699379b5818014f3682c1a77f818ec517c9caba53c8a55211535cf,https://kernapk.nl/downloaden/divar/1289478,https://www.virustotal.com/gui/file/f93a2d492f699379b5818014f3682c1a77f818ec517c9caba53c8a55211535cf/details,ir.divar,a954e0419e34ff0779ef5186f06a985b42fd3db07bb03764aa7ff4bf21931baf,true,true,true,false,absent,receiver_class_absent,absent,absent,absent,,,signed APK; DEX and direct relay scan
11.1.4,229811130,2020-02-02,VirusTotal first submission,2020-02-09,2020-02-02T18:11:49Z,b79bc960e897fb03f0b02e89ee992b4148ca508b793f8aba4d1c5a360b991b8d,https://kernapk.nl/downloaden/divar/1305193,https://www.virustotal.com/gui/file/b79bc960e897fb03f0b02e89ee992b4148ca508b793f8aba4d1c5a360b991b8d/details,ir.divar,a954e0419e34ff0779ef5186f06a985b42fd3db07bb03764aa7ff4bf21931baf,true,true,true,false,absent,receiver_class_absent,absent,absent,absent,,,signed APK; DEX and direct relay scan
11.1.4,229811130,2020-02-03,VirusTotal first submission,2020-11-18,2020-02-03T10:18:19Z,45a4c072b0f5a646222988c4cc67772c6608c40be3de6a2d7fdbe0db99f8b343,https://divar.en.uptodown.com/android/download/2947989,https://www.virustotal.com/gui/file/45a4c072b0f5a646222988c4cc67772c6608c40be3de6a2d7fdbe0db99f8b343/details,ir.divar,a954e0419e34ff0779ef5186f06a985b42fd3db07bb03764aa7ff4bf21931baf,true,true,true,false,absent,receiver_class_absent,absent,absent,absent,,,signed APK; DEX and direct relay scan
11.1.6,229811280,2020-02-18,VirusTotal first submission,2022-06-18,2020-02-18T10:10:39Z,859c02c1cfe45cd0f5df5a19f26844ac4c59ffdec9ef94ff55436cd0c40b4a4c,https://divar.en.uptodown.com/android/download/73767701,https://www.virustotal.com/gui/file/859c02c1cfe45cd0f5df5a19f26844ac4c59ffdec9ef94ff55436cd0c40b4a4c/details,ir.divar,a954e0419e34ff0779ef5186f06a985b42fd3db07bb03764aa7ff4bf21931baf,true,true,true,false,absent,receiver_class_absent,absent,absent,absent,,,signed APK; DEX and direct relay scan
11.1.8,229812110,2020-03-01,VirusTotal first submission,2020-03-04,2020-03-01T19:16:32Z,9024c50db10f65d4ea40a6f1b2d738c1d24f749798f7edf15fcbb4945a7d0686,https://kernapk.nl/downloaden/divar/1314983,https://www.virustotal.com/gui/file/9024c50db10f65d4ea40a6f1b2d738c1d24f749798f7edf15fcbb4945a7d0686/details,ir.divar,a954e0419e34ff0779ef5186f06a985b42fd3db07bb03764aa7ff4bf21931baf,true,true,true,false,absent,receiver_class_absent,absent,absent,absent,,,signed APK; DEX and direct relay scan
11.1.10,229812270,2020-03-18,VirusTotal first submission,2020-03-22,2020-03-18T12:48:00Z,279f7c50b53d267d6c92c361504efdbfbe8a20066c3ac025c187a57c6878db42,https://kernapk.nl/downloaden/divar/1333811,https://www.virustotal.com/gui/file/279f7c50b53d267d6c92c361504efdbfbe8a20066c3ac025c187a57c6878db42/details,ir.divar,a954e0419e34ff0779ef5186f06a985b42fd3db07bb03764aa7ff4bf21931baf,true,true,true,false,absent,receiver_class_absent,absent,absent,absent,,,signed APK; DEX and direct relay scan
11.1.11,229901130,2020-04-02,VirusTotal first submission,2020-04-03,2020-04-02T14:35:35Z,19cfaa382f39585b8555122e9c4fc70b1d9ac0a5cb2a9fff6aa3ff81434fe93a,https://kernapk.nl/downloaden/divar/1346665,https://www.virustotal.com/gui/file/19cfaa382f39585b8555122e9c4fc70b1d9ac0a5cb2a9fff6aa3ff81434fe93a/details,ir.divar,a954e0419e34ff0779ef5186f06a985b42fd3db07bb03764aa7ff4bf21931baf,true,true,true,false,absent,receiver_class_absent,absent,absent,absent,,,signed APK; DEX and direct relay scan
11.1.13,229902010,2020-04-20,KernApk upload listing,2020-04-20,2020-04-20T14:26:44Z,1a37f32e40f095d58ecfba3ca6610f113eadf7ffab3a99bdbc69c7ed7d5eba1e,https://kernapk.nl/downloaden/divar/1359430,https://www.virustotal.com/gui/file/1a37f32e40f095d58ecfba3ca6610f113eadf7ffab3a99bdbc69c7ed7d5eba1e/details,ir.divar,a954e0419e34ff0779ef5186f06a985b42fd3db07bb03764aa7ff4bf21931baf,true,true,true,false,absent,receiver_class_absent,absent,absent,absent,,,signed APK; DEX and direct relay scan
11.1.13,229902010,2020-04-24,VirusTotal first submission,2021-01-29,2020-04-24T12:44:04Z,9630f2ca8d0020910de2a89a3548f1b4347cf4446d582ec9f693bf90f3ee52fc,https://divar.en.uptodown.com/android/download/3193995,https://www.virustotal.com/gui/file/9630f2ca8d0020910de2a89a3548f1b4347cf4446d582ec9f693bf90f3ee52fc/details,ir.divar,a954e0419e34ff0779ef5186f06a985b42fd3db07bb03764aa7ff4bf21931baf,true,true,true,false,absent,receiver_class_absent,absent,absent,absent,,,signed APK; DEX and direct relay scan
11.1.14,229902060,2020-04-25,KernApk upload listing,2020-04-25,2020-04-25T15:12:26Z,84c3d0ceff9d635187187e41c146bc7b3415fa9cbbd9b3ecf96f049bf71ff156,https://kernapk.nl/downloaden/divar/1363451,https://www.virustotal.com/gui/file/84c3d0ceff9d635187187e41c146bc7b3415fa9cbbd9b3ecf96f049bf71ff156/details,ir.divar,a954e0419e34ff0779ef5186f06a985b42fd3db07bb03764aa7ff4bf21931baf,true,true,true,false,absent,receiver_class_absent,absent,absent,absent,,,signed APK; DEX and direct relay scan
11.1.15,229902130,2020-05-02,VirusTotal first submission,2020-05-04,2020-05-02T23:27:39Z,56810ea709a87c23aff64bde29f5e0b70081a599f82b5485fbbd3c89e9bef7f6,https://kernapk.nl/downloaden/divar/1368241,https://www.virustotal.com/gui/file/56810ea709a87c23aff64bde29f5e0b70081a599f82b5485fbbd3c89e9bef7f6/details,ir.divar,a954e0419e34ff0779ef5186f06a985b42fd3db07bb03764aa7ff4bf21931baf,true,true,true,false,absent,receiver_class_absent,absent,absent,absent,,,signed APK; DEX and direct relay scan
11.1.16,229902270,2020-05-17,KernApk upload listing,2020-05-17,2020-05-17T14:25:36Z,fe4c3c4b6f4ee345cddbeb2cb1c8ce6c17e74c1b2a153697c67df88a26517d6c,https://kernapk.nl/downloaden/divar/1377055,https://www.virustotal.com/gui/file/fe4c3c4b6f4ee345cddbeb2cb1c8ce6c17e74c1b2a153697c67df88a26517d6c/details,ir.divar,a954e0419e34ff0779ef5186f06a985b42fd3db07bb03764aa7ff4bf21931baf,true,true,true,false,absent,receiver_class_absent,absent,absent,absent,,,signed APK; DEX and direct relay scan
11.1.17,229903100,2020-05-31,VirusTotal first submission,2020-06-02,2020-05-31T16:42:54Z,5a0b2966060eee4560a04ae8916f6e4e9ba58adfa87aa59f646207af757dea1e,https://kernapk.nl/downloaden/divar/1392403,https://www.virustotal.com/gui/file/5a0b2966060eee4560a04ae8916f6e4e9ba58adfa87aa59f646207af757dea1e/details,ir.divar,a954e0419e34ff0779ef5186f06a985b42fd3db07bb03764aa7ff4bf21931baf,true,true,true,false,absent,receiver_class_absent,absent,absent,absent,,,signed APK; DEX and direct relay scan
11.1.18,229903161,2020-06-06,VirusTotal first submission,2020-06-13,2020-06-06T13:21:33Z,e449ba0697f449c58b1ed37c47d834e150d30d1c759ad0ff4d4f2709d34c9777,https://kernapk.nl/downloaden/divar/1403731,https://www.virustotal.com/gui/file/e449ba0697f449c58b1ed37c47d834e150d30d1c759ad0ff4d4f2709d34c9777/details,ir.divar,a954e0419e34ff0779ef5186f06a985b42fd3db07bb03764aa7ff4bf21931baf,true,true,true,false,absent,receiver_class_absent,absent,absent,absent,,,signed APK; DEX and direct relay scan
11.1.19,229903240,2020-06-14,VirusTotal first submission,2020-06-25,2020-06-14T18:40:02Z,15241014201273c2265618d03432f5e2e74bfbd6e59622583286d5cf29adf473,https://kernapk.nl/downloaden/divar/1418066,https://www.virustotal.com/gui/file/15241014201273c2265618d03432f5e2e74bfbd6e59622583286d5cf29adf473/details,ir.divar,a954e0419e34ff0779ef5186f06a985b42fd3db07bb03764aa7ff4bf21931baf,true,true,true,false,absent,receiver_class_absent,absent,absent,absent,,,signed APK; DEX and direct relay scan
11.1.20,229904090,2020-06-29,VirusTotal first submission,2021-02-19,2020-06-29T17:12:53Z,8ea721e8c94d7c57b1997bf969066ace221d1a149110eae562da3c34d269cc3a,https://divar.en.uptodown.com/android/download/3269449,https://www.virustotal.com/gui/file/8ea721e8c94d7c57b1997bf969066ace221d1a149110eae562da3c34d269cc3a/details,ir.divar,a954e0419e34ff0779ef5186f06a985b42fd3db07bb03764aa7ff4bf21931baf,true,true,true,false,absent,receiver_class_absent,absent,absent,absent,,,signed APK; DEX and direct relay scan
11.1.21,229904210,2020-07-11,VirusTotal first submission,2020-07-13,2020-07-11T21:03:08Z,5f4da853ab002037dbe425d063228268ccaa4fd1b1d58320ca5f6dd5561d2f45,https://kernapk.nl/downloaden/divar/1435570,https://www.virustotal.com/gui/file/5f4da853ab002037dbe425d063228268ccaa4fd1b1d58320ca5f6dd5561d2f45/details,ir.divar,a954e0419e34ff0779ef5186f06a985b42fd3db07bb03764aa7ff4bf21931baf,true,true,true,false,absent,receiver_class_absent,absent,absent,absent,,,signed APK; DEX and direct relay scan
11.1.22,229905040,2020-07-25,VirusTotal first submission,2020-08-06,2020-07-25T17:05:41Z,b12d16853527275ed878110d25e42ba54dc70f1a9a67beb5f6d3989ce7f50282,https://kernapk.nl/downloaden/divar/1474084,https://www.virustotal.com/gui/file/b12d16853527275ed878110d25e42ba54dc70f1a9a67beb5f6d3989ce7f50282/details,ir.divar,a954e0419e34ff0779ef5186f06a985b42fd3db07bb03764aa7ff4bf21931baf,true,true,true,false,absent,receiver_class_absent,absent,absent,absent,,,signed APK; DEX and direct relay scan
11.1.22,229905040,2020-07-26,VirusTotal first submission,2021-04-17,2020-07-26T15:29:15Z,66b234208871f118bc77889278025674b438e98eb4f4fce65f0e4fe7b70a9edc,https://divar.en.uptodown.com/android/download/3533279,https://www.virustotal.com/gui/file/66b234208871f118bc77889278025674b438e98eb4f4fce65f0e4fe7b70a9edc/details,ir.divar,a954e0419e34ff0779ef5186f06a985b42fd3db07bb03764aa7ff4bf21931baf,true,true,true,false,absent,receiver_class_absent,absent,absent,absent,,,signed APK; DEX and direct relay scan
11.1.24,229905200,2020-08-10,VirusTotal first submission,2020-08-20,2020-08-10T21:40:58Z,05ef5792e823f3ec2ad4a99209ff392c0d9df32de77fc906cc71a296df06bfd0,https://kernapk.nl/downloaden/divar/1490227,https://www.virustotal.com/gui/file/05ef5792e823f3ec2ad4a99209ff392c0d9df32de77fc906cc71a296df06bfd0/details,ir.divar,a954e0419e34ff0779ef5186f06a985b42fd3db07bb03764aa7ff4bf21931baf,true,true,true,false,absent,receiver_class_absent,absent,absent,absent,,,signed APK; DEX and direct relay scan
11.1.24,229905200,2020-08-11,VirusTotal first submission,2025-07-13,2020-08-11T20:41:41Z,e8345bd1fa401cd5acee61611afb23d9dccad91b43b788b72e8d64017dbc16d2,https://divar.en.uptodown.com/android/download/1092454872,https://www.virustotal.com/gui/file/e8345bd1fa401cd5acee61611afb23d9dccad91b43b788b72e8d64017dbc16d2/details,ir.divar,a954e0419e34ff0779ef5186f06a985b42fd3db07bb03764aa7ff4bf21931baf,true,true,true,false,absent,receiver_class_absent,absent,absent,absent,,,signed APK; DEX and direct relay scan
11.1.26,229906020,2020-08-24,VirusTotal first submission,2020-08-30,2020-08-24T10:30:03Z,b4efc08866fb37c6de22dd286e64772f246ad7505317f131a3bb823fe6442f3d,https://kernapk.nl/downloaden/divar/1504393,https://www.virustotal.com/gui/file/b4efc08866fb37c6de22dd286e64772f246ad7505317f131a3bb823fe6442f3d/details,ir.divar,a954e0419e34ff0779ef5186f06a985b42fd3db07bb03764aa7ff4bf21931baf,true,true,true,false,absent,receiver_class_absent,absent,absent,absent,,,signed APK; DEX and direct relay scan
11.1.26,229906020,2020-08-25,VirusTotal first submission,2022-05-31,2020-08-25T04:46:41Z,8488ada34d97f86de8640469e432d2faf7871087fd30480e78beafadd8a973dd,https://divar.en.uptodown.com/android/download/65149074,https://www.virustotal.com/gui/file/8488ada34d97f86de8640469e432d2faf7871087fd30480e78beafadd8a973dd/details,ir.divar,a954e0419e34ff0779ef5186f06a985b42fd3db07bb03764aa7ff4bf21931baf,true,true,true,false,absent,receiver_class_absent,absent,absent,absent,,,signed APK; DEX and direct relay scan
11.1.27,229906150,2020-09-06,VirusTotal first submission,2020-09-21,2020-09-06T04:33:27Z,42796583b9dce270d5c56b7b4a915f98aa26b47a4fd9b6a94c6ffeb24f16fcc3,https://divar.en.uptodown.com/android/download/2535920,https://www.virustotal.com/gui/file/42796583b9dce270d5c56b7b4a915f98aa26b47a4fd9b6a94c6ffeb24f16fcc3/details,ir.divar,a954e0419e34ff0779ef5186f06a985b42fd3db07bb03764aa7ff4bf21931baf,true,true,true,false,absent,receiver_class_absent,absent,absent,absent,,,signed APK; DEX and direct relay scan
11.1.27,229906150,2020-09-07,VirusTotal first submission,2020-09-11,2020-09-07T19:19:54Z,720ef53eb1161218ccac3f00b780c45cd3781bc06574a94bf24f362d753a8693,https://kernapk.nl/downloaden/divar/1521136,https://www.virustotal.com/gui/file/720ef53eb1161218ccac3f00b780c45cd3781bc06574a94bf24f362d753a8693/details,ir.divar,a954e0419e34ff0779ef5186f06a985b42fd3db07bb03764aa7ff4bf21931baf,true,true,true,false,absent,receiver_class_absent,absent,absent,absent,,,signed APK; DEX and direct relay scan
11.2.1,229906300,2020-09-21,VirusTotal first submission,2020-09-29,2020-09-21T10:30:29Z,52e66cefc3117bcb84e2b8f94cc508caf59dd53a7503a312fe6d915f332cba23,https://kernapk.nl/downloaden/divar/1538681,https://www.virustotal.com/gui/file/52e66cefc3117bcb84e2b8f94cc508caf59dd53a7503a312fe6d915f332cba23/details,ir.divar,a954e0419e34ff0779ef5186f06a985b42fd3db07bb03764aa7ff4bf21931baf,true,true,true,false,absent,receiver_class_absent,absent,absent,absent,,,signed APK; DEX and direct relay scan
11.2.1,229906300,2020-09-22,VirusTotal first submission,2021-03-30,2020-09-22T06:30:34Z,8bf2f72b9c89e0c3604b5e442cd20b350c617ce804b693983db1400cf112ce83,https://divar.en.uptodown.com/android/download/3415471,https://www.virustotal.com/gui/file/8bf2f72b9c89e0c3604b5e442cd20b350c617ce804b693983db1400cf112ce83/details,ir.divar,a954e0419e34ff0779ef5186f06a985b42fd3db07bb03764aa7ff4bf21931baf,true,true,true,false,absent,receiver_class_absent,absent,absent,absent,,,signed APK; DEX and direct relay scan
11.2.3,229907130,2020-10-05,KernApk upload listing,2020-10-05,2020-10-05T11:45:31Z,f05d5aea3c7e6dad81daba5e1465e01981c7391ee7736cfc676f4c507051aa70,https://kernapk.nl/downloaden/divar/1546907,https://www.virustotal.com/gui/file/f05d5aea3c7e6dad81daba5e1465e01981c7391ee7736cfc676f4c507051aa70/details,ir.divar,a954e0419e34ff0779ef5186f06a985b42fd3db07bb03764aa7ff4bf21931baf,true,true,true,false,absent,receiver_class_absent,absent,absent,absent,,,signed APK; DEX and direct relay scan
11.2.3,229907130,2020-10-07,VirusTotal first submission,2022-06-15,2020-10-07T09:40:14Z,85490e491a18a8c0d953a634a8ce1bfd273826083e5696fa4a43b1ddd3eb3de8,https://divar.en.uptodown.com/android/download/72219841,https://www.virustotal.com/gui/file/85490e491a18a8c0d953a634a8ce1bfd273826083e5696fa4a43b1ddd3eb3de8/details,ir.divar,a954e0419e34ff0779ef5186f06a985b42fd3db07bb03764aa7ff4bf21931baf,true,true,true,false,absent,receiver_class_absent,absent,absent,absent,,,signed APK; DEX and direct relay scan
11.2.4,229907270,2020-10-19,VirusTotal first submission,2020-10-25,2020-10-19T15:41:55Z,cde24fdc7052bb89c2e0500a61a611e126e9cf48ce2954e0cd3eb1197bc226d9,https://kernapk.nl/downloaden/divar/1561033,https://www.virustotal.com/gui/file/cde24fdc7052bb89c2e0500a61a611e126e9cf48ce2954e0cd3eb1197bc226d9/details,ir.divar,a954e0419e34ff0779ef5186f06a985b42fd3db07bb03764aa7ff4bf21931baf,true,true,true,false,absent,receiver_class_absent,absent,absent,absent,,,signed APK; DEX and direct relay scan
11.2.4,229907270,2020-10-20,VirusTotal first submission,2020-12-19,2020-10-20T21:31:47Z,10a7a3534adea066a2ab21a46e4f269aa55eb4dd9f9c30fc52b0ac6f59f4cb5b,https://divar.en.uptodown.com/android/download/3073494,https://www.virustotal.com/gui/file/10a7a3534adea066a2ab21a46e4f269aa55eb4dd9f9c30fc52b0ac6f59f4cb5b/details,ir.divar,a954e0419e34ff0779ef5186f06a985b42fd3db07bb03764aa7ff4bf21931baf,true,true,true,false,absent,receiver_class_absent,absent,absent,absent,,,signed APK; DEX and direct relay scan
11.2.5,229908100,2020-11-01,VirusTotal first submission,2020-11-05,2020-11-01T14:06:57Z,b8d17402587f6e633615a1e3e5c211d2bd30ecb5c938d13cb1ca15b94d0ce6cb,https://kernapk.nl/downloaden/divar/1573696,https://www.virustotal.com/gui/file/b8d17402587f6e633615a1e3e5c211d2bd30ecb5c938d13cb1ca15b94d0ce6cb/details,ir.divar,a954e0419e34ff0779ef5186f06a985b42fd3db07bb03764aa7ff4bf21931baf,true,true,true,false,absent,receiver_class_absent,absent,absent,absent,,,signed APK; DEX and direct relay scan
11.2.5,229908100,2020-11-02,VirusTotal first submission,2022-05-22,2020-11-02T11:06:16Z,3dd8eb0885d5c2cc6c39464d4c22432d5ae76cd6cd924ff7156f567e2ffbbc23,https://divar.en.uptodown.com/android/download/60624701,https://www.virustotal.com/gui/file/3dd8eb0885d5c2cc6c39464d4c22432d5ae76cd6cd924ff7156f567e2ffbbc23/details,ir.divar,a954e0419e34ff0779ef5186f06a985b42fd3db07bb03764aa7ff4bf21931baf,true,true,true,false,absent,receiver_class_absent,absent,absent,absent,,,signed APK; DEX and direct relay scan
11.2.6,229908250,2020-11-15,VirusTotal first submission,2022-05-22,2020-11-15T23:32:18Z,544af718216460f5916d7ad6b510e47c7c49eb48e83357fa887ddb6d5e771a57,https://divar.en.uptodown.com/android/download/60447865,https://www.virustotal.com/gui/file/544af718216460f5916d7ad6b510e47c7c49eb48e83357fa887ddb6d5e771a57/details,ir.divar,a954e0419e34ff0779ef5186f06a985b42fd3db07bb03764aa7ff4bf21931baf,true,true,true,false,absent,receiver_class_absent,absent,absent,absent,,,signed APK; DEX and direct relay scan
11.2.8,229908280,2020-11-19,VirusTotal first submission,2020-11-29,2020-11-19T11:14:38Z,24e47fa63f6d493b3fca2f06a446958ab680b6aaa1bc3feb64597e2e6190e9bc,https://kernapk.nl/downloaden/divar/1587621,https://www.virustotal.com/gui/file/24e47fa63f6d493b3fca2f06a446958ab680b6aaa1bc3feb64597e2e6190e9bc/details,ir.divar,a954e0419e34ff0779ef5186f06a985b42fd3db07bb03764aa7ff4bf21931baf,true,true,true,false,absent,receiver_class_absent,absent,absent,absent,,,signed APK; DEX and direct relay scan
11.2.8,229908280,2020-11-20,VirusTotal first submission,2022-05-21,2020-11-20T16:50:50Z,9f1e2dcf0727be1ef51bdc34521ab1a5acd40f6e5ca28b9b41c31c3c5bf3d66a,https://divar.en.uptodown.com/android/download/59795149,https://www.virustotal.com/gui/file/9f1e2dcf0727be1ef51bdc34521ab1a5acd40f6e5ca28b9b41c31c3c5bf3d66a/details,ir.divar,a954e0419e34ff0779ef5186f06a985b42fd3db07bb03764aa7ff4bf21931baf,true,true,true,false,absent,receiver_class_absent,absent,absent,absent,,,signed APK; DEX and direct relay scan
11.2.9,229909080,2020-11-29,VirusTotal first submission,2020-12-04,2020-11-29T04:35:02Z,e79ab10e86b75f60c92b3378849f72eb186e794fae5bda39199adabe84749ea5,https://kernapk.nl/downloaden/divar/1603694,https://www.virustotal.com/gui/file/e79ab10e86b75f60c92b3378849f72eb186e794fae5bda39199adabe84749ea5/details,ir.divar,a954e0419e34ff0779ef5186f06a985b42fd3db07bb03764aa7ff4bf21931baf,true,true,true,false,absent,receiver_class_absent,absent,absent,absent,,,signed APK; DEX and direct relay scan
11.3.0,229909220,2020-12-13,Uptodown archive lastUpdate,2020-12-13,2020-12-13T04:34:15Z,bcacd2d1ad0c689760aecf95d96f434303285f6cce05b96bb3270bfbd42501e8,https://divar.en.uptodown.com/android/download/3047054,https://www.virustotal.com/gui/file/bcacd2d1ad0c689760aecf95d96f434303285f6cce05b96bb3270bfbd42501e8/details,ir.divar,a954e0419e34ff0779ef5186f06a985b42fd3db07bb03764aa7ff4bf21931baf,true,true,true,false,absent,receiver_class_absent,absent,absent,absent,,,signed APK; DEX and direct relay scan
11.3.1,229909250,2020-12-16,VirusTotal first submission,2020-12-26,2020-12-16T00:49:57Z,def9aa9fc939790c49ba3e84be4789dd1d48861e115acf204425a23e57f8a0b7,https://kernapk.nl/downloaden/divar/1622251,https://www.virustotal.com/gui/file/def9aa9fc939790c49ba3e84be4789dd1d48861e115acf204425a23e57f8a0b7/details,ir.divar,a954e0419e34ff0779ef5186f06a985b42fd3db07bb03764aa7ff4bf21931baf,true,true,true,false,absent,receiver_class_absent,absent,absent,absent,,,signed APK; DEX and direct relay scan
11.3.1,229909250,2020-12-16,VirusTotal first submission,2021-04-27,2020-12-16T23:32:19Z,e6a57bbfd7274964f7c201502623a8671266bbd97dad06e7855147687c79fc56,https://divar.en.uptodown.com/android/download/3574169,https://www.virustotal.com/gui/file/e6a57bbfd7274964f7c201502623a8671266bbd97dad06e7855147687c79fc56/details,ir.divar,a954e0419e34ff0779ef5186f06a985b42fd3db07bb03764aa7ff4bf21931baf,true,true,true,false,absent,receiver_class_absent,absent,absent,absent,,,signed APK; DEX and direct relay scan
11.3.2,229910060,2020-12-27,VirusTotal first submission,2020-12-29,2020-12-27T16:14:38Z,2ed1730998476d69f8f8e541a5066a5b3c3414daaa59e391d3c291a131ed1e35,https://kernapk.nl/downloaden/divar/1626120,https://www.virustotal.com/gui/file/2ed1730998476d69f8f8e541a5066a5b3c3414daaa59e391d3c291a131ed1e35/details,ir.divar,a954e0419e34ff0779ef5186f06a985b42fd3db07bb03764aa7ff4bf21931baf,true,true,true,false,absent,receiver_class_absent,absent,absent,absent,,,signed APK; DEX and direct relay scan
11.3.2,229910060,2020-12-28,Uptodown archive lastUpdate,2020-12-28,2020-12-28T17:54:45Z,a06a2f3602822c249536f5205f3c7b9e082ae9431fc7708ea30d305355fdead3,https://divar.en.uptodown.com/android/download/3094602,https://www.virustotal.com/gui/file/a06a2f3602822c249536f5205f3c7b9e082ae9431fc7708ea30d305355fdead3/details,ir.divar,a954e0419e34ff0779ef5186f06a985b42fd3db07bb03764aa7ff4bf21931baf,true,true,true,false,absent,receiver_class_absent,absent,absent,absent,,,signed APK; DEX and direct relay scan
11.3.3,229910200,2021-01-10,VirusTotal first submission,2021-01-15,2021-01-10T19:48:25Z,28e9ad95d8ce392183e9f933e2200d7343065882a53a6203a4610f4417d5c933,https://kernapk.nl/downloaden/divar/1647366,https://www.virustotal.com/gui/file/28e9ad95d8ce392183e9f933e2200d7343065882a53a6203a4610f4417d5c933/details,ir.divar,a954e0419e34ff0779ef5186f06a985b42fd3db07bb03764aa7ff4bf21931baf,true,true,true,false,absent,receiver_class_absent,absent,absent,absent,,,signed APK; DEX and direct relay scan
11.3.3,229910200,2021-01-10,VirusTotal first submission,2025-08-04,2021-01-10T16:25:54Z,3af40a9a465a553b4abf637b2368fb3db27f5870a44170dfebaf4624bb25d8cb,https://divar.en.uptodown.com/android/download/1098916540,https://www.virustotal.com/gui/file/3af40a9a465a553b4abf637b2368fb3db27f5870a44170dfebaf4624bb25d8cb/details,ir.divar,a954e0419e34ff0779ef5186f06a985b42fd3db07bb03764aa7ff4bf21931baf,true,true,true,false,absent,receiver_class_absent,absent,absent,absent,,,signed APK; DEX and direct relay scan
11.3.4,229911040,2021-01-24,Uptodown archive lastUpdate,2021-01-24,2021-01-24T11:47:05Z,a9a5499d18ecca33031cbbf9ee90a5db56918802955c1862338111f8f47c7bec,https://divar.en.uptodown.com/android/download/3170278,https://www.virustotal.com/gui/file/a9a5499d18ecca33031cbbf9ee90a5db56918802955c1862338111f8f47c7bec/details,ir.divar,a954e0419e34ff0779ef5186f06a985b42fd3db07bb03764aa7ff4bf21931baf,true,true,true,false,absent,absent_known_loader_shortcut,absent,absent,absent,,,signed APK; DEX and direct relay scan
11.3.5,229911060,2021-01-25,KernApk upload listing,2021-01-25,2021-01-26T08:04:11Z,45d6c12a9a295b7133ba01ede91d43a6a597462446505c70bce08d55968bd7fb,https://kernapk.nl/downloaden/divar/1653430,https://www.virustotal.com/gui/file/45d6c12a9a295b7133ba01ede91d43a6a597462446505c70bce08d55968bd7fb/details,ir.divar,a954e0419e34ff0779ef5186f06a985b42fd3db07bb03764aa7ff4bf21931baf,true,true,true,false,absent,absent_known_loader_shortcut,absent,absent,absent,,,signed APK; DEX and direct relay scan
11.3.5,229911060,2021-01-26,VirusTotal first submission,2025-11-11,2021-01-26T14:03:49Z,fa1e251aa025311c160534df401d8b2c9248135697be16add2a0c1dde639763d,https://divar.en.uptodown.com/android/download/1122535982,https://www.virustotal.com/gui/file/fa1e251aa025311c160534df401d8b2c9248135697be16add2a0c1dde639763d/details,ir.divar,a954e0419e34ff0779ef5186f06a985b42fd3db07bb03764aa7ff4bf21931baf,true,true,true,false,absent,absent_known_loader_shortcut,absent,absent,absent,,,signed APK; DEX and direct relay scan
11.3.6,229911180,2021-02-08,VirusTotal first submission,2021-02-17,2021-02-08T04:05:27Z,67cbed83b86164f249f8943e53f3a5bda241f31b220bc04c327e9367e6fcb1ef,https://kernapk.nl/downloaden/divar/1677259,https://www.virustotal.com/gui/file/67cbed83b86164f249f8943e53f3a5bda241f31b220bc04c327e9367e6fcb1ef/details,ir.divar,a954e0419e34ff0779ef5186f06a985b42fd3db07bb03764aa7ff4bf21931baf,true,true,true,false,absent,absent_known_loader_shortcut,absent,absent,absent,,,signed APK; DEX and direct relay scan
11.3.6,229911180,2021-02-12,VirusTotal first submission,2025-08-07,2021-02-12T21:10:06Z,e93eea31041f3b8ff4a01f5cf278a5c09cc46e49ded0c68e1b90c2b39059088e,https://divar.en.uptodown.com/android/download/1099793976,https://www.virustotal.com/gui/file/e93eea31041f3b8ff4a01f5cf278a5c09cc46e49ded0c68e1b90c2b39059088e/details,ir.divar,a954e0419e34ff0779ef5186f06a985b42fd3db07bb03764aa7ff4bf21931baf,true,true,true,false,absent,absent_known_loader_shortcut,absent,absent,absent,,,signed APK; DEX and direct relay scan
11.3.7,229912020,2021-02-22,VirusTotal first submission,2021-02-26,2021-02-22T02:41:49Z,541f3afc56402c82fc08d35aea5a7c7e4113e2874aa8a7ab5c34edb1ce404c55,https://kernapk.nl/downloaden/divar/1685439,https://www.virustotal.com/gui/file/541f3afc56402c82fc08d35aea5a7c7e4113e2874aa8a7ab5c34edb1ce404c55/details,ir.divar,a954e0419e34ff0779ef5186f06a985b42fd3db07bb03764aa7ff4bf21931baf,true,true,true,false,absent,absent_known_loader_shortcut,absent,absent,absent,,,signed APK; DEX and direct relay scan
11.3.8,229912160,2021-03-08,VirusTotal first submission,2021-03-09,2021-03-08T15:30:24Z,30c854559a7c93f62f2cb99985ef732702f17d14243b3edbb10d8bd1f5e09bb0,https://kernapk.nl/downloaden/divar/1693777,https://www.virustotal.com/gui/file/30c854559a7c93f62f2cb99985ef732702f17d14243b3edbb10d8bd1f5e09bb0/details,ir.divar,a954e0419e34ff0779ef5186f06a985b42fd3db07bb03764aa7ff4bf21931baf,true,true,true,false,absent,absent_known_loader_shortcut,absent,absent,absent,,,signed APK; DEX and direct relay scan
11.3.9,229912250,2021-03-18,VirusTotal first submission,2025-01-23,2021-03-18T05:46:33Z,cb8fec64b0c4a7480698c9ff7fceb3d2d0e94df12b822fbf4c581f0c033b7ddc,https://divar.en.uptodown.com/android/download/1046405575,https://www.virustotal.com/gui/file/cb8fec64b0c4a7480698c9ff7fceb3d2d0e94df12b822fbf4c581f0c033b7ddc/details,ir.divar,a954e0419e34ff0779ef5186f06a985b42fd3db07bb03764aa7ff4bf21931baf,true,true,true,false,absent,absent_known_loader_shortcut,absent,absent,absent,,,signed APK; DEX and direct relay scan
11.3.9,229912250,2021-04-06,VirusTotal first submission,2021-04-07,2021-04-06T08:28:55Z,8adecbe44c8156baba8c2968388c00ca603a2b195e87ffd9d514863cce067499,https://kernapk.nl/downloaden/divar/1715141,https://www.virustotal.com/gui/file/8adecbe44c8156baba8c2968388c00ca603a2b195e87ffd9d514863cce067499/details,ir.divar,a954e0419e34ff0779ef5186f06a985b42fd3db07bb03764aa7ff4bf21931baf,true,true,true,false,absent,absent_known_loader_shortcut,absent,absent,absent,,,signed APK; DEX and direct relay scan
11.4.0,230001210,2021-04-12,Uptodown archive lastUpdate,2021-04-12,2021-04-17T09:48:03Z,7fd1c8b528f9590222b206d2732d8b97cf73038e0011f665835fa4023d012b42,https://divar.en.uptodown.com/android/download/3493897,https://www.virustotal.com/gui/file/7fd1c8b528f9590222b206d2732d8b97cf73038e0011f665835fa4023d012b42/details,ir.divar,a954e0419e34ff0779ef5186f06a985b42fd3db07bb03764aa7ff4bf21931baf,true,true,true,false,absent,absent_known_loader_shortcut,absent,absent,absent,,,signed APK; DEX and direct relay scan
11.4.0,230001210,2021-04-14,VirusTotal first submission,2021-04-15,2021-04-14T14:08:19Z,36d07ed69d4c16d68a37fea5cc82c14bf6a8e8d0116caccb534fc3d562ff1792,https://kernapk.nl/downloaden/divar/1732989,https://www.virustotal.com/gui/file/36d07ed69d4c16d68a37fea5cc82c14bf6a8e8d0116caccb534fc3d562ff1792/details,ir.divar,a954e0419e34ff0779ef5186f06a985b42fd3db07bb03764aa7ff4bf21931baf,true,true,true,false,absent,absent_known_loader_shortcut,absent,absent,absent,,,signed APK; DEX and direct relay scan
11.4.1,230002040,2021-04-26,KernApk upload listing,2021-04-26,2021-04-26T17:09:02Z,5f741ae273ef44cbc359cffba78d4c68f0ce7279854cf04230879e06c9ede23a,https://kernapk.nl/downloaden/divar/1745478,https://www.virustotal.com/gui/file/5f741ae273ef44cbc359cffba78d4c68f0ce7279854cf04230879e06c9ede23a/details,ir.divar,a954e0419e34ff0779ef5186f06a985b42fd3db07bb03764aa7ff4bf21931baf,true,true,true,false,absent,absent_known_loader_shortcut,absent,absent,absent,,,signed APK; DEX and direct relay scan
11.4.1,230002040,2021-05-01,VirusTotal first submission,2025-08-18,2021-05-01T14:54:51Z,fefd2528293dc47ecaa54bd7983ad7dff477a9c20a76f84b24bd9d6b9f81d45d,https://divar.en.uptodown.com/android/download/1102736520,https://www.virustotal.com/gui/file/fefd2528293dc47ecaa54bd7983ad7dff477a9c20a76f84b24bd9d6b9f81d45d/details,ir.divar,a954e0419e34ff0779ef5186f06a985b42fd3db07bb03764aa7ff4bf21931baf,true,true,true,false,absent,absent_known_loader_shortcut,absent,absent,absent,,,signed APK; DEX and direct relay scan
11.4.2,230002180,2021-05-08,VirusTotal first submission,2021-05-16,2021-05-08T20:55:30Z,21413d1faf330da4d2501b8b7df37703ebba00d456d4b19895c83de6f9adb144,https://kernapk.nl/downloaden/divar/1765368,https://www.virustotal.com/gui/file/21413d1faf330da4d2501b8b7df37703ebba00d456d4b19895c83de6f9adb144/details,ir.divar,a954e0419e34ff0779ef5186f06a985b42fd3db07bb03764aa7ff4bf21931baf,true,true,true,false,absent,absent_known_loader_shortcut,absent,absent,absent,,,signed APK; DEX and direct relay scan
11.4.2,230002180,2021-05-12,VirusTotal first submission,2021-05-17,2021-05-12T06:01:24Z,6bb216933f2ac1901963a133bd463b9a4bbac148b200586f47f0fca9ef591b56,https://divar.en.uptodown.com/android/download/3684045,https://www.virustotal.com/gui/file/6bb216933f2ac1901963a133bd463b9a4bbac148b200586f47f0fca9ef591b56/details,ir.divar,a954e0419e34ff0779ef5186f06a985b42fd3db07bb03764aa7ff4bf21931baf,true,true,true,false,absent,absent_known_loader_shortcut,absent,absent,absent,,,signed APK; DEX and direct relay scan
11.4.3,230003020,2021-05-24,VirusTotal first submission,2024-12-28,2021-05-24T17:56:04Z,76abcd39fe0f1f8a0ec0c76834a1d46b2fd57e7e363ba5fdddfbec7ef3479446,https://divar.en.uptodown.com/android/download/1043184562,https://www.virustotal.com/gui/file/76abcd39fe0f1f8a0ec0c76834a1d46b2fd57e7e363ba5fdddfbec7ef3479446/details,ir.divar,a954e0419e34ff0779ef5186f06a985b42fd3db07bb03764aa7ff4bf21931baf,true,true,true,false,absent,absent_known_loader_shortcut,absent,absent,absent,,,signed APK; DEX and direct relay scan
11.4.3,230003020,2021-05-31,KernApk upload listing,2021-05-31,2021-05-31T21:02:09Z,c637a98da327eb9c6f4e4382b209b43d857dec3a5ee06cad45be62f4b4d28047,https://kernapk.nl/downloaden/divar/1774840,https://www.virustotal.com/gui/file/c637a98da327eb9c6f4e4382b209b43d857dec3a5ee06cad45be62f4b4d28047/details,ir.divar,a954e0419e34ff0779ef5186f06a985b42fd3db07bb03764aa7ff4bf21931baf,true,true,true,false,absent,absent_known_loader_shortcut,absent,absent,absent,,,signed APK; DEX and direct relay scan
11.4.5,230003180,2021-06-09,VirusTotal first submission,2022-05-13,2021-06-09T21:43:08Z,353d21e45877bba97dccd5a71a55d206129f00195a141c187060b222c2e66a2f,https://divar.en.uptodown.com/android/download/4874005,https://www.virustotal.com/gui/file/353d21e45877bba97dccd5a71a55d206129f00195a141c187060b222c2e66a2f/details,ir.divar,a954e0419e34ff0779ef5186f06a985b42fd3db07bb03764aa7ff4bf21931baf,true,true,true,false,absent,absent_known_loader_shortcut,absent,absent,absent,,,signed APK; DEX and direct relay scan
11.4.5,230003180,2021-06-10,KernApk upload listing,2021-06-10,2021-06-12T06:57:54Z,d5ae63444e1d3402683d088dfcd48d004e5c68db8c3b7b50ed78fe98413ab021,https://kernapk.nl/downloaden/divar/1781596,https://www.virustotal.com/gui/file/d5ae63444e1d3402683d088dfcd48d004e5c68db8c3b7b50ed78fe98413ab021/details,ir.divar,a954e0419e34ff0779ef5186f06a985b42fd3db07bb03764aa7ff4bf21931baf,true,true,true,false,absent,absent_known_loader_shortcut,absent,absent,absent,,,signed APK; DEX and direct relay scan
11.4.6,230003290,2021-06-20,VirusTotal first submission,2025-01-26,2021-06-20T23:17:14Z,de4890345129542a73fb72ef1cf0b6050c889101e9703cc40a3408f3749c093d,https://divar.en.uptodown.com/android/download/1046882997,https://www.virustotal.com/gui/file/de4890345129542a73fb72ef1cf0b6050c889101e9703cc40a3408f3749c093d/details,ir.divar,a954e0419e34ff0779ef5186f06a985b42fd3db07bb03764aa7ff4bf21931baf,true,true,true,false,absent,absent_known_loader_shortcut,absent,absent,absent,,,signed APK; DEX and direct relay scan
11.4.6,230003290,2021-06-21,KernApk upload listing,2021-06-21,2021-06-29T11:25:30Z,883939f87077c7fc20eb67a8197569257e3a2e97a5a229f201c2b8ec482a5559,https://kernapk.nl/downloaden/divar/1803940,https://www.virustotal.com/gui/file/883939f87077c7fc20eb67a8197569257e3a2e97a5a229f201c2b8ec482a5559/details,ir.divar,a954e0419e34ff0779ef5186f06a985b42fd3db07bb03764aa7ff4bf21931baf,true,true,true,false,absent,absent_known_loader_shortcut,absent,absent,absent,,,signed APK; DEX and direct relay scan
11.4.7,230004131,2021-07-06,VirusTotal first submission,2021-07-10,2021-07-06T13:47:44Z,989bac85e5981ec16011354272c175c8870fa129998b0beb25b79c1e7b51105d,https://kernapk.nl/downloaden/divar/1826802,https://www.virustotal.com/gui/file/989bac85e5981ec16011354272c175c8870fa129998b0beb25b79c1e7b51105d/details,ir.divar,a954e0419e34ff0779ef5186f06a985b42fd3db07bb03764aa7ff4bf21931baf,true,true,true,false,absent,absent_known_loader_shortcut,absent,absent,absent,,,signed APK; DEX and direct relay scan
11.4.9,230005090,2021-08-02,VirusTotal first submission,2021-08-09,2021-08-02T14:35:31Z,ba2c2eba854dea53a9a6d2d74a5e7027a0ac634cc1e1e5bfffde707b236a125f,https://kernapk.nl/downloaden/divar/1863193,https://www.virustotal.com/gui/file/ba2c2eba854dea53a9a6d2d74a5e7027a0ac634cc1e1e5bfffde707b236a125f/details,ir.divar,a954e0419e34ff0779ef5186f06a985b42fd3db07bb03764aa7ff4bf21931baf,true,true,true,false,absent,absent_known_loader_shortcut,absent,absent,absent,,,signed APK; DEX and direct relay scan
11.4.11,230005250,2021-08-19,VirusTotal first submission,2021-08-21,2021-08-19T07:32:22Z,4497412456b673298766f687430fd2ebb42ef7bedf9bf9e493be3fe820b99149,https://kernapk.nl/downloaden/divar/1879065,https://www.virustotal.com/gui/file/4497412456b673298766f687430fd2ebb42ef7bedf9bf9e493be3fe820b99149/details,ir.divar,a954e0419e34ff0779ef5186f06a985b42fd3db07bb03764aa7ff4bf21931baf,true,true,true,false,absent,absent_known_loader_shortcut,absent,absent,absent,,,signed APK; DEX and direct relay scan
11.4.12-ALT,230005310,2021-09-01,VirusTotal first submission,2022-07-03,2021-09-01T22:12:25Z,086cbc4e0e94a44786f875b4bd109bb3dc2b2007cc176496c3602e20ef8cbdf4,https://divar.en.uptodown.com/android/download/75655461,https://www.virustotal.com/gui/file/086cbc4e0e94a44786f875b4bd109bb3dc2b2007cc176496c3602e20ef8cbdf4/details,ir.divar,a954e0419e34ff0779ef5186f06a985b42fd3db07bb03764aa7ff4bf21931baf,true,true,true,false,absent,absent_known_loader_shortcut,absent,absent,absent,,,signed APK; DEX and direct relay scan
11.4.13,230006080,2021-09-04,KernApk upload listing,2021-09-04,2021-09-05T02:10:12Z,e80ec68a7bed15348a04f9d866b3e3a5ac886ccd320dea350cfd5cdd4b761b37,https://kernapk.nl/downloaden/divar/1897227,https://www.virustotal.com/gui/file/e80ec68a7bed15348a04f9d866b3e3a5ac886ccd320dea350cfd5cdd4b761b37/details,ir.divar,a954e0419e34ff0779ef5186f06a985b42fd3db07bb03764aa7ff4bf21931baf,true,true,true,false,absent,absent_known_loader_shortcut,absent,absent,absent,,,signed APK; DEX and direct relay scan
11.4.13,230006080,2024-08-18,Uptodown archive lastUpdate,2024-08-18,2024-08-18T04:21:19Z,0e7a27224bcc10865cbf3f9f8461813604cea3033dc8a2dc92b151ad43fe024c,https://divar.en.uptodown.com/android/download/1022303548,https://www.virustotal.com/gui/file/0e7a27224bcc10865cbf3f9f8461813604cea3033dc8a2dc92b151ad43fe024c/details,ir.divar,a954e0419e34ff0779ef5186f06a985b42fd3db07bb03764aa7ff4bf21931baf,true,true,true,false,absent,absent_known_loader_shortcut,absent,absent,absent,,,signed APK; DEX and direct relay scan
11.4.14,230006210,2021-09-14,VirusTotal first submission,2023-03-14,2021-09-14T19:05:05Z,bc6cbbeac3064f97fbe6274168b1d02e74783c0ca0f8c498d00c739d4b23f24a,https://divar.en.uptodown.com/android/download/93338162,https://www.virustotal.com/gui/file/bc6cbbeac3064f97fbe6274168b1d02e74783c0ca0f8c498d00c739d4b23f24a/details,ir.divar,a954e0419e34ff0779ef5186f06a985b42fd3db07bb03764aa7ff4bf21931baf,true,true,true,false,absent,absent_known_loader_shortcut,absent,absent,absent,,,signed APK; DEX and direct relay scan
11.5.0,230007040,2021-09-30,VirusTotal first submission,2022-02-06,2021-09-30T05:28:46Z,b475a439abf00f6edf2bc013bb9af4d36c80f0007eeaa6049c9a81d764fea4f4,https://divar.en.uptodown.com/android/download/4421970,https://www.virustotal.com/gui/file/b475a439abf00f6edf2bc013bb9af4d36c80f0007eeaa6049c9a81d764fea4f4/details,ir.divar,a954e0419e34ff0779ef5186f06a985b42fd3db07bb03764aa7ff4bf21931baf,true,true,true,false,absent,absent_known_loader_shortcut,absent,absent,absent,,,signed APK; DEX and direct relay scan
11.5.1,230007180,2021-10-13,Uptodown archive lastUpdate,2021-10-13,2021-10-13T06:37:18Z,575e8bb4992c5e289c7f41da6eafb94b7d8ad49d978e804fc5af9da8dfe1ec43,https://divar.en.uptodown.com/android/download/4021557,https://www.virustotal.com/gui/file/575e8bb4992c5e289c7f41da6eafb94b7d8ad49d978e804fc5af9da8dfe1ec43/details,ir.divar,a954e0419e34ff0779ef5186f06a985b42fd3db07bb03764aa7ff4bf21931baf,true,true,true,false,absent,absent_known_loader_shortcut,absent,absent,absent,,,signed APK; DEX and direct relay scan
11.5.2,230008030,2021-10-25,VirusTotal first submission,2021-10-28,2021-10-25T14:17:38Z,29e7a7b545be78da7a37f58a064fa728620bbdcd9f15e06c9f77824bd599ed0b,https://divar.en.uptodown.com/android/download/4062990,https://www.virustotal.com/gui/file/29e7a7b545be78da7a37f58a064fa728620bbdcd9f15e06c9f77824bd599ed0b/details,ir.divar,a954e0419e34ff0779ef5186f06a985b42fd3db07bb03764aa7ff4bf21931baf,true,true,true,false,absent,absent_known_loader_shortcut,absent,absent,absent,,,signed APK; DEX and direct relay scan
11.5.3,230008150,2021-11-07,VirusTotal first submission,2022-01-25,2021-11-07T11:46:13Z,b073297b0fa0009c2451a3520f41bfe79f129adcadc159ea9492f0597745283c,https://divar.en.uptodown.com/android/download/4337465,https://www.virustotal.com/gui/file/b073297b0fa0009c2451a3520f41bfe79f129adcadc159ea9492f0597745283c/details,ir.divar,a954e0419e34ff0779ef5186f06a985b42fd3db07bb03764aa7ff4bf21931baf,true,true,true,false,absent,absent_known_loader_shortcut,absent,absent,absent,,,signed APK; DEX and direct relay scan
11.5.5,230009140,2022-01-04,VirusTotal first submission,2022-01-22,2022-01-04T09:46:14Z,26705cdc6378c8189130796c3ea1438ac62a06adbb9cf89f80d1545e719a8169,https://divar.en.uptodown.com/android/download/4302095,https://www.virustotal.com/gui/file/26705cdc6378c8189130796c3ea1438ac62a06adbb9cf89f80d1545e719a8169/details,ir.divar,a954e0419e34ff0779ef5186f06a985b42fd3db07bb03764aa7ff4bf21931baf,true,true,true,false,absent,absent_known_loader_shortcut,absent,absent,absent,,,signed APK; DEX and direct relay scan
11.5.6,230009150,2021-12-08,VirusTotal first submission,2025-08-23,2021-12-08T11:44:59Z,1e447dbc40daf1180102cfc5afce5317750ff2cdde1a01dde8c7edc5c8215123,https://divar.en.uptodown.com/android/download/1103970536,https://www.virustotal.com/gui/file/1e447dbc40daf1180102cfc5afce5317750ff2cdde1a01dde8c7edc5c8215123/details,ir.divar,a954e0419e34ff0779ef5186f06a985b42fd3db07bb03764aa7ff4bf21931baf,true,true,true,false,absent,absent_known_loader_shortcut,absent,absent,absent,,,signed APK; DEX and direct relay scan
11.5.6,230009150,2021-12-11,KernApk upload listing,2021-12-11,2021-12-18T14:09:24Z,3ae81193a30e17976aef4da7f9264c5e08db7fab3c5b24a05331df52eaef2998,https://kernapk.nl/downloaden/divar/2031269,https://www.virustotal.com/gui/file/3ae81193a30e17976aef4da7f9264c5e08db7fab3c5b24a05331df52eaef2998/details,ir.divar,a954e0419e34ff0779ef5186f06a985b42fd3db07bb03764aa7ff4bf21931baf,true,true,true,false,absent,absent_known_loader_shortcut,absent,absent,absent,,,signed APK; DEX and direct relay scan
11.5.7,230009270,2021-12-20,KernApk upload listing,2021-12-20,2021-12-28T01:21:23Z,b19281955e4f575f4b1f1ae6dcb73f4b3da8de4d99a4660f02d83380e3ea4a27,https://kernapk.nl/downloaden/divar/2038190,https://www.virustotal.com/gui/file/b19281955e4f575f4b1f1ae6dcb73f4b3da8de4d99a4660f02d83380e3ea4a27/details,ir.divar,a954e0419e34ff0779ef5186f06a985b42fd3db07bb03764aa7ff4bf21931baf,true,true,true,false,absent,absent_known_loader_shortcut,absent,absent,absent,,,signed APK; DEX and direct relay scan
11.5.9,230010120,2022-01-04,Uptodown archive lastUpdate,2022-01-04,2022-01-04T10:02:08Z,1deca4c562b664755b328581e30dcb869f026eee32280703baa85a7aa95738cc,https://divar.en.uptodown.com/android/download/4231360,https://www.virustotal.com/gui/file/1deca4c562b664755b328581e30dcb869f026eee32280703baa85a7aa95738cc/details,ir.divar,a954e0419e34ff0779ef5186f06a985b42fd3db07bb03764aa7ff4bf21931baf,true,true,true,false,absent,absent_known_loader_shortcut,absent,absent,absent,,,signed APK; DEX and direct relay scan
11.5.10,230010250,2022-01-17,Uptodown archive lastUpdate,2022-01-17,2022-01-17T04:06:16Z,d2394118bea0fa665995ec4c9f3c3258d9ecee95d05c357ccc14cb6567177f4d,https://divar.en.uptodown.com/android/download/4264663,https://www.virustotal.com/gui/file/d2394118bea0fa665995ec4c9f3c3258d9ecee95d05c357ccc14cb6567177f4d/details,ir.divar,a954e0419e34ff0779ef5186f06a985b42fd3db07bb03764aa7ff4bf21931baf,true,true,true,false,absent,absent_known_loader_shortcut,absent,absent,absent,,,signed APK; DEX and direct relay scan
11.5.10,230010250,2022-01-19,KernApk upload listing,2022-01-19,2022-01-26T22:16:35Z,b894dda50c21f7d9cb8819b0459d08749663c2c9d6a1d0fb9642c5fe5a0d07c1,https://kernapk.nl/downloaden/divar/2079608,https://www.virustotal.com/gui/file/b894dda50c21f7d9cb8819b0459d08749663c2c9d6a1d0fb9642c5fe5a0d07c1/details,ir.divar,a954e0419e34ff0779ef5186f06a985b42fd3db07bb03764aa7ff4bf21931baf,true,true,true,false,absent,absent_known_loader_shortcut,absent,absent,absent,,,signed APK; DEX and direct relay scan
11.5.11,230011090,2022-02-02,Uptodown archive lastUpdate,2022-02-02,2022-02-02T11:40:18Z,54960318fa9f5bb78b1975e84da553f3da9da41e835cab25bcf031615a986c61,https://divar.en.uptodown.com/android/download/4401650,https://www.virustotal.com/gui/file/54960318fa9f5bb78b1975e84da553f3da9da41e835cab25bcf031615a986c61/details,ir.divar,a954e0419e34ff0779ef5186f06a985b42fd3db07bb03764aa7ff4bf21931baf,true,true,true,false,absent,absent_known_loader_shortcut,absent,absent,absent,,,signed APK; DEX and direct relay scan
11.5.12,230011100,2022-01-30,VirusTotal first submission,2022-02-10,2022-01-30T19:54:04Z,4ad3f9a33bb979acaedf91f5fe9e5198dd145887fd2f8e525985bbcf2013e8d4,https://apkpure.net/divar/ir.divar/download/11.5.12,https://www.virustotal.com/gui/file/4ad3f9a33bb979acaedf91f5fe9e5198dd145887fd2f8e525985bbcf2013e8d4/details,ir.divar,a954e0419e34ff0779ef5186f06a985b42fd3db07bb03764aa7ff4bf21931baf,true,true,true,false,absent,absent_known_loader_shortcut,absent,absent,absent,,,signed APK; DEX and direct relay scan
11.5.13,230011230,2022-02-13,VirusTotal first submission,2025-09-12,2022-02-13T00:03:38Z,cd2638f1a5c50d4882c13c6036a321f99652d126ce61d5159a6375d5ae437089,https://divar.en.uptodown.com/android/download/1107954364,https://www.virustotal.com/gui/file/cd2638f1a5c50d4882c13c6036a321f99652d126ce61d5159a6375d5ae437089/details,ir.divar,a954e0419e34ff0779ef5186f06a985b42fd3db07bb03764aa7ff4bf21931baf,true,true,true,false,absent,absent_known_loader_shortcut,absent,absent,absent,,,signed APK; DEX and direct relay scan
11.5.13,230011230,2022-02-14,APKPure listing,2022-02-14,2022-02-14T20:09:04Z,d275c72d115037381f90eb756ad7dc939c874b0592fb83b2d7387019d4884a0e,https://apkpure.net/divar/ir.divar/download/11.5.13,https://www.virustotal.com/gui/file/d275c72d115037381f90eb756ad7dc939c874b0592fb83b2d7387019d4884a0e/details,ir.divar,a954e0419e34ff0779ef5186f06a985b42fd3db07bb03764aa7ff4bf21931baf,true,true,true,false,absent,absent_known_loader_shortcut,absent,absent,absent,,,signed APK; DEX and direct relay scan
11.5.14,230012070,2022-02-26,APKPure listing,2022-02-26,2022-03-02T03:15:55Z,bafa261d066a45ba3d4e28005d9f0a51423d96652ff77c46fdbed9211dc47776,https://apkpure.net/divar/ir.divar/download/11.5.14,https://www.virustotal.com/gui/file/bafa261d066a45ba3d4e28005d9f0a51423d96652ff77c46fdbed9211dc47776/details,ir.divar,a954e0419e34ff0779ef5186f06a985b42fd3db07bb03764aa7ff4bf21931baf,true,true,true,false,absent,absent_known_loader_shortcut,absent,absent,absent,,,signed APK; DEX and direct relay scan
11.5.15,230012221,2022-03-14,VirusTotal first submission,2022-03-28,2022-03-14T07:57:30Z,c20d4006688c7ed376c34fdeafe2c7b4dff05884344c7583ab7fdca1f40b9fdf,https://apkpure.net/divar/ir.divar/download/11.5.15,https://www.virustotal.com/gui/file/c20d4006688c7ed376c34fdeafe2c7b4dff05884344c7583ab7fdca1f40b9fdf/details,ir.divar,a954e0419e34ff0779ef5186f06a985b42fd3db07bb03764aa7ff4bf21931baf,true,true,true,false,absent,absent_known_loader_shortcut,absent,absent,absent,,,signed APK; DEX and direct relay scan
11.5.16,230101270,2022-04-19,APKPure listing,2022-04-19,2022-04-19T21:45:22Z,84baa387ab7de4b76a2c35c37daf869d9da2fd996386d9688f4ae252193c3273,https://apkpure.net/divar/ir.divar/download/11.5.16,https://www.virustotal.com/gui/file/84baa387ab7de4b76a2c35c37daf869d9da2fd996386d9688f4ae252193c3273/details,ir.divar,a954e0419e34ff0779ef5186f06a985b42fd3db07bb03764aa7ff4bf21931baf,true,true,true,false,absent,absent_known_loader_shortcut,absent,absent,absent,,,signed APK; DEX and direct relay scan
11.5.17,230102241,2022-05-17,VirusTotal first submission,2022-05-21,2022-05-17T18:22:19Z,f63e1c3b3e8487795d14da9bfdae10657eda4a6f131b9c80942c603f5813cb89,https://kernapk.nl/downloaden/divar/2203169,https://www.virustotal.com/gui/file/f63e1c3b3e8487795d14da9bfdae10657eda4a6f131b9c80942c603f5813cb89/details,ir.divar,a954e0419e34ff0779ef5186f06a985b42fd3db07bb03764aa7ff4bf21931baf,true,true,true,false,absent,absent_known_loader_shortcut,absent,absent,absent,,,signed APK; DEX and direct relay scan
11.5.18,230103070,2022-05-28,Uptodown archive lastUpdate,2022-05-28,2022-05-28T19:05:05Z,2ddcc29661974c22ce5aff40f2d35af793fa488209e5ac5421637b778a0b2e93,https://divar.en.uptodown.com/android/download/63928502,https://www.virustotal.com/gui/file/2ddcc29661974c22ce5aff40f2d35af793fa488209e5ac5421637b778a0b2e93/details,ir.divar,a954e0419e34ff0779ef5186f06a985b42fd3db07bb03764aa7ff4bf21931baf,true,true,true,false,absent,absent_known_loader_shortcut,absent,absent,absent,,,signed APK; DEX and direct relay scan
11.5.18,230103070,2022-05-29,APKPure listing,2022-05-29,2022-05-30T12:18:49Z,7375270a9f33898f2b68806660de74eb16dc9b160a79adf0e39afdb9aee40b75,https://apkpure.net/divar/ir.divar/download/11.5.18,https://www.virustotal.com/gui/file/7375270a9f33898f2b68806660de74eb16dc9b160a79adf0e39afdb9aee40b75/details,ir.divar,a954e0419e34ff0779ef5186f06a985b42fd3db07bb03764aa7ff4bf21931baf,true,true,true,false,absent,absent_known_loader_shortcut,absent,absent,absent,,,signed APK; DEX and direct relay scan
11.6.0,230103220,2022-06-13,Uptodown archive lastUpdate,2022-06-13,2022-06-15T06:13:19Z,0d1a0c7743b396ee1f51040c34cb57fb7aa06923cb2f4862703ef60e8728b174,https://divar.en.uptodown.com/android/download/71110197,https://www.virustotal.com/gui/file/0d1a0c7743b396ee1f51040c34cb57fb7aa06923cb2f4862703ef60e8728b174/details,ir.divar,a954e0419e34ff0779ef5186f06a985b42fd3db07bb03764aa7ff4bf21931baf,true,true,true,false,absent,absent_known_loader_shortcut,absent,absent,absent,,,signed APK; DEX and direct relay scan
11.6.0,230103220,2022-06-18,VirusTotal first submission,2022-06-20,2022-06-18T08:21:33Z,5ce37d97096b9888720b02bb8e16f5a3b4ce76850c64c19613e6caf7c623730b,https://apkpure.net/divar/ir.divar/download/11.6.0,https://www.virustotal.com/gui/file/5ce37d97096b9888720b02bb8e16f5a3b4ce76850c64c19613e6caf7c623730b/details,ir.divar,a954e0419e34ff0779ef5186f06a985b42fd3db07bb03764aa7ff4bf21931baf,true,true,true,false,absent,absent_known_loader_shortcut,absent,absent,absent,,,signed APK; DEX and direct relay scan
11.6.1,230104200,2022-07-12,APKPure listing,2022-07-12,2022-07-12T20:06:26Z,6e8100ad4612882e18991878d6b3746b5007b6a2f1203e9c535f8b0e28af3ca3,https://apkpure.net/divar/ir.divar/download/11.6.1,https://www.virustotal.com/gui/file/6e8100ad4612882e18991878d6b3746b5007b6a2f1203e9c535f8b0e28af3ca3/details,ir.divar,a954e0419e34ff0779ef5186f06a985b42fd3db07bb03764aa7ff4bf21931baf,true,true,true,false,absent,absent_known_loader_shortcut,absent,absent,absent,,,signed APK; DEX and direct relay scan
11.6.2,230104262,2022-07-23,Uptodown archive lastUpdate,2022-07-23,2022-07-27T11:30:00Z,a74498b0d713789b371c8490ef78a22ae77f878a94886b44cb0b35b8dcfa7e9c,https://divar.en.uptodown.com/android/download/77533440,https://www.virustotal.com/gui/file/a74498b0d713789b371c8490ef78a22ae77f878a94886b44cb0b35b8dcfa7e9c/details,ir.divar,a954e0419e34ff0779ef5186f06a985b42fd3db07bb03764aa7ff4bf21931baf,true,true,true,false,absent,absent_known_loader_shortcut,absent,absent,absent,,,signed APK; DEX and direct relay scan
11.6.2,230104262,2022-07-25,APKPure listing,2022-07-25,2022-11-07T01:45:55Z,8a98e29f2c478ae01fb0e1d02f003af58ab2d1a318d2520a96adf0469049137b,https://apkpure.net/divar/ir.divar/download/11.6.2,https://www.virustotal.com/gui/file/8a98e29f2c478ae01fb0e1d02f003af58ab2d1a318d2520a96adf0469049137b/details,ir.divar,a954e0419e34ff0779ef5186f06a985b42fd3db07bb03764aa7ff4bf21931baf,true,true,true,false,absent,absent_known_loader_shortcut,absent,absent,absent,,,signed APK; DEX and direct relay scan
11.6.3,230105090,2022-08-07,APKPure listing,2022-08-07,2022-08-09T11:42:45Z,b2396edd140dcc76702c486ea836988913db052f05cb2c222a2060dd05b7d4cf,https://apkpure.net/divar/ir.divar/download/11.6.3,https://www.virustotal.com/gui/file/b2396edd140dcc76702c486ea836988913db052f05cb2c222a2060dd05b7d4cf/details,ir.divar,a954e0419e34ff0779ef5186f06a985b42fd3db07bb03764aa7ff4bf21931baf,true,true,true,false,absent,absent_known_loader_shortcut,absent,absent,absent,,,signed APK; DEX and direct relay scan
11.6.4,230105230,2022-08-20,APKPure listing,2022-08-20,2023-03-25T20:44:45Z,11f7811d011c46d14b8b6c5433633a598179058a4de242683470c555d92d1c57,https://apkpure.net/divar/ir.divar/download/11.6.4,https://www.virustotal.com/gui/file/11f7811d011c46d14b8b6c5433633a598179058a4de242683470c555d92d1c57/details,ir.divar,a954e0419e34ff0779ef5186f06a985b42fd3db07bb03764aa7ff4bf21931baf,true,true,true,false,absent,absent_known_loader_shortcut,absent,absent,absent,,,signed APK; DEX and direct relay scan
11.6.5,230105231,2022-08-23,APKPure listing,2022-08-23,2022-09-01T16:58:05Z,dca2b9ef9e7a7eef30e2361d7c3c5699ddd4543d25ca0a64b348a65c74d2acdc,https://apkpure.net/divar/ir.divar/download/11.6.5,https://www.virustotal.com/gui/file/dca2b9ef9e7a7eef30e2361d7c3c5699ddd4543d25ca0a64b348a65c74d2acdc/details,ir.divar,a954e0419e34ff0779ef5186f06a985b42fd3db07bb03764aa7ff4bf21931baf,true,true,true,false,absent,absent_known_loader_shortcut,absent,absent,absent,,,signed APK; DEX and direct relay scan
11.6.6,230106060,2022-09-03,APKPure listing,2022-09-03,2022-09-07T05:43:07Z,16e2b665aeb268f47a9edff71956bb9aa1198f2b45c0d9d7b798dc44b7bd2984,https://apkpure.net/divar/ir.divar/download/11.6.6,https://www.virustotal.com/gui/file/16e2b665aeb268f47a9edff71956bb9aa1198f2b45c0d9d7b798dc44b7bd2984/details,ir.divar,a954e0419e34ff0779ef5186f06a985b42fd3db07bb03764aa7ff4bf21931baf,true,true,true,false,absent,absent_known_loader_shortcut,absent,absent,absent,,,signed APK; DEX and direct relay scan
11.6.6,230106060,2022-09-04,Uptodown archive lastUpdate,2022-09-04,2023-02-02T02:29:17Z,030f38b19373c3c37fd8225ca2da29e7fc6de82476844733e3f7bcec86de0355,https://divar.en.uptodown.com/android/download/81284132,https://www.virustotal.com/gui/file/030f38b19373c3c37fd8225ca2da29e7fc6de82476844733e3f7bcec86de0355/details,ir.divar,a954e0419e34ff0779ef5186f06a985b42fd3db07bb03764aa7ff4bf21931baf,true,true,true,false,absent,absent_known_loader_shortcut,absent,absent,absent,,,signed APK; DEX and direct relay scan
11.6.7,230106200,2022-09-18,APKPure listing,2022-09-18,2022-09-20T14:18:01Z,621d26450665af23aafe7b8507258e303af0bdae1ebdacf24bd6737b65976628,https://apkpure.net/divar/ir.divar/download/11.6.7,https://www.virustotal.com/gui/file/621d26450665af23aafe7b8507258e303af0bdae1ebdacf24bd6737b65976628/details,ir.divar,a954e0419e34ff0779ef5186f06a985b42fd3db07bb03764aa7ff4bf21931baf,true,true,true,false,absent,absent_known_loader_shortcut,absent,absent,absent,,,signed APK; DEX and direct relay scan
11.6.8,230107190,2022-10-20,VirusTotal first submission,2022-10-31,2022-10-20T06:47:39Z,d3fca0b0fd25bfff22feb153e9e679f51e2e237a4ad7c8480d9d4e9240ca5333,https://apkpure.net/divar/ir.divar/download/11.6.8,https://www.virustotal.com/gui/file/d3fca0b0fd25bfff22feb153e9e679f51e2e237a4ad7c8480d9d4e9240ca5333/details,ir.divar,a954e0419e34ff0779ef5186f06a985b42fd3db07bb03764aa7ff4bf21931baf,true,true,true,false,absent,absent_known_loader_shortcut,absent,absent,absent,,,signed APK; DEX and direct relay scan
11.6.9,230108151,2022-11-15,Uptodown archive lastUpdate,2022-11-15,2022-12-14T22:55:55Z,cd7e48d6108814b94edfc47c137c742b143881116d679ae37878b468d6291743,https://divar.en.uptodown.com/android/download/86490847,https://www.virustotal.com/gui/file/cd7e48d6108814b94edfc47c137c742b143881116d679ae37878b468d6291743/details,ir.divar,a954e0419e34ff0779ef5186f06a985b42fd3db07bb03764aa7ff4bf21931baf,true,true,true,false,absent,absent_known_loader_shortcut,absent,absent,absent,,,signed APK; DEX and direct relay scan
11.6.10,230108152,2022-11-15,APKPure listing,2022-11-15,2022-11-16T11:45:22Z,7774e17e095c6deaa1f747dc9a67e1db05d0b967cac798d434b3612ea51d661a,https://apkpure.net/divar/ir.divar/download/11.6.10,https://www.virustotal.com/gui/file/7774e17e095c6deaa1f747dc9a67e1db05d0b967cac798d434b3612ea51d661a/details,ir.divar,a954e0419e34ff0779ef5186f06a985b42fd3db07bb03764aa7ff4bf21931baf,true,true,true,false,absent,absent_known_loader_shortcut,absent,absent,absent,,,signed APK; DEX and direct relay scan
11.6.11,230109131,2022-12-20,VirusTotal first submission,2023-01-06,2022-12-20T11:25:02Z,1913e196c39fc80c9d166cd275feaccc186c3cbd50a8681a6e8a8f2e75797db0,https://divar.en.uptodown.com/android/download/87693852,https://www.virustotal.com/gui/file/1913e196c39fc80c9d166cd275feaccc186c3cbd50a8681a6e8a8f2e75797db0/details,ir.divar,a954e0419e34ff0779ef5186f06a985b42fd3db07bb03764aa7ff4bf21931baf,true,true,true,false,absent,absent_known_loader_shortcut,absent,absent,absent,,,signed APK; DEX and direct relay scan
11.6.12,230109132,2022-12-24,VirusTotal first submission,2023-01-13,2022-12-24T05:42:44Z,5edb1b57d26bc3386e4122f5446468841420062b9c06cd09649779564a8c5f5b,https://divar.en.uptodown.com/android/download/88075534,https://www.virustotal.com/gui/file/5edb1b57d26bc3386e4122f5446468841420062b9c06cd09649779564a8c5f5b/details,ir.divar,a954e0419e34ff0779ef5186f06a985b42fd3db07bb03764aa7ff4bf21931baf,true,true,true,false,absent,absent_known_loader_shortcut,absent,absent,absent,,,signed APK; DEX and direct relay scan
11.7.0,230109271,2022-12-27,VirusTotal first submission,2023-01-15,2022-12-27T19:27:58Z,81eac054e24760215302ab4530fb2cfc827490afa70a31ec1ed75a5472ce8da0,https://divar.en.uptodown.com/android/download/88332169,https://www.virustotal.com/gui/file/81eac054e24760215302ab4530fb2cfc827490afa70a31ec1ed75a5472ce8da0/details,ir.divar,a954e0419e34ff0779ef5186f06a985b42fd3db07bb03764aa7ff4bf21931baf,true,true,true,false,absent,absent_known_loader_shortcut,absent,absent,absent,,,signed APK; DEX and direct relay scan
11.7.0,230109271,2022-12-28,APKPure listing,2022-12-28,2023-01-02T10:10:13Z,d2628c93af010996a58001a26f6c075e3517afd8c96b02c6b723b912b6db9b80,https://apkpure.net/divar/ir.divar/download/11.7.0,https://www.virustotal.com/gui/file/d2628c93af010996a58001a26f6c075e3517afd8c96b02c6b723b912b6db9b80/details,ir.divar,a954e0419e34ff0779ef5186f06a985b42fd3db07bb03764aa7ff4bf21931baf,true,true,true,false,absent,absent_known_loader_shortcut,absent,absent,absent,,,signed APK; DEX and direct relay scan
11.7.1-beta,230110110,2023-01-08,APKPure listing,2023-01-08,,aa07b9155fc48cd8c87628f72be6abf928ae54dfa1e1d93f112e982669f98dbd,https://apkpure.net/divar/ir.divar/download/11.7.1-beta,https://www.virustotal.com/gui/file/aa07b9155fc48cd8c87628f72be6abf928ae54dfa1e1d93f112e982669f98dbd/details,ir.divar,a954e0419e34ff0779ef5186f06a985b42fd3db07bb03764aa7ff4bf21931baf,true,true,true,false,absent,absent_known_loader_shortcut,absent,absent,absent,,,signed APK; DEX and direct relay scan
11.7.1,230110111,2023-01-10,APKPure listing,2023-01-10,2023-01-26T17:30:22Z,b2633e9ee9945811b51c7b771392cadb0685d40c7009b1b15a451ec664b62fff,https://apkpure.net/divar/ir.divar/download/11.7.1,https://www.virustotal.com/gui/file/b2633e9ee9945811b51c7b771392cadb0685d40c7009b1b15a451ec664b62fff/details,ir.divar,a954e0419e34ff0779ef5186f06a985b42fd3db07bb03764aa7ff4bf21931baf,true,true,true,false,absent,absent_known_loader_shortcut,absent,absent,absent,,,signed APK; DEX and direct relay scan
11.7.1,230110111,2023-01-13,VirusTotal first submission,2023-01-21,2023-01-13T08:56:34Z,acd0719dca270b74e6f71616a34b2e119ae8d8dee450b966811e24b99493d4d8,https://divar.en.uptodown.com/android/download/88796039,https://www.virustotal.com/gui/file/acd0719dca270b74e6f71616a34b2e119ae8d8dee450b966811e24b99493d4d8/details,ir.divar,a954e0419e34ff0779ef5186f06a985b42fd3db07bb03764aa7ff4bf21931baf,true,true,true,false,absent,absent_known_loader_shortcut,absent,absent,absent,,,signed APK; DEX and direct relay scan
11.7.2-beta,230110250,2023-01-17,APKPure listing,2023-01-17,,e4a2a2bfbb3bb1a69858d4c2f381d446e9d2079007cb7c87bbf141cff95647b1,https://apkpure.net/divar/ir.divar/download/11.7.2-beta,https://www.virustotal.com/gui/file/e4a2a2bfbb3bb1a69858d4c2f381d446e9d2079007cb7c87bbf141cff95647b1/details,ir.divar,a954e0419e34ff0779ef5186f06a985b42fd3db07bb03764aa7ff4bf21931baf,true,true,true,false,absent,absent_known_loader_shortcut,absent,absent,absent,,,signed APK; DEX and direct relay scan
11.7.2,230110251,2023-01-23,APKPure listing,2023-01-23,2023-01-29T05:48:02Z,9dce239269051978fcd3c75cde0b1a597190243642bbbe55244846195b135b90,https://apkpure.net/divar/ir.divar/download/11.7.2,https://www.virustotal.com/gui/file/9dce239269051978fcd3c75cde0b1a597190243642bbbe55244846195b135b90/details,ir.divar,a954e0419e34ff0779ef5186f06a985b42fd3db07bb03764aa7ff4bf21931baf,true,true,true,false,absent,absent_known_loader_shortcut,absent,absent,absent,,,signed APK; DEX and direct relay scan
11.7.3,230111091,2023-02-05,APKPure listing,2023-02-05,2023-02-09T04:13:49Z,39d940e8eebfa314b4492f7f36d208aa669ba7a26d187eb5ea0c376f771a4d97,https://apkpure.net/divar/ir.divar/download/11.7.3,https://www.virustotal.com/gui/file/39d940e8eebfa314b4492f7f36d208aa669ba7a26d187eb5ea0c376f771a4d97/details,ir.divar,a954e0419e34ff0779ef5186f06a985b42fd3db07bb03764aa7ff4bf21931baf,true,true,true,false,absent,absent_known_loader_shortcut,absent,absent,absent,,,signed APK; DEX and direct relay scan
11.7.3,230111091,2023-02-05,Uptodown archive lastUpdate,2023-02-05,2023-02-09T22:11:30Z,fb0980d0584947d965cd017be6cdfe29722c8679a12fb3506daa86cc04416a80,https://divar.en.uptodown.com/android/download/89588588,https://www.virustotal.com/gui/file/fb0980d0584947d965cd017be6cdfe29722c8679a12fb3506daa86cc04416a80/details,ir.divar,a954e0419e34ff0779ef5186f06a985b42fd3db07bb03764aa7ff4bf21931baf,true,true,true,false,absent,absent_known_loader_shortcut,absent,absent,absent,,,signed APK; DEX and direct relay scan
11.7.4-beta,230111180,2023-02-17,APKFab version/variant listing,2023-02-17,,3413462fad51b6ca8f1983f0837533fe564a58895f507f06a1b1089b6dadbb0d,https://apkfab.com/divar/ir.divar/versions,https://www.virustotal.com/gui/file/3413462fad51b6ca8f1983f0837533fe564a58895f507f06a1b1089b6dadbb0d/details,ir.divar,a954e0419e34ff0779ef5186f06a985b42fd3db07bb03764aa7ff4bf21931baf,true,true,true,false,absent,absent_known_loader_shortcut,absent,absent,absent,,,signed APK; DEX and direct relay scan
11.7.4-beta,230111240,2023-02-17,APKPure listing,2023-02-17,2023-02-23T00:13:28Z,e1e872f3c085a1a8e8a8280258287007cca2063148f7fb04bbbac082e3b17b04,https://apkpure.net/divar/ir.divar/download/11.7.4-beta,https://www.virustotal.com/gui/file/e1e872f3c085a1a8e8a8280258287007cca2063148f7fb04bbbac082e3b17b04/details,ir.divar,a954e0419e34ff0779ef5186f06a985b42fd3db07bb03764aa7ff4bf21931baf,true,true,true,false,absent,absent_known_loader_shortcut,absent,absent,absent,,,signed APK; DEX and direct relay scan
11.7.4,230111241,2023-02-26,APKPure listing,2023-02-26,2023-02-26T01:33:26Z,2ace673c5fa11dcc6ad6d38e95fadde4593d86ecb2496a7fc941d8b9f8b1e7c7,https://apkpure.net/divar/ir.divar/download/11.7.4,https://www.virustotal.com/gui/file/2ace673c5fa11dcc6ad6d38e95fadde4593d86ecb2496a7fc941d8b9f8b1e7c7/details,ir.divar,a954e0419e34ff0779ef5186f06a985b42fd3db07bb03764aa7ff4bf21931baf,true,true,true,false,absent,absent_known_loader_shortcut,absent,absent,absent,,,signed APK; DEX and direct relay scan
11.7.5,230112131,2023-03-14,APKPure listing,2023-03-14,2023-03-14T18:07:13Z,75301b49c4869eb4c2238c26147b4bca0d2194cfaebc4294a2924a3a9b82a704,https://apkpure.net/divar/ir.divar/download/11.7.5,https://www.virustotal.com/gui/file/75301b49c4869eb4c2238c26147b4bca0d2194cfaebc4294a2924a3a9b82a704/details,ir.divar,a954e0419e34ff0779ef5186f06a985b42fd3db07bb03764aa7ff4bf21931baf,true,true,true,false,absent,absent_known_loader_shortcut,absent,absent,absent,,,signed APK; DEX and direct relay scan
11.7.6,230201201,2023-04-17,Uptodown archive lastUpdate,2023-04-17,2023-04-17T00:25:47Z,272b7971e2713c898ebabf80987367cd0413d2e38d55e9d5c3983dd19769cd97,https://divar.en.uptodown.com/android/download/98825664,https://www.virustotal.com/gui/file/272b7971e2713c898ebabf80987367cd0413d2e38d55e9d5c3983dd19769cd97/details,ir.divar,a954e0419e34ff0779ef5186f06a985b42fd3db07bb03764aa7ff4bf21931baf,true,true,true,false,absent,absent_known_loader_shortcut,absent,absent,absent,,,signed APK; DEX and direct relay scan
11.7.7,230201203,2023-04-17,APKPure listing,2023-04-17,2023-09-22T01:44:24Z,3144341b4ff3ed757e91103b39d02b76aa88dcf92e65b9314e391d3ddd287b4a,https://apkpure.net/divar/ir.divar/download/11.7.7,https://www.virustotal.com/gui/file/3144341b4ff3ed757e91103b39d02b76aa88dcf92e65b9314e391d3ddd287b4a/details,ir.divar,a954e0419e34ff0779ef5186f06a985b42fd3db07bb03764aa7ff4bf21931baf,true,true,true,false,absent,absent_known_loader_shortcut,absent,absent,absent,,,signed APK; DEX and direct relay scan
11.7.7,230201203,2023-04-18,VirusTotal first submission,2023-04-20,2023-04-18T03:10:45Z,32227ca16759dee1a2e4ca2221298b2efbf0e89c17b9c2e839c437072cd39682,https://divar.en.uptodown.com/android/download/99659618,https://www.virustotal.com/gui/file/32227ca16759dee1a2e4ca2221298b2efbf0e89c17b9c2e839c437072cd39682/details,ir.divar,a954e0419e34ff0779ef5186f06a985b42fd3db07bb03764aa7ff4bf21931baf,true,true,true,false,absent,absent_known_loader_shortcut,absent,absent,absent,,,signed APK; DEX and direct relay scan
11.8.0,230202041,2023-05-03,Uptodown archive lastUpdate,2023-05-03,2023-05-03T12:50:51Z,38acc45dffce9d61eb4f6ff403297073320f1efb54012df1c2d0cc24b2f7dc7a,https://divar.en.uptodown.com/android/download/101590205,https://www.virustotal.com/gui/file/38acc45dffce9d61eb4f6ff403297073320f1efb54012df1c2d0cc24b2f7dc7a/details,ir.divar,a954e0419e34ff0779ef5186f06a985b42fd3db07bb03764aa7ff4bf21931baf,true,true,true,false,absent,absent_known_loader_shortcut,absent,absent,absent,,,signed APK; DEX and direct relay scan
11.8.0,230202041,2023-05-03T21:29:51Z,"VirusTotal first submission for exact SHA-256, not release date",2023-05-03,2023-05-03T21:29:51Z,d6799fbcf14a7e57ec6e801bfc15a53aeba8c51669ccfdebc839d3534de723db,https://apkpure.net/divar/ir.divar/download/11.8.0,https://www.virustotal.com/gui/file/d6799fbcf14a7e57ec6e801bfc15a53aeba8c51669ccfdebc839d3534de723db,ir.divar,a954e0419e34ff0779ef5186f06a985b42fd3db07bb03764aa7ff4bf21931baf,true,true,true,false,absent,shortcut_absent,absent,absent,absent,,,signed APK; all DEX; selected JADX methods
11.8.1,230202172,2023-05-14T18:18:47Z,"VirusTotal first submission for exact SHA-256, not release date",2023-05-15,2023-05-14T18:18:47Z,ee36859f872cf5cf3723f0cfde50adf5c61409a273ff268d6d0660f83c326a81,https://apkpure.net/divar/ir.divar/download/11.8.1,https://www.virustotal.com/gui/file/ee36859f872cf5cf3723f0cfde50adf5c61409a273ff268d6d0660f83c326a81,ir.divar,a954e0419e34ff0779ef5186f06a985b42fd3db07bb03764aa7ff4bf21931baf,true,true,true,false,present,shortcut_present,present,absent,present,body.callback_url,,signed APK; all DEX; selected JADX methods
11.8.2,230202311,2023-05-29T20:56:01Z,"VirusTotal first submission for exact SHA-256, not release date",2023-05-28,2023-05-29T20:56:01Z,caa357ad191d77af83eb5a87471f64be66abd961663164470f4dc55a8b019101,https://apkpure.net/divar/ir.divar/download/11.8.2,https://www.virustotal.com/gui/file/caa357ad191d77af83eb5a87471f64be66abd961663164470f4dc55a8b019101,ir.divar,a954e0419e34ff0779ef5186f06a985b42fd3db07bb03764aa7ff4bf21931baf,true,true,true,false,present,shortcut_present,present,absent,present,body.callback_url,,signed APK; all DEX; selected JADX methods
11.8.3,230203161,2023-06-12T22:21:58Z,"VirusTotal first submission for exact SHA-256, not release date",2023-06-13,2023-06-12T22:21:58Z,15e4a710e995a020f26511930d8efd195e6f3707d4740ac7e2390581fe6e0432,https://apkpure.net/divar/ir.divar/download/11.8.3,https://www.virustotal.com/gui/file/15e4a710e995a020f26511930d8efd195e6f3707d4740ac7e2390581fe6e0432,ir.divar,a954e0419e34ff0779ef5186f06a985b42fd3db07bb03764aa7ff4bf21931baf,true,true,true,false,present,shortcut_present,present,absent,present,body.callback_url,,signed APK; all DEX; selected JADX methods
11.8.4,230203281,2023-06-26,VirusTotal first submission,2023-06-26,2023-06-26T13:22:10Z,abf9cbe26ea6665a7b47ebebed4c467196cc4b7b621c08bcf37d5e0455d01ace,https://divar.en.uptodown.com/android/download/104208560,https://www.virustotal.com/gui/file/abf9cbe26ea6665a7b47ebebed4c467196cc4b7b621c08bcf37d5e0455d01ace/details,ir.divar,a954e0419e34ff0779ef5186f06a985b42fd3db07bb03764aa7ff4bf21931baf,true,true,true,false,absent,known_loader_shortcut_absent,absent,absent,absent,,,signed_APK_Dex_class_and_method_absence
11.8.5,230204111,2023-07-12,VirusTotal first submission,2023-07-15,2023-07-12T12:16:11Z,2cc3886acb7d777c180e98f61aaba2465f19b251ded63558131ebb27659fab8a,https://divar.en.uptodown.com/android/download/105275210,https://www.virustotal.com/gui/file/2cc3886acb7d777c180e98f61aaba2465f19b251ded63558131ebb27659fab8a/details,ir.divar,a954e0419e34ff0779ef5186f06a985b42fd3db07bb03764aa7ff4bf21931baf,true,true,true,false,present,instantiates_worker,present,absent,present,body.callback_url (plain URL),,signed_APK_Dex_method_chain; per-build_JADX_provider_and_worker
11.8.6,230204251,2023-07-24,VirusTotal first submission,2023-07-24,2023-07-24T00:49:03Z,582f49a01474dd164200dc52015e43db38d3abf1553d1b6d5b5e6642655e33f8,https://divar.en.uptodown.com/android/download/105712037,https://www.virustotal.com/gui/file/582f49a01474dd164200dc52015e43db38d3abf1553d1b6d5b5e6642655e33f8/details,ir.divar,a954e0419e34ff0779ef5186f06a985b42fd3db07bb03764aa7ff4bf21931baf,true,true,true,false,absent,known_loader_shortcut_absent,absent,absent,absent,,,signed_APK_Dex_class_and_method_absence
11.9.0,230205081,2023-08-07,VirusTotal first submission,2023-08-07,2023-08-07T04:30:08Z,4292f192844c496a2b75f90f40f1ff789d6c35664ad40641c7a89c0da5e889d0,https://divar.en.uptodown.com/android/download/106419328,https://www.virustotal.com/gui/file/4292f192844c496a2b75f90f40f1ff789d6c35664ad40641c7a89c0da5e889d0/details,ir.divar,a954e0419e34ff0779ef5186f06a985b42fd3db07bb03764aa7ff4bf21931baf,true,true,true,false,present,instantiates_worker,present,absent,present,body.callback_url (plain URL),,signed_APK_Dex_method_chain; per-build_JADX_provider_and_worker
11.9.1,230205082,2023-08-09,VirusTotal first submission,2023-08-09,2023-08-09T08:04:38Z,273c5e66b6398677e9eaaa56b0000ec3f918340d278c17e4416b31f7ea867524,https://divar.en.uptodown.com/android/download/106538889,https://www.virustotal.com/gui/file/273c5e66b6398677e9eaaa56b0000ec3f918340d278c17e4416b31f7ea867524/details,ir.divar,a954e0419e34ff0779ef5186f06a985b42fd3db07bb03764aa7ff4bf21931baf,true,true,true,false,absent,known_loader_shortcut_absent,absent,absent,absent,,,signed_APK_Dex_class_and_method_absence
11.9.2,230819010,2023-08-21,VirusTotal first submission,2023-10-18,2023-08-21T17:11:14Z,f8bfc9211034a4109ac5aec6deff8036bab3b278ec0ff56f25e5d02107a81bfd,https://divar.en.uptodown.com/android/download/110306199,https://www.virustotal.com/gui/file/f8bfc9211034a4109ac5aec6deff8036bab3b278ec0ff56f25e5d02107a81bfd/details,ir.divar,a954e0419e34ff0779ef5186f06a985b42fd3db07bb03764aa7ff4bf21931baf,true,true,true,false,absent,known_loader_shortcut_absent,absent,absent,absent,,,signed_APK_Dex_class_and_method_absence
11.9.3,230822020,2023-08-23,VirusTotal first submission,2023-09-17,2023-08-23T12:50:13Z,61053573a1a15a04e6ea45ca4b8e489bbad9678be067cc3d27da10c6b3f100eb,https://divar.en.uptodown.com/android/download/107804993,https://www.virustotal.com/gui/file/61053573a1a15a04e6ea45ca4b8e489bbad9678be067cc3d27da10c6b3f100eb/details,ir.divar,a954e0419e34ff0779ef5186f06a985b42fd3db07bb03764aa7ff4bf21931baf,true,true,true,false,present,instantiates_worker,present,absent,present,body.callback_url (plain URL),,signed_APK_Dex_method_chain; per-build_JADX_provider_and_worker
11.9.4,230903000,2023-09-05,VirusTotal first submission,2023-09-13,2023-09-05T19:26:10Z,95c4722435f7bc6cfeb230a16b0d53b36b5f62f553594dee4c0576d9982794aa,https://divar.en.uptodown.com/android/download/107480637,https://www.virustotal.com/gui/file/95c4722435f7bc6cfeb230a16b0d53b36b5f62f553594dee4c0576d9982794aa/details,ir.divar,a954e0419e34ff0779ef5186f06a985b42fd3db07bb03764aa7ff4bf21931baf,true,true,true,false,absent,known_loader_shortcut_absent,absent,absent,absent,,,signed_APK_Dex_class_and_method_absence
11.9.5,230911010,2023-09-22,VirusTotal first submission,2023-09-23,2023-09-22T11:33:15Z,284d88348398bf52aa48dabce78be9099d25f670a7cab304582aa9d97d91a4da,https://divar.en.uptodown.com/android/download/108243687,https://www.virustotal.com/gui/file/284d88348398bf52aa48dabce78be9099d25f670a7cab304582aa9d97d91a4da/details,ir.divar,a954e0419e34ff0779ef5186f06a985b42fd3db07bb03764aa7ff4bf21931baf,true,true,true,false,absent,known_loader_shortcut_absent,absent,absent,absent,,,signed_APK_Dex_class_and_method_absence
11.9.6,230925010,2023-12-14,Uptodown archive lastUpdate,2023-12-14,2023-12-15T05:20:08Z,4b6baad65804ba42637bada56d972f8c956e904fbdd7c8cabc35897a4f2af606,https://divar.en.uptodown.com/android/download/117271232,https://www.virustotal.com/gui/file/4b6baad65804ba42637bada56d972f8c956e904fbdd7c8cabc35897a4f2af606/details,ir.divar,a954e0419e34ff0779ef5186f06a985b42fd3db07bb03764aa7ff4bf21931baf,true,true,true,false,present,instantiates_worker,present,absent,present,body.campaign (Base64/XOR 63 encoded URL),0x3f,signed_APK_Dex_method_chain; per-build_JADX_provider_and_worker
11.9.7,230925020,2023-10-03,VirusTotal first submission,2023-10-27,2023-10-03T12:43:49Z,ed7562ae404f7f25ba6dc21ebdd5af01e81e50f282d5a8479eae0cb0415bee65,https://divar.en.uptodown.com/android/download/111618359,https://www.virustotal.com/gui/file/ed7562ae404f7f25ba6dc21ebdd5af01e81e50f282d5a8479eae0cb0415bee65/details,ir.divar,a954e0419e34ff0779ef5186f06a985b42fd3db07bb03764aa7ff4bf21931baf,true,true,true,false,present,instantiates_worker,present,absent,present,body.campaign (Base64/XOR 63 encoded URL),0x3f,signed_APK_Dex_method_chain; per-build_JADX_provider_and_worker
11.9.8,231008010,2023-10-16,VirusTotal first submission,2023-10-18,2023-10-16T17:04:06Z,3a4054a68fdb4156c250ff9f51ab1faabdb7e56529b21f96e0d9e9f7d868d48f,https://divar.en.uptodown.com/android/download/110332869,https://www.virustotal.com/gui/file/3a4054a68fdb4156c250ff9f51ab1faabdb7e56529b21f96e0d9e9f7d868d48f/details,ir.divar,a954e0419e34ff0779ef5186f06a985b42fd3db07bb03764aa7ff4bf21931baf,true,true,true,false,present,instantiates_worker,present,absent,present,body.campaign (Base64/XOR 63 encoded URL),0x3f,signed_APK_Dex_method_chain; per-build_JADX_provider_and_worker
11.9.9,231022010,2023-10-30,VirusTotal first submission,2023-11-01,2023-10-30T13:42:51Z,0c0f91c55fb7a09e4eb0903bfff67819671c1bd232aad4eec3e39126ce61ab68,https://divar.en.uptodown.com/android/download/112458939,https://www.virustotal.com/gui/file/0c0f91c55fb7a09e4eb0903bfff67819671c1bd232aad4eec3e39126ce61ab68/details,ir.divar,a954e0419e34ff0779ef5186f06a985b42fd3db07bb03764aa7ff4bf21931baf,true,true,true,false,present,instantiates_worker,present,absent,present,body.campaign (Base64/XOR 63 encoded URL),0x3f,signed_APK_Dex_method_chain; per-build_JADX_provider_and_worker
11.10.0,231105010,2023-11-13,VirusTotal first submission,2023-11-15,2023-11-13T03:47:59Z,5e999bf5506802ff1450895ae079a6fef927f7cab93e62103fce61dbd845a510,https://divar.en.uptodown.com/android/download/113785530,https://www.virustotal.com/gui/file/5e999bf5506802ff1450895ae079a6fef927f7cab93e62103fce61dbd845a510/details,ir.divar,a954e0419e34ff0779ef5186f06a985b42fd3db07bb03764aa7ff4bf21931baf,true,true,true,false,present,instantiates_worker,present,absent,present,body.campaign (Base64/XOR 63 encoded URL),0x3f,signed_APK_Dex_method_chain; per-build_JADX_provider_and_worker
11.10.1,231119010,2023-11-26,Uptodown archive lastUpdate,2023-11-26,2023-11-29T07:19:35Z,51055520dab6e7b0d7e8c3344d9493dfdc00a74857a0fcfd926d658451c70fe5,https://divar.en.uptodown.com/android/download/115376346,https://www.virustotal.com/gui/file/51055520dab6e7b0d7e8c3344d9493dfdc00a74857a0fcfd926d658451c70fe5/details,ir.divar,a954e0419e34ff0779ef5186f06a985b42fd3db07bb03764aa7ff4bf21931baf,true,true,true,false,present,instantiates_worker,present,absent,present,body.campaign (Base64/XOR 63 encoded URL),0x3f,signed_APK_Dex_method_chain; per-build_JADX_provider_and_worker
11.10.2,231204020,2023-12-10,VirusTotal first submission,2023-12-10,2023-12-10T19:48:06Z,f3e10444baa34b66365794735cefab414a04291d9026d021b1e5ac50927de781,https://divar.en.uptodown.com/android/download/116862224,https://www.virustotal.com/gui/file/f3e10444baa34b66365794735cefab414a04291d9026d021b1e5ac50927de781/details,ir.divar,a954e0419e34ff0779ef5186f06a985b42fd3db07bb03764aa7ff4bf21931baf,true,true,true,false,present,instantiates_worker,present,absent,present,body.campaign (Base64/XOR 63 encoded URL),0x3f,signed_APK_Dex_method_chain; per-build_JADX_provider_and_worker
11.10.3,231218010,2023-12-25,VirusTotal first submission,2023-12-25,2023-12-25T20:27:12Z,414dc672823219b6e1be765d4f0017a00c32949132b6ac999683fbf568e84318,https://divar.en.uptodown.com/android/download/118072739,https://www.virustotal.com/gui/file/414dc672823219b6e1be765d4f0017a00c32949132b6ac999683fbf568e84318/details,ir.divar,a954e0419e34ff0779ef5186f06a985b42fd3db07bb03764aa7ff4bf21931baf,true,true,true,false,present,instantiates_worker,present,absent,present,body.campaign (Base64/XOR 63 encoded URL),0x3f,signed_APK_Dex_method_chain; per-build_JADX_provider_and_worker
11.10.4,240101010,2024-01-08,VirusTotal first submission,2024-01-10,2024-01-08T11:48:35Z,3c596f76c07e2121bdf4d9e4ae2dbb15314a80479ed51d1da103602d5b1f1428,https://divar.en.uptodown.com/android/download/118760323,https://www.virustotal.com/gui/file/3c596f76c07e2121bdf4d9e4ae2dbb15314a80479ed51d1da103602d5b1f1428/details,ir.divar,a954e0419e34ff0779ef5186f06a985b42fd3db07bb03764aa7ff4bf21931baf,true,true,true,false,present,instantiates_worker,present,absent,present,body.campaign (Base64/XOR 63 encoded URL),0x3f,signed_APK_Dex_method_chain; per-build_JADX_provider_and_worker
11.10.5,240114010,2024-01-23,VirusTotal first submission,2024-02-20,2024-01-23T18:32:35Z,1d1ad55653dc443f51c3aa58e18c171aa2d04d4e27c10d1f5382268968c817f9,https://divar.en.uptodown.com/android/download/124425509,https://www.virustotal.com/gui/file/1d1ad55653dc443f51c3aa58e18c171aa2d04d4e27c10d1f5382268968c817f9/details,ir.divar,a954e0419e34ff0779ef5186f06a985b42fd3db07bb03764aa7ff4bf21931baf,true,true,true,false,present,instantiates_worker,present,absent,present,body.campaign (Base64/XOR 63 encoded URL),0x3f,signed_APK_Dex_method_chain; per-build_JADX_provider_and_worker
11.10.6,240128010,2024-02-05,VirusTotal first submission,2024-02-05,2024-02-05T04:44:12Z,275a0810e7a4ae471941e85db77c9cf3a3638347d0c7e181bedce7bd8db0a68c,https://divar.en.uptodown.com/android/download/122439197,https://www.virustotal.com/gui/file/275a0810e7a4ae471941e85db77c9cf3a3638347d0c7e181bedce7bd8db0a68c/details,ir.divar,a954e0419e34ff0779ef5186f06a985b42fd3db07bb03764aa7ff4bf21931baf,true,true,true,false,present,instantiates_worker,present,absent,present,body.campaign (Base64/XOR 63 encoded URL),0x3f,signed_APK_Dex_method_chain; per-build_JADX_provider_and_worker
11.10.7,240212010,2024-02-19,VirusTotal first submission,2024-02-19,2024-02-19T17:22:30Z,df0c10f5adf70f800956a5d1af501eb2cd162314afe5f48bec503e21cec6062b,https://divar.en.uptodown.com/android/download/124185475,https://www.virustotal.com/gui/file/df0c10f5adf70f800956a5d1af501eb2cd162314afe5f48bec503e21cec6062b/details,ir.divar,a954e0419e34ff0779ef5186f06a985b42fd3db07bb03764aa7ff4bf21931baf,true,true,true,false,present,instantiates_worker,present,absent,present,body.campaign (Base64/XOR 63 encoded URL),0x3f,signed_APK_Dex_method_chain; per-build_JADX_provider_and_worker
11.11.0,240228010,2024-03-10T13:58:59+00:00,"VirusTotal first submission for exact SHA-256, not release date",2024-03-10,2024-03-10T13:58:59+00:00,c94ceb21fe6c9c19cf0c4ae1cd3b379f7988e816d933ae53ad7c3c40c3c75fa5,https://divar.en.uptodown.com/android/download/127392922,https://www.virustotal.com/gui/file/c94ceb21fe6c9c19cf0c4ae1cd3b379f7988e816d933ae53ad7c3c40c3c75fa5,ir.divar,a954e0419e34ff0779ef5186f06a985b42fd3db07bb03764aa7ff4bf21931baf,true,true,true,false,present,shortcut_present,present,absent,present,body.campaign (Base64 then XOR),63 (0x3f),signed APK + all DEX class definitions + DEX method probe + JADX sender/receiver/worker
11.11.1,240407010,2024-04-16T10:44:02+00:00,"VirusTotal first submission for exact SHA-256, not release date",2024-04-16,2024-04-16T10:44:02+00:00,9cc99f0b2ce752539a08202893b5332de7d463f85019e347a9fa5c9c730ee571,https://divar.en.uptodown.com/android/download/1008396618,https://www.virustotal.com/gui/file/9cc99f0b2ce752539a08202893b5332de7d463f85019e347a9fa5c9c730ee571,ir.divar,a954e0419e34ff0779ef5186f06a985b42fd3db07bb03764aa7ff4bf21931baf,true,true,true,false,present,shortcut_present,present,absent,present,body.campaign (Base64 then XOR),63 (0x3f),signed APK + all DEX class definitions + DEX method probe + JADX sender/receiver/worker
11.11.2,240421010,2024-04-28T10:04:21+00:00,"VirusTotal first submission for exact SHA-256, not release date",2024-04-28,2024-04-28T10:04:21+00:00,12fc26635370d930f2d9bc85867884dd883ae818ac0c4976d7caaab2845086a9,https://divar.en.uptodown.com/android/download/1010576981,https://www.virustotal.com/gui/file/12fc26635370d930f2d9bc85867884dd883ae818ac0c4976d7caaab2845086a9,ir.divar,a954e0419e34ff0779ef5186f06a985b42fd3db07bb03764aa7ff4bf21931baf,true,true,true,false,present,shortcut_present,present,absent,present,body.campaign (Base64 then XOR),63 (0x3f),signed APK + all DEX class definitions + DEX method probe + JADX sender/receiver/worker
11.11.3,240505010,2024-05-14T14:43:28+00:00,"VirusTotal first submission for exact SHA-256, not release date",2024-05-13,2024-05-14T14:43:28+00:00,67553b6a1b075f11e0f33059f990dd2244b872597c5ef2d34e5a1c39c9e894bc,https://divar.en.uptodown.com/android/download/1012961653,https://www.virustotal.com/gui/file/67553b6a1b075f11e0f33059f990dd2244b872597c5ef2d34e5a1c39c9e894bc,ir.divar,a954e0419e34ff0779ef5186f06a985b42fd3db07bb03764aa7ff4bf21931baf,true,true,true,false,present,shortcut_present,present,absent,present,body.campaign (Base64 then XOR),63 (0x3f),signed APK + all DEX class definitions + DEX method probe + JADX sender/receiver/worker
11.11.4,240519020,2024-05-27T11:40:49+00:00,"VirusTotal first submission for exact SHA-256, not release date",2024-06-17,2024-05-27T11:40:49+00:00,06cfa492875677974690eab2a0476a8dd72aaccbfcc653019fdd277625efa269,https://divar.en.uptodown.com/android/download/1016334478,https://www.virustotal.com/gui/file/06cfa492875677974690eab2a0476a8dd72aaccbfcc653019fdd277625efa269,ir.divar,a954e0419e34ff0779ef5186f06a985b42fd3db07bb03764aa7ff4bf21931baf,true,true,true,false,present,shortcut_present,present,absent,present,body.campaign (Base64 then XOR),63 (0x3f),signed APK + all DEX class definitions + DEX method probe + JADX sender/receiver/worker
11.12.0-beta,240616000,2024-06-18T23:33:58Z,"VirusTotal first submission for exact SHA-256, not release date",,2024-06-18T23:33:58Z,1fb0fa9015283d0c28f7a9e351d2925c2abff9c6b51ea2727da5ef06e6da0157,https://certfa.com/lab/android-app/sha1/ba33fae6454ebb1669bbfdfa276f90015b73c391/,https://www.virustotal.com/gui/file/1fb0fa9015283d0c28f7a9e351d2925c2abff9c6b51ea2727da5ef06e6da0157/details,ir.divar,a954e0419e34ff0779ef5186f06a985b42fd3db07bb03764aa7ff4bf21931baf,true,true,true,false,absent,shortcut_absent,absent,absent,absent,,,signed APK; all DEX; selected JADX methods
11.12.0,240616010,2024-06-24T07:44:23+00:00,"VirusTotal first submission for exact SHA-256, not release date",2024-06-23,2024-06-24T07:44:23+00:00,18cb05e733f71d88b76466ebde6df56d5b49fc94e4a223029cd1cbe6fd41cd6b,https://divar.en.uptodown.com/android/download/1016845572,https://www.virustotal.com/gui/file/18cb05e733f71d88b76466ebde6df56d5b49fc94e4a223029cd1cbe6fd41cd6b,ir.divar,a954e0419e34ff0779ef5186f06a985b42fd3db07bb03764aa7ff4bf21931baf,true,true,true,false,present,shortcut_present,present,absent,present,body.campaign (Base64 then XOR),63 (0x3f),signed APK + all DEX class definitions + DEX method probe + JADX sender/receiver/worker
11.12.1,240701010,2024-07-09T12:13:30+00:00,"VirusTotal first submission for exact SHA-256, not release date",2024-08-07,2024-07-09T12:13:30+00:00,5d3d3452298cfc76d3393f7eafec35c638e0797a81e0bbebe3b1738cb0fc294e,https://divar.en.uptodown.com/android/download/1020572989,https://www.virustotal.com/gui/file/5d3d3452298cfc76d3393f7eafec35c638e0797a81e0bbebe3b1738cb0fc294e,ir.divar,a954e0419e34ff0779ef5186f06a985b42fd3db07bb03764aa7ff4bf21931baf,true,true,true,false,present,shortcut_present,present,absent,present,body.campaign (Base64 then XOR),63 (0x3f),signed APK + all DEX class definitions + DEX method probe + JADX sender/receiver/worker
11.12.2,240728010,2024-08-05T18:38:43+00:00,"VirusTotal first submission for exact SHA-256, not release date",2024-08-07,2024-08-05T18:38:43+00:00,3134990f4fcf66ea5c291ad107e56a7b8869278e44ed0140824c11bb820b5ac5,https://divar.en.uptodown.com/android/download/1020620725,https://www.virustotal.com/gui/file/3134990f4fcf66ea5c291ad107e56a7b8869278e44ed0140824c11bb820b5ac5,ir.divar,a954e0419e34ff0779ef5186f06a985b42fd3db07bb03764aa7ff4bf21931baf,true,true,true,false,present,shortcut_present,present,absent,present,body.campaign (Base64 then XOR),63 (0x3f),signed APK + all DEX class definitions + DEX method probe + JADX sender/receiver/worker
11.12.3,240811010,2024-08-19T08:00:21+00:00,"VirusTotal first submission for exact SHA-256, not release date",2024-08-19,2024-08-19T08:00:21+00:00,4a26e750da01879e91dc3d823a08038eec0b02074dcb5161e3fcc4c644502183,https://divar.en.uptodown.com/android/download/1022436760,https://www.virustotal.com/gui/file/4a26e750da01879e91dc3d823a08038eec0b02074dcb5161e3fcc4c644502183,ir.divar,a954e0419e34ff0779ef5186f06a985b42fd3db07bb03764aa7ff4bf21931baf,true,true,true,false,present,shortcut_present,present,absent,present,body.campaign (Base64 then XOR),63 (0x3f),signed APK + all DEX class definitions + DEX method probe + JADX sender/receiver/worker
11.12.4,240826020,2024-09-01T11:41:39+00:00,"VirusTotal first submission for exact SHA-256, not release date",2024-09-01,2024-09-01T11:41:39+00:00,38d27f25b59c81998467b928878d7de0adc85a2a5f02756180812e1cc75b3ab0,https://divar.en.uptodown.com/android/download/1024425958,https://www.virustotal.com/gui/file/38d27f25b59c81998467b928878d7de0adc85a2a5f02756180812e1cc75b3ab0,ir.divar,a954e0419e34ff0779ef5186f06a985b42fd3db07bb03764aa7ff4bf21931baf,true,true,true,false,present,shortcut_present,present,absent,present,body.campaign (Base64 then XOR),63 (0x3f),signed APK + all DEX class definitions + DEX method probe + JADX sender/receiver/worker
11.12.5,240908010,2024-09-14T19:55:42+00:00,"VirusTotal first submission for exact SHA-256, not release date",2024-09-14,2024-09-14T19:55:42+00:00,81bfd39bbc5b395a61a6dd804b6802fd28091564d2ae28cd77a2fbedb80da0de,https://divar.en.uptodown.com/android/download/1026359158,https://www.virustotal.com/gui/file/81bfd39bbc5b395a61a6dd804b6802fd28091564d2ae28cd77a2fbedb80da0de,ir.divar,a954e0419e34ff0779ef5186f06a985b42fd3db07bb03764aa7ff4bf21931baf,true,true,true,false,present,shortcut_present,present,absent,present,body.campaign (Base64 then XOR),63 (0x3f),signed APK + all DEX class definitions + DEX method probe + JADX sender/receiver/worker
11.12.6,240923010,2024-09-29T20:53:46+00:00,"VirusTotal first submission for exact SHA-256, not release date",2024-09-29,2024-09-29T20:53:46+00:00,d73ad3784f54f2fa31a089579a8d13cf19a12f76e18cb5aeea71e1524e09232d,https://divar.en.uptodown.com/android/download/1028928221,https://www.virustotal.com/gui/file/d73ad3784f54f2fa31a089579a8d13cf19a12f76e18cb5aeea71e1524e09232d,ir.divar,a954e0419e34ff0779ef5186f06a985b42fd3db07bb03764aa7ff4bf21931baf,true,true,true,false,present,shortcut_present,present,absent,present,body.campaign (Base64 then XOR),63 (0x3f),signed APK + all DEX class definitions + DEX method probe + JADX sender/receiver/worker
11.12.7,241006010,2024-10-13T16:43:17+00:00,"VirusTotal first submission for exact SHA-256, not release date",2024-10-13,2024-10-13T16:43:17+00:00,b5bc08eabc46703a481952fa4487ca9d6800fb13f4892662b850f2ccfc2e5a38,https://divar.en.uptodown.com/android/download/1031227946,https://www.virustotal.com/gui/file/b5bc08eabc46703a481952fa4487ca9d6800fb13f4892662b850f2ccfc2e5a38,ir.divar,a954e0419e34ff0779ef5186f06a985b42fd3db07bb03764aa7ff4bf21931baf,true,true,true,false,present,shortcut_present,present,absent,present,body.campaign (Base64 then XOR),63 (0x3f),signed APK + all DEX class definitions + DEX method probe + JADX sender/receiver/worker
11.12.8,241020010,2024-10-27T16:06:04Z,"VirusTotal first submission for exact SHA-256, not release date",,2024-10-27T16:06:04Z,ffba625120a34a9c189ab25ecf4fcb0945548355364bdbdf964c532e80153830,https://divar.en.softonic.com/android,https://www.virustotal.com/gui/file/ffba625120a34a9c189ab25ecf4fcb0945548355364bdbdf964c532e80153830/details,ir.divar,a954e0419e34ff0779ef5186f06a985b42fd3db07bb03764aa7ff4bf21931baf,true,true,true,false,present,shortcut_present,present,absent,present,body.campaign (Base64 then XOR),63 (0x3f),signed APK; all DEX; selected JADX methods
11.13.0,241104010,2024-11-10T15:52:53+00:00,"VirusTotal first submission for exact SHA-256, not release date",2025-07-19,2024-11-10T15:52:53+00:00,dd36f4a146deb55247917552063bfcc6854ec3efb93a5e438cddf9cfed689cc8,https://divar.en.uptodown.com/android/download/1094246510,https://www.virustotal.com/gui/file/dd36f4a146deb55247917552063bfcc6854ec3efb93a5e438cddf9cfed689cc8,ir.divar,a954e0419e34ff0779ef5186f06a985b42fd3db07bb03764aa7ff4bf21931baf,true,true,true,false,present,shortcut_present,present,absent,present,body.campaign (Base64 then XOR),63 (0x3f),signed APK + all DEX class definitions + DEX method probe + JADX sender/receiver/worker
11.13.1,241117010,2024-11-23T21:51:46+00:00,"VirusTotal first submission for exact SHA-256, not release date",2024-11-23,2024-11-23T21:51:46+00:00,b93266fbbb29718c77a4dfaa26a4e0a181a9ab14112a53ba82c1a1a6469918d6,https://divar.en.uptodown.com/android/download/1037521617,https://www.virustotal.com/gui/file/b93266fbbb29718c77a4dfaa26a4e0a181a9ab14112a53ba82c1a1a6469918d6,ir.divar,a954e0419e34ff0779ef5186f06a985b42fd3db07bb03764aa7ff4bf21931baf,true,true,true,false,present,shortcut_present,present,absent,present,body.campaign (Base64 then XOR),63 (0x3f),signed APK + all DEX class definitions + DEX method probe + JADX sender/receiver/worker
11.13.2,241201010,2024-12-09T09:14:02Z,"VirusTotal first submission for exact SHA-256, not release date",,2024-12-09T09:14:02Z,677cd05adc9a448f963f9386e2d89174a745768e31031053a40b9c0cbcd8887c,https://apkpure.net/divar/ir.divar/download/11.13.2,https://www.virustotal.com/gui/file/677cd05adc9a448f963f9386e2d89174a745768e31031053a40b9c0cbcd8887c,ir.divar,a954e0419e34ff0779ef5186f06a985b42fd3db07bb03764aa7ff4bf21931baf,true,true,true,false,present,shortcut_present,present,absent,present,body.campaign (Base64 then XOR),63 (0x3f),signed APK + all DEX class definitions + JADX sender/receiver/worker
11.13.3,241215010,2024-12-21T21:51:12Z,"VirusTotal first submission for exact SHA-256, not release date",,2024-12-21T21:51:12Z,58c59c8f1c35b02223e6a4cb75a1982c0419c1f24711b9d843d169ccda073a0e,https://apkpure.net/divar/ir.divar/download/11.13.3,https://www.virustotal.com/gui/file/58c59c8f1c35b02223e6a4cb75a1982c0419c1f24711b9d843d169ccda073a0e,ir.divar,a954e0419e34ff0779ef5186f06a985b42fd3db07bb03764aa7ff4bf21931baf,true,true,true,false,present,shortcut_present,present,absent,present,body.campaign (Base64 then XOR),63 (0x3f),signed APK + all DEX class definitions + JADX sender/receiver/worker
11.13.4,241229010,2025-01-04T16:25:19Z,"VirusTotal first submission for exact SHA-256, not release date",,2025-01-04T16:25:19Z,2352ff767432cc214f5bd51da881ba5a2d4feda4739867b9aa9ea123ada53b94,https://apkpure.net/divar/ir.divar/download/11.13.4,https://www.virustotal.com/gui/file/2352ff767432cc214f5bd51da881ba5a2d4feda4739867b9aa9ea123ada53b94,ir.divar,a954e0419e34ff0779ef5186f06a985b42fd3db07bb03764aa7ff4bf21931baf,true,true,true,false,present,shortcut_present,present,absent,present,body.campaign (Base64 then XOR),63 (0x3f),signed APK + all DEX class definitions + JADX sender/receiver/worker
11.13.5,250112010,2025-01-20T07:28:54Z,"VirusTotal first submission for exact SHA-256, not release date",,2025-01-20T07:28:54Z,9ef4641c7ab7e99722961c2475c5bae2b2d56424b326c606e0307a6aa3c75e42,https://apkpure.net/divar/ir.divar/download/11.13.5,https://www.virustotal.com/gui/file/9ef4641c7ab7e99722961c2475c5bae2b2d56424b326c606e0307a6aa3c75e42,ir.divar,a954e0419e34ff0779ef5186f06a985b42fd3db07bb03764aa7ff4bf21931baf,true,true,true,false,present,shortcut_present,present,absent,present,body.campaign (Base64 then XOR),63 (0x3f),signed APK + all DEX class definitions + JADX sender/receiver/worker
11.13.6,250126010,2025-02-03T05:41:57Z,"VirusTotal first submission for exact SHA-256, not release date",,2025-02-03T05:41:57Z,da2828e05e6756d33f700d7db948f457b9a8c62319c112d39bfe397f32eee7e7,https://apkpure.net/divar/ir.divar/download/11.13.6,https://www.virustotal.com/gui/file/da2828e05e6756d33f700d7db948f457b9a8c62319c112d39bfe397f32eee7e7,ir.divar,a954e0419e34ff0779ef5186f06a985b42fd3db07bb03764aa7ff4bf21931baf,true,true,true,false,present,shortcut_present,present,absent,present,body.campaign (Base64 then XOR),63 (0x3f),signed APK + all DEX class definitions + JADX sender/receiver/worker
11.13.7,250209010,2025-02-18T10:10:33Z,"VirusTotal first submission for exact SHA-256, not release date",,2025-02-18T10:10:33Z,28f91e4107cd90d63771b43ae9e8e2aa56784a09cdbfee945ef7fc1fd93a22cb,https://apkpure.net/divar/ir.divar/download/11.13.7,https://www.virustotal.com/gui/file/28f91e4107cd90d63771b43ae9e8e2aa56784a09cdbfee945ef7fc1fd93a22cb,ir.divar,a954e0419e34ff0779ef5186f06a985b42fd3db07bb03764aa7ff4bf21931baf,true,true,true,false,present,shortcut_present,present,absent,present,body.campaign (Base64 then XOR),63 (0x3f),signed APK + all DEX class definitions + JADX sender/receiver/worker
11.13.8,250302010,2025-03-10T18:02:48Z,"VirusTotal first submission for exact SHA-256, not release date",,2025-03-10T18:02:48Z,df2c7fa3f55b2abec34f8e178230dcfd1401edf10f6a9d6e1b4a674ac61c1139,https://apkpure.net/divar/ir.divar/download/11.13.8,https://www.virustotal.com/gui/file/df2c7fa3f55b2abec34f8e178230dcfd1401edf10f6a9d6e1b4a674ac61c1139,ir.divar,a954e0419e34ff0779ef5186f06a985b42fd3db07bb03764aa7ff4bf21931baf,true,true,true,false,present,shortcut_present,present,absent,present,body.campaign (Base64 then XOR),63 (0x3f),signed APK + all DEX class definitions + JADX sender/receiver/worker
11.13.9,250407010,2025-04-14T12:03:51+00:00,"VirusTotal first submission for exact SHA-256, not release date",2025-04-14,2025-04-14T12:03:51+00:00,7d5b766309ebdbf1cf58a2a8f8a563b3ebf18c66df8d69416de02f01999fb6eb,https://divar.en.uptodown.com/android/download/1075635532,https://www.virustotal.com/gui/file/7d5b766309ebdbf1cf58a2a8f8a563b3ebf18c66df8d69416de02f01999fb6eb,ir.divar,a954e0419e34ff0779ef5186f06a985b42fd3db07bb03764aa7ff4bf21931baf,true,true,true,false,present,shortcut_present,present,absent,present,body.campaign (Base64 then XOR),63 (0x3f),signed APK + all DEX class definitions + DEX method probe + JADX sender/receiver/worker
11.13.10,250420010,2025-04-28T19:03:42+00:00,"VirusTotal first submission for exact SHA-256, not release date",2025-05-03,2025-04-28T19:03:42+00:00,c8b6a3a01d28ed82372ae33b485eb2b4d115c1f195ca1fa42482bda3b7afef64,https://divar.en.uptodown.com/android/download/1078218506,https://www.virustotal.com/gui/file/c8b6a3a01d28ed82372ae33b485eb2b4d115c1f195ca1fa42482bda3b7afef64,ir.divar,a954e0419e34ff0779ef5186f06a985b42fd3db07bb03764aa7ff4bf21931baf,true,true,true,false,present,shortcut_present,present,absent,present,body.campaign (Base64 then XOR),63 (0x3f),signed APK + all DEX class definitions + DEX method probe + JADX sender/receiver/worker
11.13.11,250420020,2025-05-03T16:42:57Z,"VirusTotal first submission for exact SHA-256, not release date",,2025-05-03T16:42:57Z,9f232774bfacd3bdbac960a2ce957ae619c88db8b836f2136794612f5bfacf5d,https://apkpure.net/divar/ir.divar/download/11.13.11,https://www.virustotal.com/gui/file/9f232774bfacd3bdbac960a2ce957ae619c88db8b836f2136794612f5bfacf5d/details,ir.divar,a954e0419e34ff0779ef5186f06a985b42fd3db07bb03764aa7ff4bf21931baf,true,true,true,false,present,shortcut_present,present,absent,present,body.campaign (Base64 then XOR),63 (0x3f),signed APK; all DEX; selected JADX methods
11.13.12,250504010,2025-05-12T08:30:19Z,"VirusTotal first submission for exact SHA-256, not release date",,2025-05-12T08:30:19Z,8c8e7406a745c31cf67bfc44c69262676f86a3e41b6ca6fb2914926600a80b22,https://apkpure.net/divar/ir.divar/download/11.13.12,https://www.virustotal.com/gui/file/8c8e7406a745c31cf67bfc44c69262676f86a3e41b6ca6fb2914926600a80b22/details,ir.divar,a954e0419e34ff0779ef5186f06a985b42fd3db07bb03764aa7ff4bf21931baf,true,true,true,false,absent,shortcut_absent,absent,absent,absent,,,signed APK; all DEX; selected JADX methods
11.13.12,250504020,2025-05-21T21:29:24+00:00,"VirusTotal first submission for exact SHA-256, not release date",2025-07-19,2025-05-21T21:29:24+00:00,f13e2dc2db2cde6cbad66da1c3cc0cb3986ba14c8fa3349e751806319a276535,https://divar.en.uptodown.com/android/download/1094261650,https://www.virustotal.com/gui/file/f13e2dc2db2cde6cbad66da1c3cc0cb3986ba14c8fa3349e751806319a276535,ir.divar,a954e0419e34ff0779ef5186f06a985b42fd3db07bb03764aa7ff4bf21931baf,true,true,true,false,absent,shortcut_absent,absent,absent,absent,,,signed APK + all DEX class definitions + DEX method probe + JADX sender/receiver
11.13.13,250518010,2025-05-26T07:53:14Z,"VirusTotal first submission for exact SHA-256, not release date",,2025-05-26T07:53:14Z,4a9e9d0553c9fdc2e55af5fd0d2e9853dd61b994681d4137918ca4d9f1f8e6bc,https://apkpure.net/divar/ir.divar/download/11.13.13,https://www.virustotal.com/gui/file/4a9e9d0553c9fdc2e55af5fd0d2e9853dd61b994681d4137918ca4d9f1f8e6bc,ir.divar,a954e0419e34ff0779ef5186f06a985b42fd3db07bb03764aa7ff4bf21931baf,true,true,true,false,absent,shortcut_absent,absent,absent,absent,,,signed APK + all DEX class definitions + JADX sender/receiver
11.13.14,250602010,2025-06-10T19:29:06Z,"VirusTotal first submission for exact SHA-256, not release date",,2025-06-10T19:29:06Z,0fe66bde25e6af845183e71af22bed9c88052157ebf24efb644e314d974d374f,https://apkpure.net/divar/ir.divar/download/11.13.14,https://www.virustotal.com/gui/file/0fe66bde25e6af845183e71af22bed9c88052157ebf24efb644e314d974d374f,ir.divar,a954e0419e34ff0779ef5186f06a985b42fd3db07bb03764aa7ff4bf21931baf,true,true,true,false,absent,shortcut_absent,absent,absent,absent,,,signed APK + all DEX class definitions + JADX sender/receiver
11.13.15,250622010,2025-06-30T17:21:00Z,"VirusTotal first submission for exact SHA-256, not release date",,2025-06-30T17:21:00Z,046afaf397d41fe10a670934bb6a6733cecec52513b5e70f2f765897a804b151,https://apkpure.net/divar/ir.divar/download/11.13.15,https://www.virustotal.com/gui/file/046afaf397d41fe10a670934bb6a6733cecec52513b5e70f2f765897a804b151,ir.divar,a954e0419e34ff0779ef5186f06a985b42fd3db07bb03764aa7ff4bf21931baf,true,true,true,false,absent,shortcut_absent,absent,absent,absent,,,signed APK + all DEX class definitions + JADX sender/receiver
11.13.16,250707010,2025-07-14T20:20:50Z,"VirusTotal first submission for exact SHA-256, not release date",,2025-07-14T20:20:50Z,935a183265a06d50a3e57bdaa4ef56c6a84574f7ef5fdabad250ca227110eaa9,https://apkpure.net/divar/ir.divar/download/11.13.16,https://www.virustotal.com/gui/file/935a183265a06d50a3e57bdaa4ef56c6a84574f7ef5fdabad250ca227110eaa9,ir.divar,a954e0419e34ff0779ef5186f06a985b42fd3db07bb03764aa7ff4bf21931baf,true,true,true,false,absent,shortcut_absent,absent,absent,absent,,,signed APK + all DEX class definitions + JADX sender/receiver
11.13.17,250720010,2025-07-28T01:44:22Z,"VirusTotal first submission for exact SHA-256, not release date",,2025-07-28T01:44:22Z,3a33d8c8e3ed1ffdc0217a48d0ba7c6495d79fd01584b16746c5c6e6af072932,https://apkpure.net/divar/ir.divar/download/11.13.17,https://www.virustotal.com/gui/file/3a33d8c8e3ed1ffdc0217a48d0ba7c6495d79fd01584b16746c5c6e6af072932,ir.divar,a954e0419e34ff0779ef5186f06a985b42fd3db07bb03764aa7ff4bf21931baf,true,true,true,false,absent,shortcut_absent,absent,absent,absent,,,signed APK + all DEX class definitions + JADX sender/receiver
11.13.18,250804010,2025-08-12T20:46:55Z,"VirusTotal first submission for exact SHA-256, not release date",,2025-08-12T20:46:55Z,67cc91139d748bda282b577bbcdf27fcd304ccd5948b5db383d0f74c4e36c041,https://apkpure.net/divar/ir.divar/download/11.13.18,https://www.virustotal.com/gui/file/67cc91139d748bda282b577bbcdf27fcd304ccd5948b5db383d0f74c4e36c041,ir.divar,a954e0419e34ff0779ef5186f06a985b42fd3db07bb03764aa7ff4bf21931baf,true,true,true,false,absent,shortcut_absent,absent,absent,absent,,,signed APK + all DEX class definitions + JADX sender/receiver
11.13.19,250817010,2025-09-08T03:57:59Z,"VirusTotal first submission for exact SHA-256, not release date",,2025-09-08T03:57:59Z,79b9daf09635bc08e80d26c9828f7d647f2a23c33ed1836fb00df70599fa2292,https://apkpure.net/divar/ir.divar/download/11.13.19,https://www.virustotal.com/gui/file/79b9daf09635bc08e80d26c9828f7d647f2a23c33ed1836fb00df70599fa2292,ir.divar,a954e0419e34ff0779ef5186f06a985b42fd3db07bb03764aa7ff4bf21931baf,true,true,true,false,absent,shortcut_absent,absent,absent,absent,,,signed APK + all DEX class definitions + JADX sender/receiver
11.13.20,250902010,2025-09-15T06:23:41Z,"VirusTotal first submission for exact SHA-256, not release date",,2025-09-15T06:23:41Z,0bac2690dced1ba7fd5f9364eed49985c9fd9a7852ff9f4907313925663efc39,https://apkpure.net/divar/ir.divar/download/11.13.20,https://www.virustotal.com/gui/file/0bac2690dced1ba7fd5f9364eed49985c9fd9a7852ff9f4907313925663efc39,ir.divar,a954e0419e34ff0779ef5186f06a985b42fd3db07bb03764aa7ff4bf21931baf,true,true,true,false,absent,shortcut_absent,absent,absent,absent,,,signed APK + all DEX class definitions + JADX sender/receiver
11.14.1,250914010,2025-09-25T14:03:57Z,VirusTotal first submission UTC,2025-09-28,2025-09-25T14:03:57Z,296734e5758242cce5ef7a21ef9128c2110abc2f4610a23097ba6b5e8fa9fb45,https://apkpure.net/divar/ir.divar/download/11.14.1,https://www.virustotal.com/gui/file/296734e5758242cce5ef7a21ef9128c2110abc2f4610a23097ba6b5e8fa9fb45/details,ir.divar,a954e0419e34ff0779ef5186f06a985b42fd3db07bb03764aa7ff4bf21931baf,true,true,true,false,absent,absent,absent,absent,absent,,,parsed_signed_APK_static
11.14.2,250928010,2025-10-05T14:36:15Z,VirusTotal first submission UTC,2025-10-10,2025-10-05T14:36:15Z,73b6fedb0da9a842523b994b20defd01abb163dd24e93d3e730c1091dc04ea7d,https://apkpure.net/divar/ir.divar/download/11.14.2,https://www.virustotal.com/gui/file/73b6fedb0da9a842523b994b20defd01abb163dd24e93d3e730c1091dc04ea7d/details,ir.divar,a954e0419e34ff0779ef5186f06a985b42fd3db07bb03764aa7ff4bf21931baf,true,true,true,false,absent,absent,absent,absent,absent,,,parsed_signed_APK_static
11.14.3,251012010,2025-10-26T20:12:08Z,VirusTotal first submission UTC,2025-10-30,2025-10-26T20:12:08Z,c1c42fccbdf0d1beb57af0041fe930071462fd9d489a8d02778b76c1b1f52108,https://apkpure.net/divar/ir.divar/download/11.14.3,https://www.virustotal.com/gui/file/c1c42fccbdf0d1beb57af0041fe930071462fd9d489a8d02778b76c1b1f52108/details,ir.divar,a954e0419e34ff0779ef5186f06a985b42fd3db07bb03764aa7ff4bf21931baf,true,true,true,false,absent,absent,absent,absent,absent,,,parsed_signed_APK_static
11.14.4,251026020,2025-11-12T17:37:13Z,VirusTotal first submission UTC,2025-11-13,2025-11-12T17:37:13Z,2e8b96a6801e4defb4169491e92e00ae9d595d038e7f03bca60ed80a60ca2cb0,https://apkpure.net/divar/ir.divar/download/11.14.4,https://www.virustotal.com/gui/file/2e8b96a6801e4defb4169491e92e00ae9d595d038e7f03bca60ed80a60ca2cb0/details,ir.divar,a954e0419e34ff0779ef5186f06a985b42fd3db07bb03764aa7ff4bf21931baf,true,true,true,false,absent,absent,absent,absent,absent,,,parsed_signed_APK_static
11.14.5,251111010,2025-11-20T12:17:13Z,VirusTotal first submission UTC,,2025-11-20T12:17:13Z,2d175a904337bd1c9b024e9c1b9bf2accbc9f133988b09ba074ad5c647659aad,,https://www.virustotal.com/gui/file/2d175a904337bd1c9b024e9c1b9bf2accbc9f133988b09ba074ad5c647659aad/details,ir.divar,a954e0419e34ff0779ef5186f06a985b42fd3db07bb03764aa7ff4bf21931baf,true,true,true,false,absent,absent,absent,absent,absent,,,parsed_signed_APK_static
11.14.5,251111010,2025-11-21T00:45:18Z,VirusTotal first submission UTC,2025-11-21,2025-11-21T00:45:18Z,fa3de3e1240382744814a75f9f4d1f638a98d3afca41d646eb860f3020b675b1,https://divar.en.uptodown.com/android/download/1126157416,https://www.virustotal.com/gui/file/fa3de3e1240382744814a75f9f4d1f638a98d3afca41d646eb860f3020b675b1/details,ir.divar,a954e0419e34ff0779ef5186f06a985b42fd3db07bb03764aa7ff4bf21931baf,true,true,true,false,absent,absent,absent,absent,absent,,,parsed_signed_APK_static
11.14.6,251125010,2025-12-03T12:55:06Z,VirusTotal first submission UTC,2025-12-03,2025-12-03T12:55:06Z,bfd4b3b24f91c942abf947e142d305c1a8ebb80e051ff8a6a48e90053acfca80,https://divar.en.uptodown.com/android/download/1129263249,https://www.virustotal.com/gui/file/bfd4b3b24f91c942abf947e142d305c1a8ebb80e051ff8a6a48e90053acfca80/details,ir.divar,a954e0419e34ff0779ef5186f06a985b42fd3db07bb03764aa7ff4bf21931baf,true,true,true,false,absent,absent,absent,absent,absent,,,parsed_signed_APK_static
11.14.7,251209010,2025-12-16T00:15:57Z,VirusTotal first submission UTC,2025-12-16,2025-12-16T00:15:57Z,4945f271482a4e45855fab6b5f681019486f7a65807ab7797a54ce3586f24312,https://divar.en.uptodown.com/android/download/1132448680,https://www.virustotal.com/gui/file/4945f271482a4e45855fab6b5f681019486f7a65807ab7797a54ce3586f24312/details,ir.divar,a954e0419e34ff0779ef5186f06a985b42fd3db07bb03764aa7ff4bf21931baf,true,true,true,false,absent,absent,absent,absent,absent,,,parsed_signed_APK_static
11.14.8,251223010,2026-01-05T16:16:10Z,VirusTotal first submission UTC,2026-01-05,2026-01-05T16:16:10Z,468c06a9741ccdb904c0dce898c2109d7d244c1459460c67593b84abffeab94d,https://divar.en.uptodown.com/android/download/1137198676,https://www.virustotal.com/gui/file/468c06a9741ccdb904c0dce898c2109d7d244c1459460c67593b84abffeab94d/details,ir.divar,a954e0419e34ff0779ef5186f06a985b42fd3db07bb03764aa7ff4bf21931baf,true,true,true,false,absent,absent,absent,absent,absent,,,parsed_signed_APK_static
11.14.8.1,260113000,2026-01-23T20:44:18Z,VirusTotal first submission UTC,2026-01-23,2026-01-23T20:44:18Z,c6ef7533fb6df169d09508f8a7d44ab1c3437430b05a5fe1fd542d7e050c17ee,https://divar.en.uptodown.com/android/download/1141490954,https://www.virustotal.com/gui/file/c6ef7533fb6df169d09508f8a7d44ab1c3437430b05a5fe1fd542d7e050c17ee/details,ir.divar,a954e0419e34ff0779ef5186f06a985b42fd3db07bb03764aa7ff4bf21931baf,true,true,true,false,absent,absent,absent,absent,absent,,,parsed_signed_APK_static
11.14.9,260127010,2026-02-02T20:15:51Z,VirusTotal first submission UTC,2026-02-02,2026-02-02T20:15:51Z,1636d586bd89ae68cf9d8214b3ab31ddda60f3c05b8b4a4eed724520f2cc7bad,https://divar.en.uptodown.com/android/download/1144189548,https://www.virustotal.com/gui/file/1636d586bd89ae68cf9d8214b3ab31ddda60f3c05b8b4a4eed724520f2cc7bad/details,ir.divar,a954e0419e34ff0779ef5186f06a985b42fd3db07bb03764aa7ff4bf21931baf,true,true,true,false,absent,absent,absent,absent,absent,,,parsed_signed_APK_static
11.14.10,260208010,2026-02-24T09:24:57Z,VirusTotal first submission UTC,2026-02-24,2026-02-24T09:24:57Z,9e6a9955d9b6e1db5636d4213c386944da8e740170f4e6159b2ecb202decb0db,https://divar.en.uptodown.com/android/download/1149258291,https://www.virustotal.com/gui/file/9e6a9955d9b6e1db5636d4213c386944da8e740170f4e6159b2ecb202decb0db/details,ir.divar,a954e0419e34ff0779ef5186f06a985b42fd3db07bb03764aa7ff4bf21931baf,true,true,true,false,present,present,present,absent,present,OneSignal/FCM body campaign,worker stage URL 0x68,parsed_signed_APK_static
11.14.11,260303010,2026-03-20T09:53:07Z,VirusTotal first submission UTC,2026-03-20,2026-03-20T09:53:07Z,c0b2074818d089cd18bc1b00b62d8999f889eb39b2f03f0923496c9fbc3ca929,https://divar.en.uptodown.com/android/download/1155464166,https://www.virustotal.com/gui/file/c0b2074818d089cd18bc1b00b62d8999f889eb39b2f03f0923496c9fbc3ca929/details,ir.divar,a954e0419e34ff0779ef5186f06a985b42fd3db07bb03764aa7ff4bf21931baf,true,true,true,false,present,present,present,absent,present,OneSignal/FCM body campaign,worker stage URL 0x68,parsed_signed_APK_static
11.14.11,260303010,2026-05-29T00:58:06Z,VirusTotal first submission UTC,,2026-05-29T00:58:06Z,fba2441f0030de7392d9e30e2ff629bd1e1d7cf9aa3cfc522e8d85330d7f191c,,https://www.virustotal.com/gui/file/fba2441f0030de7392d9e30e2ff629bd1e1d7cf9aa3cfc522e8d85330d7f191c/details,ir.divar,a954e0419e34ff0779ef5186f06a985b42fd3db07bb03764aa7ff4bf21931baf,true,true,true,false,present,present,present,absent,present,OneSignal/FCM body campaign,worker stage URL 0x68,parsed_signed_APK_static
11.14.12,260428010,2026-05-24T21:50:07Z,VirusTotal first submission UTC,2026-05-24,2026-05-24T21:50:07Z,85b3a2826986f61b583475a9f88570b082cc4e5cae30f409117bf9bbc750ece1,https://divar.en.uptodown.com/android/download/1173200472,https://www.virustotal.com/gui/file/85b3a2826986f61b583475a9f88570b082cc4e5cae30f409117bf9bbc750ece1/details,ir.divar,a954e0419e34ff0779ef5186f06a985b42fd3db07bb03764aa7ff4bf21931baf,true,true,true,false,present,present,present,present,present,OneSignal/FCM body campaign; API response X-CORRELATION-ID,worker stage URL 0x68; header envelope 0x64,parsed_signed_APK_static
11.14.12.1,260428020,2026-05-28T11:28:14Z,VirusTotal first submission UTC,2026-05-28,2026-05-28T11:28:14Z,152c788fd27af2d9115d55bc1e18d8ea70dca107a2747dabe74576041b77fac9,https://divar.en.uptodown.com/android/download/1174233361,https://www.virustotal.com/gui/file/152c788fd27af2d9115d55bc1e18d8ea70dca107a2747dabe74576041b77fac9/details,ir.divar,a954e0419e34ff0779ef5186f06a985b42fd3db07bb03764aa7ff4bf21931baf,true,true,true,false,present,present,present,present,present,OneSignal/FCM body campaign; API response X-CORRELATION-ID,worker stage URL 0x68; header envelope 0x64,parsed_signed_APK_static
11.14.12.1,260428020,2026-07-14T13:40:23Z,VirusTotal first submission UTC,,2026-07-14T13:40:23Z,2ee97235aa6e8b46d1a38713b936a542338f96b0f590b3cb747ddccc6cd69848,,https://www.virustotal.com/gui/file/2ee97235aa6e8b46d1a38713b936a542338f96b0f590b3cb747ddccc6cd69848/details,ir.divar,a954e0419e34ff0779ef5186f06a985b42fd3db07bb03764aa7ff4bf21931baf,true,true,true,false,present,present,present,present,present,OneSignal/FCM body campaign; API response X-CORRELATION-ID,worker stage URL 0x68; header envelope 0x64,parsed_signed_APK_static
11.14.13,260526010,2026-06-02T10:04:12Z,VirusTotal first submission UTC,2026-06-02,2026-06-02T10:04:12Z,66ff5f83890dffc39c1920e09f49a6d56a68f7ea196765fc4af3e94e75433e38,https://divar.en.uptodown.com/android/download/1175914180,https://www.virustotal.com/gui/file/66ff5f83890dffc39c1920e09f49a6d56a68f7ea196765fc4af3e94e75433e38/details,ir.divar,a954e0419e34ff0779ef5186f06a985b42fd3db07bb03764aa7ff4bf21931baf,true,true,true,false,present,present,present,present,present,OneSignal/FCM body campaign; API response X-CORRELATION-ID,worker stage URL 0x68; header envelope 0x64,parsed_signed_APK_static
11.14.14,260609010,2026-06-19T01:53:18Z,VirusTotal first submission UTC,2026-06-19,2026-06-19T01:53:18Z,38052e14d4d68bb0ded3547165c6173e4b42ff4e691c4d9b51cbd3dfd84602a6,https://divar.en.uptodown.com/android/download/1181341152,https://www.virustotal.com/gui/file/38052e14d4d68bb0ded3547165c6173e4b42ff4e691c4d9b51cbd3dfd84602a6/details,ir.divar,a954e0419e34ff0779ef5186f06a985b42fd3db07bb03764aa7ff4bf21931baf,true,true,true,false,present,present,present,present,present,OneSignal/FCM body campaign; API response X-CORRELATION-ID,worker stage URL 0x68; header envelope 0x64,parsed_signed_APK_static
11.14.14,260609010,2026-06-27T00:14:43Z,VirusTotal first submission UTC,,2026-06-27T00:14:43Z,aa804483289b5ab650d0cca9d6a74a700c921e48e2be67a831f8078953f9e203,,https://www.virustotal.com/gui/file/aa804483289b5ab650d0cca9d6a74a700c921e48e2be67a831f8078953f9e203/details,ir.divar,a954e0419e34ff0779ef5186f06a985b42fd3db07bb03764aa7ff4bf21931baf,true,true,true,false,present,present,present,present,present,OneSignal/FCM body campaign; API response X-CORRELATION-ID,worker stage URL 0x68; header envelope 0x64,parsed_signed_APK_static
11.14.15-b,260623010,2026-07-03T02:45:53Z,VirusTotal first submission UTC,2026-07-03,2026-07-03T02:45:53Z,9c02f4467d5495bdcdd2c9783a496d665ba128a81f6793e7018e8b59382b4a6f,https://divar.en.uptodown.com/android/download/1185373275,https://www.virustotal.com/gui/file/9c02f4467d5495bdcdd2c9783a496d665ba128a81f6793e7018e8b59382b4a6f/details,ir.divar,a954e0419e34ff0779ef5186f06a985b42fd3db07bb03764aa7ff4bf21931baf,true,true,true,false,absent,absent,absent,absent,absent,,,parsed_signed_APK_static
11.14.15-b,260623010,2026-07-13T01:07:29Z,VirusTotal first submission UTC,,2026-07-13T01:07:29Z,59cb24def61fd2e691caee9603d8467f52f2a8efe29df17cb3fa60bf58a20d2a,,https://www.virustotal.com/gui/file/59cb24def61fd2e691caee9603d8467f52f2a8efe29df17cb3fa60bf58a20d2a/details,ir.divar,a954e0419e34ff0779ef5186f06a985b42fd3db07bb03764aa7ff4bf21931baf,true,true,true,false,absent,absent,absent,absent,absent,,,parsed_signed_APK_static
11.14.16-b,260707010,2026-07-17T22:31:25Z,VirusTotal first submission UTC,2026-07-17,2026-07-17T22:31:25Z,23153f14683f6671043062ba1893bdc74c2e781c56d4ded05c650b7b65273065,https://divar.en.uptodown.com/android/download/1189498792,https://www.virustotal.com/gui/file/23153f14683f6671043062ba1893bdc74c2e781c56d4ded05c650b7b65273065/details,ir.divar,a954e0419e34ff0779ef5186f06a985b42fd3db07bb03764aa7ff4bf21931baf,true,true,true,false,present,present,present,present,present,OneSignal/FCM body campaign; API response X-CORRELATION-ID,worker stage URL 0x68; header envelope 0x64,parsed_signed_APK_static
11.14.16-w,260707010,2026-07-23T16:38:03Z,VirusTotal first submission UTC,,2026-07-23T16:38:03Z,0b871191a74983326cecfbf06ac6e954fb2fd6a62d9d54b9a1c1f27f5a105037,,https://www.virustotal.com/gui/file/0b871191a74983326cecfbf06ac6e954fb2fd6a62d9d54b9a1c1f27f5a105037/details,ir.divar,a954e0419e34ff0779ef5186f06a985b42fd3db07bb03764aa7ff4bf21931baf,true,true,true,false,present,present,present,present,present,OneSignal/FCM body campaign; API response X-CORRELATION-ID,worker stage URL 0x68; header envelope 0x64,parsed_signed_APK_static
11.14.16-b,260707010,2026-07-24T12:03:18Z,VirusTotal first submission UTC,,2026-07-24T12:03:18Z,a49165d7493128f71c20f96f1c02e573dfc6c16c631fb2b69dd2ba7d41ee9f85,,https://www.virustotal.com/gui/file/a49165d7493128f71c20f96f1c02e573dfc6c16c631fb2b69dd2ba7d41ee9f85/details,ir.divar,a954e0419e34ff0779ef5186f06a985b42fd3db07bb03764aa7ff4bf21931baf,true,true,true,false,present,present,present,present,present,OneSignal/FCM body campaign; API response X-CORRELATION-ID,worker stage URL 0x68; header envelope 0x64,parsed_signed_APK_static
11.14.17-b,260721010,2026-07-29T22:19:20Z,VirusTotal first submission UTC,2026-07-29,2026-07-29T22:19:20Z,0b194dab7e4600fb9e04d3c9828025ae650ed463f49f58e24f44db94a8cc3108,https://divar.en.uptodown.com/android/download/1194354942,https://www.virustotal.com/gui/file/0b194dab7e4600fb9e04d3c9828025ae650ed463f49f58e24f44db94a8cc3108/details,ir.divar,a954e0419e34ff0779ef5186f06a985b42fd3db07bb03764aa7ff4bf21931baf,true,true,true,false,present,present,present,present,present,OneSignal/FCM body campaign; API response X-CORRELATION-ID,worker stage URL 0x68; header envelope 0x64,parsed_signed_APK_static
11.14.17-w,260721010,2026-07-30T02:43:13Z,VirusTotal first submission UTC,,2026-07-30T02:43:13Z,2766aaf153f586ba7814812d7abef12cab46e9b9a72fcec344412f11a8e13238,,https://www.virustotal.com/gui/file/2766aaf153f586ba7814812d7abef12cab46e9b9a72fcec344412f11a8e13238/details,ir.divar,a954e0419e34ff0779ef5186f06a985b42fd3db07bb03764aa7ff4bf21931baf,true,true,true,false,present,present,present,present,present,OneSignal/FCM body campaign; API response X-CORRELATION-ID,worker stage URL 0x68; header envelope 0x64,parsed_signed_APK_static
11.14.17-b,260721010,2026-08-04T23:42:29Z,VirusTotal first submission UTC,,2026-08-04T23:42:29Z,5226e1a1b8884c06904fc592eba51cf6412d71a139ee5e552d803fbedc26ea60,,https://www.virustotal.com/gui/file/5226e1a1b8884c06904fc592eba51cf6412d71a139ee5e552d803fbedc26ea60/details,ir.divar,a954e0419e34ff0779ef5186f06a985b42fd3db07bb03764aa7ff4bf21931baf,true,true,true,false,present,present,present,present,present,OneSignal/FCM body campaign; API response X-CORRELATION-ID,worker stage URL 0x68; header envelope 0x64,parsed_signed_APK_static
11.14.18-b,260805010,2026-08-15T07:48:04Z,VirusTotal first submission UTC,2026-08-15,2026-08-15T07:48:04Z,f10f785165adba3c8165f27576755305c970ea58807eb3c10007cb0ba48996a8,https://divar.en.uptodown.com/android/download/1201856958,https://www.virustotal.com/gui/file/f10f785165adba3c8165f27576755305c970ea58807eb3c10007cb0ba48996a8/details,ir.divar,a954e0419e34ff0779ef5186f06a985b42fd3db07bb03764aa7ff4bf21931baf,true,true,true,false,present,present,present,present,present,OneSignal/FCM body campaign; API response X-CORRELATION-ID,worker stage URL 0x68; header envelope 0x64,parsed_signed_APK_static
11.14.18-b,260805010,2026-08-20T14:12:05Z,VirusTotal first submission UTC,,2026-08-20T14:12:05Z,51ddae42e93fa7f690ba5adc9bb9de39b57ac1a3f719dcb798e383ba61897000,,https://www.virustotal.com/gui/file/51ddae42e93fa7f690ba5adc9bb9de39b57ac1a3f719dcb798e383ba61897000/details,ir.divar,a954e0419e34ff0779ef5186f06a985b42fd3db07bb03764aa7ff4bf21931baf,true,true,true,false,present,present,present,present,present,OneSignal/FCM body campaign; API response X-CORRELATION-ID,worker stage URL 0x68; header envelope 0x64,parsed_signed_APK_static
11.14.18-w,260805010,2026-08-24T07:20:42Z,VirusTotal first submission UTC,,2026-08-24T07:20:42Z,c8e510f6dbed5d041baeb0b6c54a7aea4311a009ff2266396246657ba14b3c39,,https://www.virustotal.com/gui/file/c8e510f6dbed5d041baeb0b6c54a7aea4311a009ff2266396246657ba14b3c39/details,ir.divar,a954e0419e34ff0779ef5186f06a985b42fd3db07bb03764aa7ff4bf21931baf,true,true,true,false,present,present,present,present,present,OneSignal/FCM body campaign; API response X-CORRELATION-ID,worker stage URL 0x68; header envelope 0x64,parsed_signed_APK_static
11.14.19-b,260818010,2026-08-29T12:43:23Z,VirusTotal first submission UTC,2026-08-29,2026-08-29T12:43:23Z,de294c3e2d681e8acbe1f5e673e709a781dbe53bf213d9ac64b06648c6e63cc1,https://divar.en.uptodown.com/android/download/1208328702,https://www.virustotal.com/gui/file/de294c3e2d681e8acbe1f5e673e709a781dbe53bf213d9ac64b06648c6e63cc1/details,ir.divar,a954e0419e34ff0779ef5186f06a985b42fd3db07bb03764aa7ff4bf21931baf,true,true,true,false,present,present,absent,present,present,API response X-CORRELATION-ID,worker stage URL 0x68; header envelope 0x64,parsed_signed_APK_static
11.14.19.1-b,260818020,2026-08-27T16:08:38Z,VirusTotal first submission UTC,2026-08-27,2026-08-27T16:08:38Z,5e9b34e256da8d4a2c8315d99885f9eb0cdfbb0bcb7338d13758974dc8bae660,https://divar.en.uptodown.com/android/download/1207472399,https://www.virustotal.com/gui/file/5e9b34e256da8d4a2c8315d99885f9eb0cdfbb0bcb7338d13758974dc8bae660/details,ir.divar,a954e0419e34ff0779ef5186f06a985b42fd3db07bb03764aa7ff4bf21931baf,true,true,true,false,present,present,present,present,present,OneSignal/FCM body campaign; API response X-CORRELATION-ID,worker stage URL 0x68; header envelope 0x64,parsed_signed_APK_static
11.14.19.1-b,260818020,2026-09-02T02:13:15Z,VirusTotal first submission UTC,,2026-09-02T02:13:15Z,30b7fedb289fe6413554bf4597765820a508b47225e1282afe304f1c6e554467,,https://www.virustotal.com/gui/file/30b7fedb289fe6413554bf4597765820a508b47225e1282afe304f1c6e554467/details,ir.divar,a954e0419e34ff0779ef5186f06a985b42fd3db07bb03764aa7ff4bf21931baf,true,true,true,false,present,present,present,present,present,OneSignal/FCM body campaign; API response X-CORRELATION-ID,worker stage URL 0x68; header envelope 0x64,parsed_signed_APK_static
11.14.19.1-w,260818020,2026-09-06T04:54:48Z,VirusTotal first submission UTC,,2026-09-06T04:54:48Z,9445d614ec7fbaf697d4ca4bdd8a4f28f71e36eb9584507bb77d1299197364a3,,https://www.virustotal.com/gui/file/9445d614ec7fbaf697d4ca4bdd8a4f28f71e36eb9584507bb77d1299197364a3/details,ir.divar,a954e0419e34ff0779ef5186f06a985b42fd3db07bb03764aa7ff4bf21931baf,true,true,true,false,present,present,present,present,present,OneSignal/FCM body campaign; API response X-CORRELATION-ID,worker stage URL 0x68; header envelope 0x64,parsed_signed_APK_static
11.14.20-b,260901010,2026-09-10T12:17:37Z,VirusTotal first submission UTC,2026-09-10,2026-09-10T12:17:37Z,cdaf0bf256269eec249787299b5ebb7058f3944c86b14debfa41f9c263ad17da,https://divar.en.uptodown.com/android/download/1213694753,https://www.virustotal.com/gui/file/cdaf0bf256269eec249787299b5ebb7058f3944c86b14debfa41f9c263ad17da/details,ir.divar,a954e0419e34ff0779ef5186f06a985b42fd3db07bb03764aa7ff4bf21931baf,true,true,true,false,present,present,present,present,present,OneSignal/FCM body campaign; API response X-CORRELATION-ID,worker stage URL 0x68; header envelope 0x64,parsed_signed_APK_static
11.14.20-b,260901010,2026-09-11T04:00:22Z,VirusTotal first submission UTC,,2026-09-11T04:00:22Z,51ec88944c7e79deb488ca2c91e1f131ac537a26a4affb0eb026115b06b0fc8f,,https://www.virustotal.com/gui/file/51ec88944c7e79deb488ca2c91e1f131ac537a26a4affb0eb026115b06b0fc8f/details,ir.divar,a954e0419e34ff0779ef5186f06a985b42fd3db07bb03764aa7ff4bf21931baf,true,true,true,false,present,present,present,present,present,OneSignal/FCM body campaign; API response X-CORRELATION-ID,worker stage URL 0x68; header envelope 0x64,parsed_signed_APK_static
11.14.20-w,260901010,2026-09-14T08:20:17Z,VirusTotal first submission UTC,,2026-09-14T08:20:17Z,bbcb365f04373f6ef2546186f4ebe21efcf161f1908b5f922242af5d34678be1,,https://www.virustotal.com/gui/file/bbcb365f04373f6ef2546186f4ebe21efcf161f1908b5f922242af5d34678be1/details,ir.divar,a954e0419e34ff0779ef5186f06a985b42fd3db07bb03764aa7ff4bf21931baf,true,true,true,false,present,present,present,present,present,OneSignal/FCM body campaign; API response X-CORRELATION-ID,worker stage URL 0x68; header envelope 0x64,parsed_signed_APK_static
11.15.0-w,260921010,2026-09-22T13:21:24Z,VirusTotal first submission UTC,2026-09-22,2026-09-22T13:21:24Z,2c57177e254ec914883a2ed33716e703fad1e2cd21f022332b79a06667852db8,https://divar.en.uptodown.com/android/download/1218271163,https://www.virustotal.com/gui/file/2c57177e254ec914883a2ed33716e703fad1e2cd21f022332b79a06667852db8/details,ir.divar,a954e0419e34ff0779ef5186f06a985b42fd3db07bb03764aa7ff4bf21931baf,true,true,true,false,absent,absent,absent,absent,absent,,,parsed_signed_APK_static
11.15.0-b,260921010,2026-10-03T18:42:56Z,VirusTotal first submission UTC,,2026-10-03T18:42:56Z,7d2f2dbea3b6066971275c9269b16705265b576a6cf349d5c8df3490d8c19274,,https://www.virustotal.com/gui/file/7d2f2dbea3b6066971275c9269b16705265b576a6cf349d5c8df3490d8c19274/details,ir.divar,a954e0419e34ff0779ef5186f06a985b42fd3db07bb03764aa7ff4bf21931baf,true,true,true,false,absent,absent,absent,absent,absent,,,parsed_signed_APK_static
