app,package_id,version_name,version_code,variant,observed_date,date_type,source_url,artifact_type,published_sha256,hash_known_for_same_displayed_version,local_bytes_for_same_displayed_version,record_scope,notes
Rubika,app.rbmain.a,3.6.4,,,2024-01-21,third_party_reported_store_last_update_date,https://certfa.com/lab/android-app/sha1/dc70156038e32e2941d0a00442659ec0df3dd3d1/,sample analysis metadata; bytes not acquired,,no,no,in_window,Certfa reports the app last-update field as 01 Bahman 1402 and a 75.4 MB sample; its 32-hex checksum is not SHA-256. This is stronger evidence for the real app than PGYER’s 9.8 KB record.
Rubika,app.rbmain.a,3.6.4,364,,2024-07-12,third_party_build_page_publish_date,https://www.pgyer.com/app/build/ykb0w7viss,build-page metadata; APK availability and identity not verified from bytes,,no,no,in_window,"PGYER build page associates package and version, but displays a suspicious ~9.8 KB file. Treat as a lead, not an acquired application APK."
Rubika,app.rbmain.a,3.7.3,,,2024-07-21,third_party_reported_store_last_update_date,https://certfa.com/lab/android-app/sha1/60efafb94adcdb16f7a7ea80b760c80827669e88/,sample analysis metadata; bytes not acquired,,no,no,in_window,Certfa reports the app last-update field as 31 Tir 1403 and a sample checksum that is 32 hex characters (not SHA-256); report publication/analysis date is not shown.
Rubika,app.rbmain.a,3.9.8,,,2025-10-29,store_last_update_date,https://myket.ir/app/app.rbmain.a,store APK listing; bytes not acquired,,no,no,in_window,Myket reports 1404/08/07. The listing is older than the Bazaar 4.1.1 entry; channel histories can differ.
Rubika,app.rbmain.a,4.0.5,,,2026-08-23,third_party_reported_update_date,https://www.yekmod.com/rubika/,cached third-party APK listing; live page overwritten; bytes not acquired,,no,no,in_window,Search index preserved a cached page explicitly pairing 4.0.5 with app.rbmain.a on 1 Shahrivar 1405. The live URL now shows 4.1.1; acquire archive snapshot or APK before byte-level audit.
Rubika,app.rbmain.a,4.1.1,,,2026-09-20,store_last_update_date,https://cafebazaar.ir/app/app.rbmain.a,store APK listing; bytes not acquired,,no,no,in_window,"Bazaar reports 29 Shahrivar 1405; date is a store field, not independently confirmed developer release."
Rubika,app.rbmain.a,3.0.7,,,,undated_package_specific_archive_listing,https://www.pgyer.com/apk/apk/app.rbmain.a/download,package-specific archive metadata; bytes not acquired,,no,no,undated_unknown,"Version is listed under package-specific archive; no usable release date, build code, SHA-256, or verified APK bytes. PGYER displays 1970 placeholders for some records."
Rubika,app.rbmain.a,3.1.1,,,,undated_package_specific_archive_listing,https://www.pgyer.com/apk/apk/app.rbmain.a/download,package-specific archive metadata; bytes not acquired,,no,no,undated_unknown,"Version is listed under package-specific archive; no usable release date, build code, SHA-256, or verified APK bytes. PGYER displays 1970 placeholders for some records."
Rubika,app.rbmain.a,3.3.2,,,,undated_package_specific_archive_listing,https://www.pgyer.com/apk/apk/app.rbmain.a/download,package-specific archive metadata; bytes not acquired,,no,no,undated_unknown,"Version is listed under package-specific archive; no usable release date, build code, SHA-256, or verified APK bytes. PGYER displays 1970 placeholders for some records."
Eitaa,ir.eitaa.messenger,6.2,24401,,2023-03-05,third_party_filename_date,https://tx.me/s/Salehi786?after=5970,Telegram APK attachment claimed; package/signature not read,,no,no,in_window,Filename Eitaa Messenger 6.2 _24401 - 1401.12.14 .apk; 24401 may be uploader naming and is not manifest-confirmed. Another repost uses 2440.
Eitaa,ir.eitaa.messenger,6.3.1,2451,,2023-08-28,third_party_reported_update_date,https://t.me/s/SalehiApps?before=1091&q=%23%D9%86%D8%B3%D8%AE%D9%87_%D8%AC%D8%AF%DB%8C%D8%AF_%D8%A7%DB%8C%D8%AA%D8%A7,Telegram APK attachment claimed; package/signature not read,,no,no,in_window,Filename eitaa-6.3.1(2451).apk; build code parsed from filename only. Repost claims 6 Shahrivar 1402.
Eitaa,ir.eitaa.messenger,6.3.4,,,2023-09-02,third_party_reported_store_last_update_date,https://certfa.com/lab/android-app/sha1/237643bada0063c05b94e307c43fe0292758cd14/,sample analysis metadata; bytes not acquired,,no,no,in_window,Certfa reports the app last-update field as 11 Shahrivar 1402; 32-hex checksum is not SHA-256.
Eitaa,ir.eitaa.messenger,6.3.7,,,2023-11-02,third_party_reported_store_last_update_date,https://certfa.com/lab/android-app/sha1/f0d84fc1b8c9b3fc8afb658ce27a0fa4340f741c/,sample analysis metadata; bytes not acquired,,no,no,in_window,Certfa reports the app last-update field as 11 Aban 1402; report publication/analysis date is not shown.
Eitaa,ir.eitaa.messenger,6.4.14,,,2024-02-29,third_party_reported_update_date,https://t.me/s/SalehiApps?before=1091&q=%23%D9%86%D8%B3%D8%AE%D9%87_%D8%AC%D8%AF%DB%8C%D8%AF_%D8%A7%DB%8C%D8%AA%D8%A7,Telegram APK attachment claimed; package/signature not read,,no,no,in_window,Repost claims Eitaa version update 10 Esfand 1402.
Eitaa,ir.eitaa.messenger,6.6.2,,,2025-05-18,third_party_reported_update_date,https://t.me/s/SalehiApps?before=1091&q=%23%D9%86%D8%B3%D8%AE%D9%87_%D8%AC%D8%AF%DB%8C%D8%AF_%D8%A7%DB%8C%D8%AA%D8%A7,Telegram APK attachment claimed; package/signature not read,,no,no,in_window,Repost claims Eitaa version update 28 Ordibehesht 1404.
Eitaa,ir.eitaa.messenger,6.7.10,,,2026-06-06,third_party_reported_update_date,https://telegram.me/s/SalehiApps?after=1170,Telegram APK attachment claimed; package/signature not read,,no,no,in_window,Repost says 16 Khordad 1405; page also contains a later general update timestamp.
Eitaa,ir.eitaa.messenger,7.1,,,2026-08-29,third_party_reported_update_date,https://telegram.me/s/SalehiApps?after=1170,Telegram APK attachment claimed; package/signature not read,,no,no,in_window,Repost says official-site update on 7 Shahrivar 1405; exact package remains to be checked from file bytes.
Eitaa,ir.eitaa.messenger,7.1.2,,,2026-09-13,store_last_update_date,https://myket.ir/app/ir.eitaa.messenger,store APK listing; bytes not acquired,,no,no,in_window,Myket reports 1405/06/22; store date is not an independently confirmed developer release date.
Eitaa,ir.eitaa.messenger,4.2,,,,undated_package_specific_archive_listing,https://www.pgyer.com/apk/apk/ir.eitaa.messenger/download,package-specific archive metadata; bytes not acquired,,no,no,undated_unknown,"PGYER lists 4.2 under the exact package but provides no reliable date or code; publisher label StartAd App is inconsistent with the official developer and requires extra verification. A separate community repost filename says 4.2(1656), not manifest-confirmed."
Snapp,cab.snapp.passenger,2.6.4,,Snapp passenger historical baseline,2016-10-19,APKCombo archive date; release date unverified,https://apkcombo.com/snapp-%D8%A7%D8%B3%D9%86%D9%BE/cab.snapp.passenger/old-versions/,APK listed; bytes not acquired,,no,no,pre_2023_baseline,Early isolated archive observation. No continuity implied across the 2017–2024 archive gap.
Snapp,cab.snapp.passenger,2.6.5,,Snapp passenger historical baseline,2016-11-06,APKCombo archive date; release date unverified,https://apkcombo.com/snapp-%D8%A7%D8%B3%D9%86%D9%BE/cab.snapp.passenger/old-versions/,APK listed; bytes not acquired,,no,no,pre_2023_baseline,Early isolated archive observation. No continuity implied across the 2017–2024 archive gap.
Snapp,cab.snapp.passenger,3.0.0,,Snapp passenger historical baseline,2016-12-07,APKCombo archive date; release date unverified,https://apkcombo.com/snapp-%D8%A7%D8%B3%D9%86%D9%BE/cab.snapp.passenger/old-versions/,APK listed; bytes not acquired,,no,no,pre_2023_baseline,Early isolated archive observation. No continuity implied across the 2017–2024 archive gap.
Snapp,cab.snapp.passenger,3.0.1,,Snapp passenger historical baseline,2016-12-08,APKCombo archive date; release date unverified,https://apkcombo.com/snapp-%D8%A7%D8%B3%D9%86%D9%BE/cab.snapp.passenger/old-versions/,APK listed; bytes not acquired,,no,no,pre_2023_baseline,Early isolated archive observation. No continuity implied across the 2017–2024 archive gap.
Snapp,cab.snapp.passenger,3.0.2,,Snapp passenger historical baseline,2016-12-10,APKCombo archive date; release date unverified,https://apkcombo.com/snapp-%D8%A7%D8%B3%D9%86%D9%BE/cab.snapp.passenger/old-versions/,APK listed; bytes not acquired,,no,no,pre_2023_baseline,Early isolated archive observation. No continuity implied across the 2017–2024 archive gap.
Snapp,cab.snapp.passenger,3.1.0,,Snapp passenger historical baseline,2017-01-08,APKCombo archive date; release date unverified,https://apkcombo.com/snapp-%D8%A7%D8%B3%D9%86%D9%BE/cab.snapp.passenger/old-versions/,APK listed; bytes not acquired,,no,no,pre_2023_baseline,Early isolated archive observation. No continuity implied across the 2017–2024 archive gap.
Snapp,cab.snapp.passenger,3.1.1,,Snapp passenger historical baseline,2017-01-09,APKCombo archive date; release date unverified,https://apkcombo.com/snapp-%D8%A7%D8%B3%D9%86%D9%BE/cab.snapp.passenger/old-versions/,APK listed; bytes not acquired,,no,no,pre_2023_baseline,Early isolated archive observation. No continuity implied across the 2017–2024 archive gap.
Snapp,cab.snapp.passenger,3.1.2,,Snapp passenger historical baseline,2017-01-25,APKCombo archive date; release date unverified,https://apkcombo.com/snapp-%D8%A7%D8%B3%D9%86%D9%BE/cab.snapp.passenger/old-versions/,APK listed; bytes not acquired,,no,no,pre_2023_baseline,Early isolated archive observation. No continuity implied across the 2017–2024 archive gap.
Snapp,cab.snapp.passenger,3.1.3,,Snapp passenger historical baseline,2017-02-14,APKCombo archive date; release date unverified,https://apkcombo.com/snapp-%D8%A7%D8%B3%D9%86%D9%BE/cab.snapp.passenger/old-versions/,APK listed; bytes not acquired,,no,no,pre_2023_baseline,Early isolated archive observation. No continuity implied across the 2017–2024 archive gap.
Snapp,cab.snapp.passenger,3.2.0,,Snapp passenger historical baseline,2017-03-07,APKCombo archive date; release date unverified,https://apkcombo.com/snapp-%D8%A7%D8%B3%D9%86%D9%BE/cab.snapp.passenger/old-versions/,APK listed; bytes not acquired,,no,no,pre_2023_baseline,Early isolated archive observation. No continuity implied across the 2017–2024 archive gap.
Snapp,cab.snapp.passenger,3.2.1,,Snapp passenger historical baseline,2017-03-09,APKCombo archive date; release date unverified,https://apkcombo.com/snapp-%D8%A7%D8%B3%D9%86%D9%BE/cab.snapp.passenger/old-versions/,APK listed; bytes not acquired,,no,no,pre_2023_baseline,Early isolated archive observation. No continuity implied across the 2017–2024 archive gap.
Snapp,cab.snapp.passenger,3.2.2,,Snapp passenger historical baseline,2017-03-15,APKCombo archive date; release date unverified,https://apkcombo.com/snapp-%D8%A7%D8%B3%D9%86%D9%BE/cab.snapp.passenger/old-versions/,APK listed; bytes not acquired,,no,no,pre_2023_baseline,Early isolated archive observation. No continuity implied across the 2017–2024 archive gap.
Snapp,cab.snapp.passenger,3.3.2,,Snapp passenger historical baseline,2017-06-21,APKCombo archive date; release date unverified,https://apkcombo.com/snapp-%D8%A7%D8%B3%D9%86%D9%BE/cab.snapp.passenger/old-versions/,APK listed; bytes not acquired,,no,no,pre_2023_baseline,Early isolated archive observation. No continuity implied across the 2017–2024 archive gap.
Snapp,cab.snapp.passenger,3.3.3,,Snapp passenger historical baseline,2017-06-22,APKCombo archive date; release date unverified,https://apkcombo.com/snapp-%D8%A7%D8%B3%D9%86%D9%BE/cab.snapp.passenger/old-versions/,APK listed; bytes not acquired,,no,no,pre_2023_baseline,Early isolated archive observation. No continuity implied across the 2017–2024 archive gap.
Snapp,cab.snapp.passenger,3.3.5,,Snapp passenger historical baseline,2017-07-24,APKCombo archive date; release date unverified,https://apkcombo.com/snapp-%D8%A7%D8%B3%D9%86%D9%BE/cab.snapp.passenger/old-versions/,APK listed; bytes not acquired,,no,no,pre_2023_baseline,Early isolated archive observation. No continuity implied across the 2017–2024 archive gap.
Snapp,cab.snapp.passenger,3.3.6,,Snapp passenger historical baseline,2017-08-09,APKCombo archive date; release date unverified,https://apkcombo.com/snapp-%D8%A7%D8%B3%D9%86%D9%BE/cab.snapp.passenger/old-versions/,APK listed; bytes not acquired,,no,no,pre_2023_baseline,Early isolated archive observation. No continuity implied across the 2017–2024 archive gap.
Snapp,cab.snapp.passenger,3.3.7,,Snapp passenger historical baseline,2017-08-20,APKCombo archive date; release date unverified,https://apkcombo.com/snapp-%D8%A7%D8%B3%D9%86%D9%BE/cab.snapp.passenger/old-versions/,APK listed; bytes not acquired,,no,no,pre_2023_baseline,Early isolated archive observation. No continuity implied across the 2017–2024 archive gap.
Snapp,cab.snapp.passenger,8.6.0,,Snapp passenger,2023-07-21,Telegram post date,https://t.me/s/skymitie/35062?q=%23snapp,archive listing; format unverified,,no,no,in_window,Earlier candidate worklist; not_acquired; not_audited. Package and exact hash not verified
Snapp,cab.snapp.passenger,8.7.0,,Snapp passenger,2023-08-17,Telegram post date,https://t.me/s/skymitie/35062?q=%23snapp,archive listing; format unverified,,no,no,in_window,Earlier candidate worklist; not_acquired; not_audited. Package and exact hash not verified
Snapp,cab.snapp.passenger,8.8.1,,Snapp passenger,2023-09-19,Telegram post date,https://t.me/s/skymitie/35062?q=%23snapp,archive listing; format unverified,,no,no,in_window,Earlier candidate worklist; not_acquired; not_audited. Package and exact hash not verified
Snapp,cab.snapp.passenger,8.9.0,,Snapp passenger,2023-10-25,Telegram post date,https://t.me/s/snappi?before=45350&q=%23%D8%A7%D9%86%D8%AF%D8%B1%D9%88%DB%8C%D8%AF,archive listing; format unverified,,no,no,in_window,Earlier candidate worklist; not_acquired; not_audited. Caption links cab.snapp.passenger; exact hash not verified
Snapp,cab.snapp.passenger,8.18.0,,Snapp passenger,2024-08-26,Telegram post date,https://t.me/s/skymitie/35062?q=%23snapp,archive listing; format unverified,,no,no,in_window,Earlier candidate worklist; not_acquired; not_audited. Exact hash not verified
Snapp,cab.snapp.passenger,8.19.0,,Snapp passenger,2024-09-18,Telegram post date,https://t.me/s/skymitie/35062?q=%23snapp,archive listing; format unverified,,no,no,in_window,Earlier candidate worklist; not_acquired; not_audited. Exact hash not verified
Snapp,cab.snapp.passenger,8.19.1,,Snapp passenger,2024-11-04,Telegram post date,https://t.me/s/skymitie/35062?q=%23snapp,archive listing; format unverified,,no,no,in_window,Earlier candidate worklist; not_acquired; not_audited. Exact hash not verified
Snapp,cab.snapp.passenger,8.20.0,,Snapp passenger,2024-11-04,Uptodown version listing date,https://snapp.en.uptodown.com/android/versions,APK listed,,no,no,in_window,Earlier candidate worklist; not_acquired; not_audited. Exact hash not verified
Snapp,cab.snapp.passenger,8.20.1,,Snapp passenger,2024-11-09,Uptodown version listing date,https://snapp.en.uptodown.com/android/versions,APK listed,,no,no,in_window,Earlier candidate worklist; not_acquired; not_audited. Exact hash not verified
Snapp,cab.snapp.passenger,8.21.0,,Snapp passenger,2024-11-23,Uptodown version listing date,https://snapp.en.uptodown.com/android/versions,APK listed,,no,no,in_window,Earlier candidate worklist; not_acquired; not_audited. Exact hash not verified
Snapp,cab.snapp.passenger,8.22.0,,Snapp passenger,2024-12-07,Uptodown version listing date,https://snapp.en.uptodown.com/android/versions,APK listed,,no,no,in_window,Earlier candidate worklist; not_acquired; not_audited. Also listed by APKCombo for exact package; exact hash not verified
Snapp,cab.snapp.passenger,8.30.0,,Snapp passenger,2025-03-08,Uptodown version listing date,https://snapp.en.uptodown.com/android/versions,APK listed,,no,no,in_window,Earlier candidate worklist; not_acquired; not_audited. Exact hash not verified
Snapp,cab.snapp.passenger,8.30.1,,Snapp passenger,2025-03-13,Uptodown version listing date,https://snapp.en.uptodown.com/android/versions,APK listed,,no,no,in_window,Earlier candidate worklist; not_acquired; not_audited. Exact hash not verified
Snapp,cab.snapp.passenger,8.31.0,,Snapp passenger,2025-04-14,Uptodown version listing date,https://snapp.en.uptodown.com/android/versions,APK listed,,no,no,in_window,Earlier candidate worklist; not_acquired; not_audited. Exact hash not verified
Snapp,cab.snapp.passenger,8.32.0,,Snapp passenger,2025-05-20,Uptodown version listing date,https://snapp.en.uptodown.com/android/versions,APK listed,,no,no,in_window,Earlier candidate worklist; not_acquired; not_audited. Exact hash not verified
Snapp,cab.snapp.passenger,8.32.1,,Snapp passenger,2025-05-25,Uptodown version listing date,https://snapp.en.uptodown.com/android/versions,APK listed,,no,no,in_window,Earlier candidate worklist; not_acquired; not_audited. Exact hash not verified
Snapp,cab.snapp.passenger,8.33.0,292,Snapp passenger,2025-07-16,APKMirror upload date,https://www.apkmirror.com/apk/snapp-cab/snapp-2/snapp-8-33-0-release/snapp-8-33-0-android-apk-download/,archive listing; format unverified,7f0030e7c58bbc339827ffe523474c59d663f3dc100756af9e294b9299513269,yes,no,in_window,Earlier candidate worklist; not_acquired; not_audited. SHA-256 7f0030e7c58bbc339827ffe523474c59d663f3dc100756af9e294b9299513269; not audited
Snapp,cab.snapp.passenger,8.34.0,,Snapp passenger,2025-08-14,Uptodown version listing date,https://snapp.en.uptodown.com/android/versions,APK listed,,no,no,in_window,Earlier candidate worklist; not_acquired; not_audited. Exact hash not verified
Snapp,cab.snapp.passenger,8.35.0,,Snapp passenger,2025-09-26,Uptodown version listing date,https://snapp.en.uptodown.com/android/versions,APK listed,,no,no,in_window,Earlier candidate worklist; not_acquired; not_audited. Exact hash not verified
Snapp,cab.snapp.passenger,8.35.1,,Snapp passenger,2025-10-01,Uptodown version listing date,https://snapp.en.uptodown.com/android/versions,APK listed,,no,no,in_window,Earlier candidate worklist; not_acquired; not_audited. Exact hash not verified
Snapp,cab.snapp.passenger,8.36.0,,Snapp passenger,2025-10-30,Uptodown version listing date,https://snapp.en.uptodown.com/android/versions,APK listed,,no,no,in_window,Earlier candidate worklist; not_acquired; not_audited. Exact hash not verified
Snapp,cab.snapp.passenger,8.41.0,,Snapp passenger,2026-06-09,Uptodown version listing date,https://snapp.en.uptodown.com/android/versions,APK listed,,no,no,in_window,Earlier candidate worklist; not_acquired; not_audited. Exact hash not verified
Snapp,cab.snapp.passenger,8.43.0,,Snapp passenger,2026-10-01,Uptodown version listing date,https://snapp.en.uptodown.com/android/versions,APK listed,,no,no,in_window,Earlier candidate worklist; not_acquired; not_audited. After 30 Sep 2026 report cutoff; exact hash not verified
Snapp,cab.snapp.passenger.gp,8.2.0,260,Snapp passenger GP,2023-03-25,APKPure listing date,https://apkpure.net/snapp-%D8%A7%D8%B3%D9%86%D9%BE/cab.snapp.passenger.gp/versions,APK/XAPK listing; format check needed,,no,no,in_window,Earlier candidate worklist; not_acquired; not_audited. Early-2023 alternate package; multiple architecture variants
Snapp,cab.snapp.passenger.gp,8.3.0,262,Snapp passenger GP,2023-04-23,APKPure listing date,https://apkpure.net/snapp-%D8%A7%D8%B3%D9%86%D9%BE/cab.snapp.passenger.gp/versions,APK/XAPK listing; format check needed,,no,no,in_window,Earlier candidate worklist; not_acquired; not_audited. Early-2023 alternate package; multiple architecture variants
Snapp,cab.snapp.passenger.play,7.0.0,244,Snapp passenger Play,2022-04-12,"APKPure listed update, not confirmed developer release",https://apkpure.net/snapp/cab.snapp.passenger.play/versions,APK/XAPK listing; exact file format check needed,,no,no,pre_2023_baseline,Separate Play package; do not treat as cab.snapp.passenger build.
Snapp,cab.snapp.passenger.play,8.0.3,251,Snapp passenger Play,2022-07-25,"APKPure listed update, not confirmed developer release",https://apkpure.net/snapp/cab.snapp.passenger.play/versions,APK/XAPK listing; exact file format check needed,,no,no,pre_2023_baseline,Separate Play package; do not treat as cab.snapp.passenger build.
Snapp,cab.snapp.passenger.play,8.1.4,,Snapp passenger Play,2022-10-16,"APKPure listed update, not confirmed developer release",https://apkpure.net/snapp/cab.snapp.passenger.play/versions,APK/XAPK listing; exact file format check needed,,no,no,pre_2023_baseline,Separate Play package; do not treat as cab.snapp.passenger build.
Snapp,cab.snapp.passenger.play,8.1.5,,Snapp passenger Play,2022-11-13,APKMirror upload date,https://www.apkmirror.com/apk/snapp-cab/snapp/snapp-8-1-5-release/,archive listing; format unverified,,no,no,pre_2023_baseline,Earlier candidate worklist; not_acquired; not_audited. Pre-Feb baseline; not same package as audited passenger
Neshan,org.rajman.neshan.traffic.tehran.navigator,11.6.1,70283,Neshan,2023-04-05,third-party archive listing/upload; not first distribution,https://gionee-f100.apkbog.com/en/apk/xn------tze8bleg2j7agjbeq92sba/11.6.1/70283,archive listing; format unverified,,no,no,in_window,Earlier candidate worklist; not_acquired; not_audited. Nearest catalogued pre-15-May-2023 build; establish an older baseline; no exact bytes acquired.
Neshan,org.rajman.neshan.traffic.tehran.navigator,11.8.0,70294,Neshan,2023-06-10,third-party archive listing/upload; not first distribution,https://gionee-f100.apkbog.com/en/apk/xn------tze8bleg2j7agjbeq92sba/11.8.0/70294,archive listing; format unverified,,no,no,in_window,Earlier candidate worklist; not_acquired; not_audited.
Neshan,org.rajman.neshan.traffic.tehran.navigator,11.9.0,,Neshan,2023-06-16,third-party archive listing/upload; not first distribution,https://gionee-f100.apkbog.com/en/apk/xn------tze8bleg2j7agjbeq92sba/11.9.0,archive listing; format unverified,,no,no,in_window,Earlier candidate worklist; not_acquired; not_audited.
Neshan,org.rajman.neshan.traffic.tehran.navigator,11.10.0,,Neshan,2023-07-16,third-party archive listing/upload; not first distribution,https://gionee-f100.apkbog.com/en/apk/xn------tze8bleg2j7agjbeq92sba/11.10.0,archive listing; format unverified,,no,no,in_window,Earlier candidate worklist; not_acquired; not_audited.
Neshan,org.rajman.neshan.traffic.tehran.navigator,11.11.0,70307,Neshan,2023-07-16,third-party archive listing/upload; not first distribution,https://gionee-f100.apkbog.com/en/apk/xn------tze8bleg2j7agjbeq92sba/11.11.0/70307,archive listing; format unverified,,no,no,in_window,Earlier candidate worklist; not_acquired; not_audited. Same version name has distinct build codes; acquire both.
Neshan,org.rajman.neshan.traffic.tehran.navigator,11.11.0,70309,Neshan,2023-07-23,third-party archive listing/upload; not first distribution,https://gionee-f100.apkbog.com/en/apk/xn------tze8bleg2j7agjbeq92sba/11.11.0/70309,archive listing; format unverified,,no,no,in_window,Earlier candidate worklist; not_acquired; not_audited. Same version name has distinct build codes; acquire both.
Neshan,org.rajman.neshan.traffic.tehran.navigator,11.12.0,70312,Neshan,2023-07-30,third-party archive listing/upload; not first distribution,https://gionee-f100.apkbog.com/en/apk/xn------tze8bleg2j7agjbeq92sba/11.12.0/70312,archive listing; format unverified,,no,no,in_window,Earlier candidate worklist; not_acquired; not_audited. Same version name has distinct build codes; acquire both.
Neshan,org.rajman.neshan.traffic.tehran.navigator,11.12.0,70316,Neshan,2023-08-11,third-party archive listing/upload; not first distribution,https://gionee-f100.apkbog.com/en/apk/xn------tze8bleg2j7agjbeq92sba/11.12.0/70316,archive listing; format unverified,,no,no,in_window,Earlier candidate worklist; not_acquired; not_audited. Same version name has distinct build codes; acquire both.
Neshan,org.rajman.neshan.traffic.tehran.navigator,11.13.0,70318,Neshan,2023-08-11,third-party archive listing/upload; not first distribution,https://gionee-f100.apkbog.com/en/apk/xn------tze8bleg2j7agjbeq92sba/11.13.0/70318,archive listing; format unverified,,no,no,in_window,Earlier candidate worklist; not_acquired; not_audited. Same version name has distinct build codes; acquire both.
Neshan,org.rajman.neshan.traffic.tehran.navigator,11.13.0,70322,Neshan,2023-08-26,third-party archive listing/upload; not first distribution,https://gionee-f100.apkbog.com/en/apk/xn------tze8bleg2j7agjbeq92sba/11.13.0/70322,archive listing; format unverified,,no,no,in_window,Earlier candidate worklist; not_acquired; not_audited. Same version name has distinct build codes; acquire both.
Neshan,org.rajman.neshan.traffic.tehran.navigator,11.14.2,,Neshan,2023-09-07,third-party archive listing/upload; not first distribution,https://gionee-f100.apkbog.com/en/apk/xn------tze8bleg2j7agjbeq92sba/11.14.2,archive listing; format unverified,,no,no,in_window,Earlier candidate worklist; not_acquired; not_audited.
Neshan,org.rajman.neshan.traffic.tehran.navigator,11.15.1,,Neshan,2023-09-09,third-party archive listing/upload; not first distribution,https://gionee-f100.apkbog.com/en/apk/xn------tze8bleg2j7agjbeq92sba/11.15.1,archive listing; format unverified,,no,no,in_window,Earlier candidate worklist; not_acquired; not_audited.
Neshan,org.rajman.neshan.traffic.tehran.navigator,11.15.2,,Neshan,2023-09-17,third-party archive listing/upload; not first distribution,https://gionee-f100.apkbog.com/en/apk/xn------tze8bleg2j7agjbeq92sba/11.15.2,archive listing; format unverified,,no,no,in_window,Earlier candidate worklist; not_acquired; not_audited.
Neshan,org.rajman.neshan.traffic.tehran.navigator,11.15.3,,Neshan,2023-09-18,third-party archive listing/upload; not first distribution,https://gionee-f100.apkbog.com/en/apk/xn------tze8bleg2j7agjbeq92sba/11.15.3,archive listing; format unverified,,no,no,in_window,Earlier candidate worklist; not_acquired; not_audited.
Neshan,org.rajman.neshan.traffic.tehran.navigator,11.16.2,,Neshan,2023-10-01,third-party archive listing/upload; not first distribution,https://gionee-f100.apkbog.com/en/apk/xn------tze8bleg2j7agjbeq92sba/11.16.2,archive listing; format unverified,,no,no,in_window,Earlier candidate worklist; not_acquired; not_audited.
Neshan,org.rajman.neshan.traffic.tehran.navigator,11.17.3,,Neshan,2023-10-19,third-party archive listing/upload; not first distribution,https://gionee-f100.apkbog.com/en/apk/xn------tze8bleg2j7agjbeq92sba/11.17.3,archive listing; format unverified,,no,no,in_window,Earlier candidate worklist; not_acquired; not_audited.
Neshan,org.rajman.neshan.traffic.tehran.navigator,11.18.2,,Neshan,2023-11-04,third-party archive listing/upload; not first distribution,https://gionee-f100.apkbog.com/en/apk/xn------tze8bleg2j7agjbeq92sba/11.18.2,archive listing; format unverified,,no,no,in_window,Earlier candidate worklist; not_acquired; not_audited.
Neshan,org.rajman.neshan.traffic.tehran.navigator,11.19.3,,Neshan,2023-12-20,third-party archive listing/upload; not first distribution,https://gionee-f100.apkbog.com/en/apk/xn------tze8bleg2j7agjbeq92sba/11.19.3,archive listing; format unverified,,no,no,in_window,Earlier candidate worklist; not_acquired; not_audited.
Neshan,org.rajman.neshan.traffic.tehran.navigator,11.20.1,,Neshan,2024-01-03,third-party archive listing/upload; not first distribution,https://gionee-f100.apkbog.com/en/apk/xn------tze8bleg2j7agjbeq92sba/11.20.1,archive listing; format unverified,,no,no,in_window,Earlier candidate worklist; not_acquired; not_audited.
Neshan,org.rajman.neshan.traffic.tehran.navigator,11.19.4,,Neshan,2024-01-10,third-party archive listing/upload; not first distribution,https://gionee-f100.apkbog.com/en/apk/xn------tze8bleg2j7agjbeq92sba/11.19.4,archive listing; format unverified,,no,no,in_window,Earlier candidate worklist; not_acquired; not_audited.
Neshan,org.rajman.neshan.traffic.tehran.navigator,11.20.2,,Neshan,2024-01-14,third-party archive listing/upload; not first distribution,https://gionee-f100.apkbog.com/en/apk/xn------tze8bleg2j7agjbeq92sba/11.20.2,archive listing; format unverified,,no,no,in_window,Earlier candidate worklist; not_acquired; not_audited.
Neshan,org.rajman.neshan.traffic.tehran.navigator,11.23.1,,Neshan,2024-02-27,third-party archive listing/upload; not first distribution,https://apkcombo.com/neshan-map-navigation-app/org.rajman.neshan.traffic.tehran.navigator/old-versions/,APK/XAPK listing; format check needed,,no,no,in_window,Earlier candidate worklist; not_acquired; not_audited.
Neshan,org.rajman.neshan.traffic.tehran.navigator,11.21.1,,Neshan,2024-03-01,third-party archive listing/upload; not first distribution,https://apkcombo.com/neshan-map-navigation-app/org.rajman.neshan.traffic.tehran.navigator/old-versions/,APK/XAPK listing; format check needed,,no,no,in_window,Earlier candidate worklist; not_acquired; not_audited.
Neshan,org.rajman.neshan.traffic.tehran.navigator,11.23.3,,Neshan,2024-03-12,third-party archive listing/upload; not first distribution,https://apkcombo.com/neshan-map-navigation-app/org.rajman.neshan.traffic.tehran.navigator/old-versions/,APK/XAPK listing; format check needed,,no,no,in_window,Earlier candidate worklist; not_acquired; not_audited.
Neshan,org.rajman.neshan.traffic.tehran.navigator,11.24.3,,Neshan,2024-03-14,third-party archive listing/upload; not first distribution,https://apkcombo.com/neshan-map-navigation-app/org.rajman.neshan.traffic.tehran.navigator/old-versions/,APK/XAPK listing; format check needed,,no,no,in_window,Earlier candidate worklist; not_acquired; not_audited.
Neshan,org.rajman.neshan.traffic.tehran.navigator,12.0.0,,Neshan,2024-03-16,third-party archive listing/upload; not first distribution,https://apkcombo.com/neshan-map-navigation-app/org.rajman.neshan.traffic.tehran.navigator/old-versions/,APK/XAPK listing; format check needed,,no,no,in_window,Earlier candidate worklist; not_acquired; not_audited.
Neshan,org.rajman.neshan.traffic.tehran.navigator,12.1.1,,Neshan,2024-04-17,third-party archive listing/upload; not first distribution,https://apkcombo.com/neshan-map-navigation-app/org.rajman.neshan.traffic.tehran.navigator/old-versions/,APK/XAPK listing; format check needed,,no,no,in_window,Earlier candidate worklist; not_acquired; not_audited.
Neshan,org.rajman.neshan.traffic.tehran.navigator,12.0.1,,Neshan,2024-04-18,third-party archive listing/upload; not first distribution,https://apkcombo.com/neshan-map-navigation-app/org.rajman.neshan.traffic.tehran.navigator/old-versions/,APK/XAPK listing; format check needed,,no,no,in_window,Earlier candidate worklist; not_acquired; not_audited.
Neshan,org.rajman.neshan.traffic.tehran.navigator,12.3.2,,Neshan,2024-06-07,third-party archive listing/upload; not first distribution,https://apkcombo.com/neshan-map-navigation-app/org.rajman.neshan.traffic.tehran.navigator/old-versions/,APK/XAPK listing; format check needed,,no,no,in_window,Earlier candidate worklist; not_acquired; not_audited.
Neshan,org.rajman.neshan.traffic.tehran.navigator,12.2.2,,Neshan,2024-06-24,third-party archive listing/upload; not first distribution,https://apkcombo.com/neshan-map-navigation-app/org.rajman.neshan.traffic.tehran.navigator/old-versions/,APK/XAPK listing; format check needed,,no,no,in_window,Earlier candidate worklist; not_acquired; not_audited.
Neshan,org.rajman.neshan.traffic.tehran.navigator,12.4.2,,Neshan,2024-06-30,third-party archive listing/upload; not first distribution,https://apkcombo.com/neshan-map-navigation-app/org.rajman.neshan.traffic.tehran.navigator/old-versions/,APK/XAPK listing; format check needed,,no,no,in_window,Earlier candidate worklist; not_acquired; not_audited.
Neshan,org.rajman.neshan.traffic.tehran.navigator,12.5.3,,Neshan,2024-08-06,third-party archive listing/upload; not first distribution,https://apkcombo.com/neshan-map-navigation-app/org.rajman.neshan.traffic.tehran.navigator/old-versions/,APK/XAPK listing; format check needed,,no,no,in_window,Earlier candidate worklist; not_acquired; not_audited.
Neshan,org.rajman.neshan.traffic.tehran.navigator,12.6.2,,Neshan,2024-08-21,third-party archive listing/upload; not first distribution,https://apkcombo.com/neshan-map-navigation-app/org.rajman.neshan.traffic.tehran.navigator/old-versions/,APK/XAPK listing; format check needed,,no,no,in_window,Earlier candidate worklist; not_acquired; not_audited.
Neshan,org.rajman.neshan.traffic.tehran.navigator,12.7.3,,Neshan,2024-10-23,third-party archive listing/upload; not first distribution,https://apkcombo.com/neshan-map-navigation-app/org.rajman.neshan.traffic.tehran.navigator/old-versions/,APK/XAPK listing; format check needed,,no,no,in_window,Earlier candidate worklist; not_acquired; not_audited.
Neshan,org.rajman.neshan.traffic.tehran.navigator,12.7.4,,Neshan,2024-11-06,third-party archive listing/upload; not first distribution,https://apkcombo.com/neshan-map-navigation-app/org.rajman.neshan.traffic.tehran.navigator/old-versions/,APK/XAPK listing; format check needed,,no,no,in_window,Earlier candidate worklist; not_acquired; not_audited.
Neshan,org.rajman.neshan.traffic.tehran.navigator,12.7.5,,Neshan,2024-11-23,third-party archive listing/upload; not first distribution,https://apkcombo.com/neshan-map-navigation-app/org.rajman.neshan.traffic.tehran.navigator/old-versions/,APK/XAPK listing; format check needed,,no,no,in_window,Earlier candidate worklist; not_acquired; not_audited.
Neshan,org.rajman.neshan.traffic.tehran.navigator,12.8.3,70477,Neshan,2024-12-22,third-party archive listing/upload; not first distribution,https://www.apkturbo.com/apps/download-app/org.rajman.neshan.traffic.tehran.navigator/,archive listing; format unverified,,no,no,in_window,Earlier candidate worklist; not_acquired; not_audited. APKTurbo indexes versionCode 70477 with 18-24 Dec 2024 architecture variants; APK.cafe lists 22 Dec 2024; APKCombo labels the same version 20 Feb 2025. Archive dates differ and do not establish original release.
Neshan,org.rajman.neshan.traffic.tehran.navigator,13.0.13,,Neshan,2025-02-22,third-party archive listing/upload; not first distribution,https://apkcombo.com/neshan-map-navigation-app/org.rajman.neshan.traffic.tehran.navigator/old-versions/,APK/XAPK listing; format check needed,,no,no,in_window,Earlier candidate worklist; not_acquired; not_audited.
Neshan,org.rajman.neshan.traffic.tehran.navigator,13.0.16,,Neshan,2025-03-17,third-party archive listing/upload; not first distribution,https://apkcombo.com/neshan-map-navigation-app/org.rajman.neshan.traffic.tehran.navigator/old-versions/,APK/XAPK listing; format check needed,,no,no,in_window,Earlier candidate worklist; not_acquired; not_audited.
Neshan,org.rajman.neshan.traffic.tehran.navigator,14.2.0,,Neshan,2025-03-21,third-party archive listing/upload; not first distribution,https://apkcombo.com/neshan-map-navigation-app/org.rajman.neshan.traffic.tehran.navigator/old-versions/,APK/XAPK listing; format check needed,,no,no,in_window,Earlier candidate worklist; not_acquired; not_audited.
Neshan,org.rajman.neshan.traffic.tehran.navigator,14.2.3,,Neshan,2025-05-29,third-party archive listing/upload; not first distribution,https://apkcombo.com/neshan-map-navigation-app/org.rajman.neshan.traffic.tehran.navigator/old-versions/,APK/XAPK listing; format check needed,,no,no,in_window,Earlier candidate worklist; not_acquired; not_audited.
Neshan,org.rajman.neshan.traffic.tehran.navigator,14.3.2,,Neshan,2025-06-02,third-party archive listing/upload; not first distribution,https://apkcombo.com/neshan-map-navigation-app/org.rajman.neshan.traffic.tehran.navigator/old-versions/,APK/XAPK listing; format check needed,,no,no,in_window,Earlier candidate worklist; not_acquired; not_audited.
Neshan,org.rajman.neshan.traffic.tehran.navigator,14.3.3,,Neshan,2025-07-17,third-party archive listing/upload; not first distribution,https://apkcombo.com/neshan-map-navigation-app/org.rajman.neshan.traffic.tehran.navigator/old-versions/,APK/XAPK listing; format check needed,,no,no,in_window,Earlier candidate worklist; not_acquired; not_audited.
Neshan,org.rajman.neshan.traffic.tehran.navigator,14.3.9,,Neshan,2025-07-18,third-party archive listing/upload; not first distribution,https://apkcombo.com/neshan-map-navigation-app/org.rajman.neshan.traffic.tehran.navigator/old-versions/,APK/XAPK listing; format check needed,,no,no,in_window,Earlier candidate worklist; not_acquired; not_audited.
Neshan,org.rajman.neshan.traffic.tehran.navigator,14.3.10,,Neshan,2025-07-21,third-party archive listing/upload; not first distribution,https://apkcombo.com/neshan-map-navigation-app/org.rajman.neshan.traffic.tehran.navigator/old-versions/,APK/XAPK listing; format check needed,,no,no,in_window,Earlier candidate worklist; not_acquired; not_audited.
Neshan,org.rajman.neshan.traffic.tehran.navigator,14.3.13,,Neshan,2025-07-27,third-party archive listing/upload; not first distribution,https://apkcombo.com/neshan-map-navigation-app/org.rajman.neshan.traffic.tehran.navigator/old-versions/,APK/XAPK listing; format check needed,,no,no,in_window,Earlier candidate worklist; not_acquired; not_audited.
Neshan,org.rajman.neshan.traffic.tehran.navigator,14.4.7,70542,Neshan,2025-07-30,third-party archive listing/upload; not first distribution,https://apkcombo.com/neshan-map-navigation-app/org.rajman.neshan.traffic.tehran.navigator/old-versions/,APK/XAPK listing; format check needed,,no,no,in_window,Earlier candidate worklist; not_acquired; not_audited.
Neshan,org.rajman.neshan.traffic.tehran.navigator,14.3.14,70543,Neshan,2025-08-06,third-party archive listing/upload; not first distribution,https://www.apkmirror.com/apk/%D9%86%D9%82%D8%B4%D9%87-%D9%88-%D9%85%D8%B3%DB%8C%D8%B1%DB%8C%D8%A7%D8%A8-%D9%86%D8%B4%D8%A7%D9%86/%D9%86%D8%B4%D8%A7%D9%86-%D9%86%D9%82%D8%B4%D9%87-%D9%88-%D9%85%D8%B3%DB%8C%D8%B1%DB%8C%D8%A7%D8%A8-neshan/,archive listing; format unverified,,no,no,in_window,Earlier candidate worklist; not_acquired; not_audited. Earlier archive date chosen where APKMirror and APKCombo disagree; not an asserted release date.
Neshan,org.rajman.neshan.traffic.tehran.navigator,14.4.11,70562,Neshan,2025-08-10,third-party archive listing/upload; not first distribution,https://www.apkmirror.com/apk/%D9%86%D9%82%D8%B4%D9%87-%D9%88-%D9%85%D8%B3%DB%8C%D8%B1%DB%8C%D8%A7%D8%A8-%D9%86%D8%B4%D8%A7%D9%86/%D9%86%D8%B4%D8%A7%D9%86-%D9%86%D9%82%D8%B4%D9%87-%D9%88-%D9%85%D8%B3%DB%8C%D8%B1%DB%8C%D8%A7%D8%A8-neshan/,archive listing; format unverified,,no,no,in_window,Earlier candidate worklist; not_acquired; not_audited. Earlier archive date chosen where APKMirror and APKCombo disagree; not an asserted release date.
Neshan,org.rajman.neshan.traffic.tehran.navigator,14.5.5,70566,Neshan,2025-08-30,third-party archive listing/upload; not first distribution,https://www.apkmirror.com/apk/%D9%86%D9%82%D8%B4%D9%87-%D9%88-%D9%85%D8%B3%DB%8C%D8%B1%DB%8C%D8%A7%D8%A8-%D9%86%D8%B4%D8%A7%D9%86/%D9%86%D8%B4%D8%A7%D9%86-%D9%86%D9%82%D8%B4%D9%87-%D9%88-%D9%85%D8%B3%DB%8C%D8%B1%DB%8C%D8%A7%D8%A8-neshan/,archive listing; format unverified,,no,no,in_window,Earlier candidate worklist; not_acquired; not_audited. Earlier archive date chosen where APKMirror and APKCombo disagree; not an asserted release date.
Neshan,org.rajman.neshan.traffic.tehran.navigator,14.5.7,70570,Neshan,2025-09-15,third-party archive listing/upload; not first distribution,https://www.apkmirror.com/apk/%D9%86%D9%82%D8%B4%D9%87-%D9%88-%D9%85%D8%B3%DB%8C%D8%B1%DB%8C%D8%A7%D8%A8-%D9%86%D8%B4%D8%A7%D9%86/%D9%86%D8%B4%D8%A7%D9%86-%D9%86%D9%82%D8%B4%D9%87-%D9%88-%D9%85%D8%B3%DB%8C%D8%B1%DB%8C%D8%A7%D8%A8-neshan/,archive listing; format unverified,,no,no,in_window,Earlier candidate worklist; not_acquired; not_audited. Earlier archive date chosen where APKMirror and APKCombo disagree; not an asserted release date.
Neshan,org.rajman.neshan.traffic.tehran.navigator,14.6.4,70573,Neshan,2025-10-05,third-party archive listing/upload; not first distribution,https://www.apkmirror.com/apk/%D9%86%D9%82%D8%B4%D9%87-%D9%88-%D9%85%D8%B3%DB%8C%D8%B1%DB%8C%D8%A7%D8%A8-%D9%86%D8%B4%D8%A7%D9%86/%D9%86%D8%B4%D8%A7%D9%86-%D9%86%D9%82%D8%B4%D9%87-%D9%88-%D9%85%D8%B3%DB%8C%D8%B1%DB%8C%D8%A7%D8%A8-neshan/,archive listing; format unverified,,no,no,in_window,Earlier candidate worklist; not_acquired; not_audited. Earlier archive date chosen where APKMirror and APKCombo disagree; not an asserted release date.
Neshan,org.rajman.neshan.traffic.tehran.navigator,14.7.4,70604,Neshan,2025-10-23,third-party archive listing/upload; not first distribution,https://apkpure.net/%D9%86%D8%B4%D8%A7%D9%86-%D9%86%D9%82%D8%B4%D9%87-%D9%88%D9%85%D8%B3%DB%8C%D8%B1%DB%8C%D8%A7%D8%A8-%D9%81%D8%A7%D8%B1%D8%B3%DB%8Cneshan/org.rajman.neshan.traffic.tehran.navigator/versions,APK/XAPK listing; format check needed,,no,no,in_window,Earlier candidate worklist; not_acquired; not_audited.
Neshan,org.rajman.neshan.traffic.tehran.navigator,14.14.0.4,,Neshan third-party catalog lead,2026-09-27,third-party site update shown as 5 Mehr 1405; not confirmed release,https://www.yekmod.com/neshan/,XAPK claimed; not acquired,,no,no,in_window,Package ID and version shown by site; exact code/hash and original publisher status unverified.
Telewebion,net.telewebion,2.5.3,28,unspecified:4.59MB,2017-06-22,archive_upload_date,https://telewebion.apkcafe.in/,APK/APKS archive variant listing; bytes not acquired,,no,no,pre_2023_baseline,Product page states net.telewebion. Variant label preserves published architecture and rounded size; exact variant identity and signer await APK acquisition.
Telewebion,net.telewebion,2.5.3,29,unspecified:4.59MB,2017-06-28,archive_upload_date,https://telewebion.apkcafe.in/,APK/APKS archive variant listing; bytes not acquired,,no,no,pre_2023_baseline,Product page states net.telewebion. Variant label preserves published architecture and rounded size; exact variant identity and signer await APK acquisition.
Telewebion,net.telewebion,2.5.4,,unspecified:5.02MB,2017-09-04,archive_upload_date,https://telewebion.apkcafe.in/,APK/APKS archive variant listing; bytes not acquired,,no,no,pre_2023_baseline,Product page states net.telewebion. Variant label preserves published architecture and rounded size; exact variant identity and signer await APK acquisition.
Telewebion,net.telewebion,2.6,,unspecified:4.93MB,2017-11-16,archive_upload_date,https://telewebion.apkcafe.in/,APK/APKS archive variant listing; bytes not acquired,,no,no,pre_2023_baseline,Product page states net.telewebion. Variant label preserves published architecture and rounded size; exact variant identity and signer await APK acquisition.
Telewebion,net.telewebion,2.6.1,,unspecified:4.93MB,2017-11-23,archive_upload_date,https://telewebion.apkcafe.in/,APK/APKS archive variant listing; bytes not acquired,,no,no,pre_2023_baseline,Product page states net.telewebion. Variant label preserves published architecture and rounded size; exact variant identity and signer await APK acquisition.
Telewebion,net.telewebion,2.6.2,,unspecified:4.93MB,2018-01-23,archive_upload_date,https://telewebion.apkcafe.in/,APK/APKS archive variant listing; bytes not acquired,,no,no,pre_2023_baseline,Product page states net.telewebion. Variant label preserves published architecture and rounded size; exact variant identity and signer await APK acquisition.
Telewebion,net.telewebion,2.6.3,,unspecified:4.99MB,2018-02-10,archive_upload_date,https://telewebion.apkcafe.in/,APK/APKS archive variant listing; bytes not acquired,,no,no,pre_2023_baseline,Product page states net.telewebion. Variant label preserves published architecture and rounded size; exact variant identity and signer await APK acquisition.
Telewebion,net.telewebion,2.6.4,41,unspecified:5.51MB,2018-04-30,archive_upload_date,https://telewebion.apkcafe.in/,APK/APKS archive variant listing; bytes not acquired,,no,no,pre_2023_baseline,Product page states net.telewebion. Variant label preserves published architecture and rounded size; exact variant identity and signer await APK acquisition.
Telewebion,net.telewebion,2.6.4,42,unspecified:5.53MB,2018-05-08,archive_upload_date,https://telewebion.apkcafe.in/,APK/APKS archive variant listing; bytes not acquired,,no,no,pre_2023_baseline,Product page states net.telewebion. Variant label preserves published architecture and rounded size; exact variant identity and signer await APK acquisition.
Telewebion,net.telewebion,2.6.5,,unspecified:5.86MB,2018-06-11,archive_upload_date,https://telewebion.apkcafe.in/,APK/APKS archive variant listing; bytes not acquired,,no,no,pre_2023_baseline,Product page states net.telewebion. Variant label preserves published architecture and rounded size; exact variant identity and signer await APK acquisition.
Telewebion,net.telewebion,2.6.7,,unspecified:6.18MB,2018-09-21,archive_upload_date,https://telewebion.apkcafe.in/,APK/APKS archive variant listing; bytes not acquired,,no,no,pre_2023_baseline,Product page states net.telewebion. Variant label preserves published architecture and rounded size; exact variant identity and signer await APK acquisition.
Telewebion,net.telewebion,3.0.4,,universal:8.20MB,2018-11-12,archive_upload_date,https://telewebion.apkcafe.in/,APK/APKS archive variant listing; bytes not acquired,,no,no,pre_2023_baseline,Product page states net.telewebion. Variant label preserves published architecture and rounded size; exact variant identity and signer await APK acquisition.
Telewebion,net.telewebion,3.0.5,,universal:8.21MB,2018-11-19,archive_upload_date,https://telewebion.apkcafe.in/,APK/APKS archive variant listing; bytes not acquired,,no,no,pre_2023_baseline,Product page states net.telewebion. Variant label preserves published architecture and rounded size; exact variant identity and signer await APK acquisition.
Telewebion,net.telewebion,3.0.6,114,universal:8.09MB,2018-11-20,archive_upload_date,https://telewebion.apkcafe.in/,APK/APKS archive variant listing; bytes not acquired,,no,no,pre_2023_baseline,Product page states net.telewebion. Variant label preserves published architecture and rounded size; exact variant identity and signer await APK acquisition.
Telewebion,net.telewebion,3.0.6,116,universal:8.09MB,2018-11-30,archive_upload_date,https://telewebion.apkcafe.in/,APK/APKS archive variant listing; bytes not acquired,,no,no,pre_2023_baseline,Product page states net.telewebion. Variant label preserves published architecture and rounded size; exact variant identity and signer await APK acquisition.
Telewebion,net.telewebion,3.0.7,,universal:8.60MB,2018-12-09,archive_upload_date,https://telewebion.apkcafe.in/,APK/APKS archive variant listing; bytes not acquired,,no,no,pre_2023_baseline,Product page states net.telewebion. Variant label preserves published architecture and rounded size; exact variant identity and signer await APK acquisition.
Telewebion,net.telewebion,3.0.8,,universal:8.60MB,2018-12-21,archive_upload_date,https://telewebion.apkcafe.in/,APK/APKS archive variant listing; bytes not acquired,,no,no,pre_2023_baseline,Product page states net.telewebion. Variant label preserves published architecture and rounded size; exact variant identity and signer await APK acquisition.
Telewebion,net.telewebion,3.0.9,,universal:8.60MB,2019-01-01,archive_upload_date,https://telewebion.apkcafe.in/,APK/APKS archive variant listing; bytes not acquired,,no,no,pre_2023_baseline,Product page states net.telewebion. Variant label preserves published architecture and rounded size; exact variant identity and signer await APK acquisition.
Telewebion,net.telewebion,3.1.0,126,universal:8.60MB,2019-01-08,archive_upload_date,https://telewebion.apkcafe.in/,APK/APKS archive variant listing; bytes not acquired,,no,no,pre_2023_baseline,Product page states net.telewebion. Variant label preserves published architecture and rounded size; exact variant identity and signer await APK acquisition.
Telewebion,net.telewebion,3.1.0,129,universal:8.61MB,2019-01-17,archive_upload_date,https://telewebion.apkcafe.in/,APK/APKS archive variant listing; bytes not acquired,,no,no,pre_2023_baseline,Product page states net.telewebion. Variant label preserves published architecture and rounded size; exact variant identity and signer await APK acquisition.
Telewebion,net.telewebion,3.1.1,,universal:8.68MB,2019-03-08,archive_upload_date,https://telewebion.apkcafe.in/,APK/APKS archive variant listing; bytes not acquired,,no,no,pre_2023_baseline,Product page states net.telewebion. Variant label preserves published architecture and rounded size; exact variant identity and signer await APK acquisition.
Telewebion,net.telewebion,3.1.2,,universal:8.66MB,2019-09-30,archive_upload_date,https://telewebion.apkcafe.in/,APK/APKS archive variant listing; bytes not acquired,,no,no,pre_2023_baseline,Product page states net.telewebion. Variant label preserves published architecture and rounded size; exact variant identity and signer await APK acquisition.
Telewebion,net.telewebion,3.1.3,,universal:6.61MB,2020-02-15,archive_upload_date,https://telewebion.apkcafe.in/,APK/APKS archive variant listing; bytes not acquired,,no,no,pre_2023_baseline,Product page states net.telewebion. Variant label preserves published architecture and rounded size; exact variant identity and signer await APK acquisition.
Telewebion,net.telewebion,3.2,142,unspecified:6.61MB,2020-02-22,archive_upload_date,https://telewebion.apkcafe.in/,APK/APKS archive variant listing; bytes not acquired,,no,no,pre_2023_baseline,Product page states net.telewebion. Variant label preserves published architecture and rounded size; exact variant identity and signer await APK acquisition.
Telewebion,net.telewebion,3.2,146,unspecified:5.01MB,2020-07-27,archive_upload_date,https://telewebion.apkcafe.in/,APK/APKS archive variant listing; bytes not acquired,,no,no,pre_2023_baseline,Product page states net.telewebion. Variant label preserves published architecture and rounded size; exact variant identity and signer await APK acquisition.
Telewebion,net.telewebion,3.3,148,unspecified:5.54MB,2020-10-01,archive_upload_date,https://telewebion.apkcafe.in/,APK/APKS archive variant listing; bytes not acquired,,no,no,pre_2023_baseline,Product page states net.telewebion. Variant label preserves published architecture and rounded size; exact variant identity and signer await APK acquisition.
Telewebion,net.telewebion,3.3,150,unspecified:6.35MB,2020-11-18,archive_upload_date,https://telewebion.apkcafe.in/,APK/APKS archive variant listing; bytes not acquired,,no,no,pre_2023_baseline,Product page states net.telewebion. Variant label preserves published architecture and rounded size; exact variant identity and signer await APK acquisition.
Telewebion,net.telewebion,3.4,154,unspecified:6.23MB,2021-01-15,archive_upload_date,https://telewebion.apkcafe.in/,APK/APKS archive variant listing; bytes not acquired,,no,no,pre_2023_baseline,Product page states net.telewebion. Variant label preserves published architecture and rounded size; exact variant identity and signer await APK acquisition.
Telewebion,net.telewebion,3.4,155,unspecified:6.25MB,2021-01-23,archive_upload_date,https://telewebion.apkcafe.in/,APK/APKS archive variant listing; bytes not acquired,,no,no,pre_2023_baseline,Product page states net.telewebion. Variant label preserves published architecture and rounded size; exact variant identity and signer await APK acquisition.
Telewebion,net.telewebion,4.0.0,158,unspecified:1.52MB,2021-05-19,archive_upload_date,https://telewebion.apkcafe.in/,APK/APKS archive variant listing; bytes not acquired,,no,no,pre_2023_baseline,Product page states net.telewebion. Variant label preserves published architecture and rounded size; exact variant identity and signer await APK acquisition.
Telewebion,net.telewebion,4.0.0,158,ARM7:7.72MB,2021-05-19,archive_upload_date,https://telewebion.apkcafe.in/,APK/APKS archive variant listing; bytes not acquired,,no,no,pre_2023_baseline,Product page states net.telewebion. Variant label preserves published architecture and rounded size; exact variant identity and signer await APK acquisition.
Telewebion,net.telewebion,4.0.1,159,ARM8:8.14MB,2021-06-11,archive_upload_date,https://telewebion.apkcafe.in/,APK/APKS archive variant listing; bytes not acquired,,no,no,pre_2023_baseline,Product page states net.telewebion. Variant label preserves published architecture and rounded size; exact variant identity and signer await APK acquisition.
Telewebion,net.telewebion,4.0.1,159,ARM7:7.91MB,2021-06-11,archive_upload_date,https://telewebion.apkcafe.in/,APK/APKS archive variant listing; bytes not acquired,,no,no,pre_2023_baseline,Product page states net.telewebion. Variant label preserves published architecture and rounded size; exact variant identity and signer await APK acquisition.
Telewebion,net.telewebion,4.0.1,159,ARM7:7.90MB,2021-06-11,archive_upload_date,https://telewebion.apkcafe.in/,APK/APKS archive variant listing; bytes not acquired,,no,no,pre_2023_baseline,Product page states net.telewebion. Variant label preserves published architecture and rounded size; exact variant identity and signer await APK acquisition.
Telewebion,net.telewebion,4.0.3,161,ARM8:8.18MB,2021-06-17,archive_upload_date,https://telewebion.apkcafe.in/,APK/APKS archive variant listing; bytes not acquired,,no,no,pre_2023_baseline,Product page states net.telewebion. Variant label preserves published architecture and rounded size; exact variant identity and signer await APK acquisition.
Telewebion,net.telewebion,4.0.3,161,ARM7:7.95MB,2021-06-17,archive_upload_date,https://telewebion.apkcafe.in/,APK/APKS archive variant listing; bytes not acquired,,no,no,pre_2023_baseline,Product page states net.telewebion. Variant label preserves published architecture and rounded size; exact variant identity and signer await APK acquisition.
Telewebion,net.telewebion,4.0.3,161,ARM7:7.94MB,2021-06-17,archive_upload_date,https://telewebion.apkcafe.in/,APK/APKS archive variant listing; bytes not acquired,,no,no,pre_2023_baseline,Product page states net.telewebion. Variant label preserves published architecture and rounded size; exact variant identity and signer await APK acquisition.
Telewebion,net.telewebion,4.0.4,162,ARM8:7.91MB,2021-06-23,archive_upload_date,https://telewebion.apkcafe.in/,APK/APKS archive variant listing; bytes not acquired,,no,no,pre_2023_baseline,Product page states net.telewebion. Variant label preserves published architecture and rounded size; exact variant identity and signer await APK acquisition.
Telewebion,net.telewebion,4.0.4,162,ARM7:7.54MB,2021-06-23,archive_upload_date,https://telewebion.apkcafe.in/,APK/APKS archive variant listing; bytes not acquired,,no,no,pre_2023_baseline,Product page states net.telewebion. Variant label preserves published architecture and rounded size; exact variant identity and signer await APK acquisition.
Telewebion,net.telewebion,4.0.5,163,ARM8:7.91MB,2021-07-31,archive_upload_date,https://telewebion.apkcafe.in/,APK/APKS archive variant listing; bytes not acquired,,no,no,pre_2023_baseline,Product page states net.telewebion. Variant label preserves published architecture and rounded size; exact variant identity and signer await APK acquisition.
Telewebion,net.telewebion,4.0.5,163,ARM7:7.54MB,2021-07-31,archive_upload_date,https://telewebion.apkcafe.in/,APK/APKS archive variant listing; bytes not acquired,,no,no,pre_2023_baseline,Product page states net.telewebion. Variant label preserves published architecture and rounded size; exact variant identity and signer await APK acquisition.
Telewebion,net.telewebion,4.0.5,163,ARM7:7.53MB,2021-07-31,archive_upload_date,https://telewebion.apkcafe.in/,APK/APKS archive variant listing; bytes not acquired,,no,no,pre_2023_baseline,Product page states net.telewebion. Variant label preserves published architecture and rounded size; exact variant identity and signer await APK acquisition.
Telewebion,net.telewebion,4.2.4,,,2021-11-29,archive_file_date,https://telewebion.ar.uptodown.com/android/versions,APK archive listing; bytes not acquired,,no,no,pre_2023_baseline,Pre-window baseline; package lineage is anchored by Uptodown product page net.telewebion.
Telewebion,net.telewebion,4.2.4,169,ARM8:8.26MB,2021-12-02,archive_upload_date,https://telewebion.apkcafe.in/,APK/APKS archive variant listing; bytes not acquired,,no,no,pre_2023_baseline,Product page states net.telewebion. Variant label preserves published architecture and rounded size; exact variant identity and signer await APK acquisition.
Telewebion,net.telewebion,4.2.4,169,ARM7:7.82MB,2021-12-02,archive_upload_date,https://telewebion.apkcafe.in/,APK/APKS archive variant listing; bytes not acquired,,no,no,pre_2023_baseline,Product page states net.telewebion. Variant label preserves published architecture and rounded size; exact variant identity and signer await APK acquisition.
Telewebion,net.telewebion,4.2.3,,,2022-01-24,archive_file_date,https://telewebion.ar.uptodown.com/android/versions,APK archive listing; bytes not acquired,,no,no,pre_2023_baseline,Pre-window baseline; package lineage is anchored by Uptodown product page net.telewebion.
Telewebion,net.telewebion,4.2.6,170,ARM8:10.04MB,2022-02-03,archive_upload_date,https://telewebion.apkcafe.in/,APK/APKS archive variant listing; bytes not acquired,,no,no,pre_2023_baseline,Product page states net.telewebion. Variant label preserves published architecture and rounded size; exact variant identity and signer await APK acquisition.
Telewebion,net.telewebion,4.2.6,170,ARM7:9.65MB file A,2022-02-03,archive_upload_date,https://telewebion.apkcafe.in/,APK/APKS archive variant listing; bytes not acquired,,no,no,pre_2023_baseline,Product page states net.telewebion. Variant label preserves published architecture and rounded size; exact variant identity and signer await APK acquisition.
Telewebion,net.telewebion,4.2.6,170,ARM7:9.65MB file B,2022-02-03,archive_upload_date,https://telewebion.apkcafe.in/,APK/APKS archive variant listing; bytes not acquired,,no,no,pre_2023_baseline,Product page states net.telewebion. Variant label preserves published architecture and rounded size; exact variant identity and signer await APK acquisition.
Telewebion,net.telewebion,4.3.1,173,ARM8:10.29MB,2022-02-25,archive_upload_date,https://telewebion.apkcafe.in/,APK/APKS archive variant listing; bytes not acquired,,no,no,pre_2023_baseline,Product page states net.telewebion. Variant label preserves published architecture and rounded size; exact variant identity and signer await APK acquisition.
Telewebion,net.telewebion,4.3.1,173,ARM7:9.89MB,2022-02-25,archive_upload_date,https://telewebion.apkcafe.in/,APK/APKS archive variant listing; bytes not acquired,,no,no,pre_2023_baseline,Product page states net.telewebion. Variant label preserves published architecture and rounded size; exact variant identity and signer await APK acquisition.
Telewebion,net.telewebion,4.3.1,173,ARM7:9.87MB,2022-02-25,archive_upload_date,https://telewebion.apkcafe.in/,APK/APKS archive variant listing; bytes not acquired,,no,no,pre_2023_baseline,Product page states net.telewebion. Variant label preserves published architecture and rounded size; exact variant identity and signer await APK acquisition.
Telewebion,net.telewebion,4.3.2,174,ARM8:10.29MB,2022-03-14,archive_upload_date,https://telewebion.apkcafe.in/,APK/APKS archive variant listing; bytes not acquired,,no,no,pre_2023_baseline,Product page states net.telewebion. Variant label preserves published architecture and rounded size; exact variant identity and signer await APK acquisition.
Telewebion,net.telewebion,4.3.2,174,ARM7:9.87MB,2022-03-14,archive_upload_date,https://telewebion.apkcafe.in/,APK/APKS archive variant listing; bytes not acquired,,no,no,pre_2023_baseline,Product page states net.telewebion. Variant label preserves published architecture and rounded size; exact variant identity and signer await APK acquisition.
Telewebion,net.telewebion,4.3.2,175,ARM7:9.91MB,2022-03-14,archive_upload_date,https://telewebion.apkcafe.in/,APK/APKS archive variant listing; bytes not acquired,,no,no,pre_2023_baseline,Product page states net.telewebion. Variant label preserves published architecture and rounded size; exact variant identity and signer await APK acquisition.
Telewebion,net.telewebion,4.3.5,177,ARM8:10.31MB,2022-04-04,archive_upload_date,https://telewebion.apkcafe.in/,APK/APKS archive variant listing; bytes not acquired,,no,no,pre_2023_baseline,Product page states net.telewebion. Variant label preserves published architecture and rounded size; exact variant identity and signer await APK acquisition.
Telewebion,net.telewebion,4.3.5,177,ARM7:9.90MB,2022-04-04,archive_upload_date,https://telewebion.apkcafe.in/,APK/APKS archive variant listing; bytes not acquired,,no,no,pre_2023_baseline,Product page states net.telewebion. Variant label preserves published architecture and rounded size; exact variant identity and signer await APK acquisition.
Telewebion,net.telewebion,4.3.5,177,ARM7:9.89MB,2022-04-04,archive_upload_date,https://telewebion.apkcafe.in/,APK/APKS archive variant listing; bytes not acquired,,no,no,pre_2023_baseline,Product page states net.telewebion. Variant label preserves published architecture and rounded size; exact variant identity and signer await APK acquisition.
Telewebion,net.telewebion,4.4.3,183,armeabi-v7a,2022-09-06,archive_upload_date,https://www.apkmirror.com/apk/simraco/telewebion/telewebion-4-4-3-release/telewebion-4-4-3-3-android-apk-download/,APKMirror page hash; direct download unavailable; bytes not acquired,0dfe6d054e942a61e046c6a4c6bf43f13895fa2aee34ee76a3a7ca3cc32c135a,yes,no,pre_2023_baseline,"Pre-window baseline; Uptodown later lists same version in 2024, so do not treat that as first release."
Telewebion,net.telewebion,4.4.3,183,arm64-v8a,2022-09-06,archive_upload_date,https://www.apkmirror.com/apk/simraco/telewebion/telewebion-4-4-3-release/telewebion-4-4-3-android-apk-download/,APKMirror page hash; direct download unavailable; bytes not acquired,37f1d4b9e9d92a19622c2e4b35d68cd10d369c1531c6514f2535c3681ece64f4,yes,no,pre_2023_baseline,"Pre-window baseline; Uptodown later lists same version in 2024, so do not treat that as first release."
Telewebion,net.telewebion,4.4.3,183,x86_64,2022-09-06,archive_upload_date,https://www.apkmirror.com/apk/simraco/telewebion/telewebion-4-4-3-release/telewebion-4-4-3-2-android-apk-download/,APKMirror page hash; direct download unavailable; bytes not acquired,857f0e408450acc6fbab7727d84d805848445994b733b452dc29634447d98a57,yes,no,pre_2023_baseline,"Pre-window baseline; Uptodown later lists same version in 2024, so do not treat that as first release."
Telewebion,net.telewebion,4.4.3,183,ARM8:10.87MB,2022-09-16,archive_upload_date,https://telewebion.apkcafe.in/,APK/APKS archive variant listing; bytes not acquired,,yes,no,pre_2023_baseline,Product page states net.telewebion. Variant label preserves published architecture and rounded size; exact variant identity and signer await APK acquisition.
Telewebion,net.telewebion,4.4.3,183,ARM7:10.43MB,2022-09-16,archive_upload_date,https://telewebion.apkcafe.in/,APK/APKS archive variant listing; bytes not acquired,,yes,no,pre_2023_baseline,Product page states net.telewebion. Variant label preserves published architecture and rounded size; exact variant identity and signer await APK acquisition.
Telewebion,net.telewebion,4.4.6,186,arm64-v8a,2023-01-29,archive_upload_date,https://www.apkmirror.com/apk/simraco/telewebion/telewebion-4-4-6-release/telewebion-4-4-6-2-android-apk-download/,APKMirror page hash; direct download unavailable; bytes not acquired,910c19bcb3463126a6be2b05045ac27165c3d4b6c7754d9f7e8abd9e957f1f4d,yes,no,in_window,Same versionCode across three architecture APKs. Uptodown separately lists 2023-01-25 and Aptoide 2024-02-28.
Telewebion,net.telewebion,4.4.6,186,armeabi-v7a,2023-01-29,archive_upload_date,https://www.apkmirror.com/apk/simraco/telewebion/telewebion-4-4-6-release/telewebion-4-4-6-3-android-apk-download/,APKMirror page hash; direct download unavailable; bytes not acquired,9a54fb0c9851812204b2bc76d1820e8367597c2027f2dbd3e5496d5424660ffb,yes,no,in_window,Same versionCode across three architecture APKs. Uptodown separately lists 2023-01-25 and Aptoide 2024-02-28.
Telewebion,net.telewebion,4.4.6,186,x86_64,2023-01-29,archive_upload_date,https://www.apkmirror.com/apk/simraco/telewebion/telewebion-4-4-6-release/telewebion-4-4-6-android-apk-download/,APKMirror page hash; direct download unavailable; bytes not acquired,e672f6e8963ae55cea5b267991aa1ffc23a16cd6aa017405536139367d06655c,yes,no,in_window,Same versionCode across three architecture APKs. Uptodown separately lists 2023-01-25 and Aptoide 2024-02-28.
Telewebion,net.telewebion,5.1.4,,,2024-03-01,archive_file_date,https://telewebion.ar.uptodown.com/android/versions,APK archive listing; bytes not acquired,,no,no,in_window,
Telewebion,net.telewebion,5.1.5,5105,universal,2024-03-18,archive_upload_date,https://www.apkmirror.com/apk/simraco/telewebion/telewebion-5-1-5-release/telewebion-5-1-5-android-apk-download/,APKMirror page hash; direct download unavailable; bytes not acquired,ccc74b10d3268c8aea3f98d2d04d4bc4a5df0eb8b3dfcd044778055d2744c481,yes,no,in_window,"APKMirror package, versionCode, and APK file hash are page-published; Uptodown later lists an XAPK dated 2025-01-22."
Telewebion,net.telewebion,5.1.13,5113,universal,2024-07-16,archive_upload_date,https://www.apkmirror.com/apk/simraco/telewebion/telewebion-5-1-13-release/telewebion-5-1-13-android-apk-download/,APKMirror page hash; direct download unavailable; bytes not acquired,990cb464ced4f6ffd69f6634fe0d4290d2df6c50a5499166fd98553235116c4c,yes,no,in_window,"APKMirror package, versionCode, and APK file hash are page-published; Uptodown lists earlier archive date 2024-06-11."
Telewebion,net.telewebion,5.1.15,,,2024-07-25,archive_file_date,https://telewebion.en.uptodown.com/android/versions,APK archive listing; bytes not acquired,,no,no,in_window,
Telewebion,net.telewebion,4.3.2,,,2024-10-25,archive_file_date,https://telewebion.ar.uptodown.com/android/versions,APK archive listing; bytes not acquired,,no,no,in_window,"Legacy 4.x line appears in archive well after 5.x. This is an archive file date, not a developer release chronology."
Telewebion,net.telewebion,5.1.19,,,2024-12-17,archive_file_date,https://telewebion.en.uptodown.com/android/versions,APK archive listing; bytes not acquired,,no,no,in_window,
Telewebion,net.telewebion,5.1.19,,arm64-v8a:22.68MB APKS,2024-12-21,archive_upload_date,https://telewebion.apkcafe.in/,APK/APKS archive variant listing; bytes not acquired,,no,no,in_window,Product page states net.telewebion. Variant label preserves published architecture and rounded size; exact variant identity and signer await APK acquisition.
Telewebion,net.telewebion,5.1.19,,armeabi-v7:22.19MB APKS,2024-12-21,archive_upload_date,https://telewebion.apkcafe.in/,APK/APKS archive variant listing; bytes not acquired,,no,no,in_window,Product page states net.telewebion. Variant label preserves published architecture and rounded size; exact variant identity and signer await APK acquisition.
Telewebion,net.telewebion,5.1.5,,,2025-01-22,archive_file_date,https://telewebion.ar.uptodown.com/android/versions,XAPK archive listing; bytes not acquired,,yes,no,in_window,"Same version name as APKMirror 2024 APK, but XAPK format; contents may differ and bytes were not obtained."
Telewebion,net.telewebion,4.2.6,,,2025-02-15,archive_file_date,https://telewebion.ar.uptodown.com/android/versions,APK archive listing; bytes not acquired,,no,no,in_window,"Legacy 4.x line appears in archive well after 5.x. This is an archive file date, not a developer release chronology."
Telewebion,net.telewebion,5.2.0,5200,,2025-03-05,archive_file_date,https://apkpure.net/telewebion/net.telewebion/versions,XAPK archive listing; bytes not acquired,,no,no,in_window,Uptodown has a later XAPK archive date (2025-04-17).
Telewebion,net.telewebion,5.2.1,5201,,2025-03-18,archive_file_date,https://apkpure.net/telewebion/net.telewebion/versions,APK archive listing; bytes not acquired,,no,no,in_window,
Telewebion,net.telewebion,4.3.1,,,2025-04-07,archive_file_date,https://telewebion.ar.uptodown.com/android/versions,APK archive listing; bytes not acquired,,no,no,in_window,"Legacy 4.x line appears in archive well after 5.x. This is an archive file date, not a developer release chronology."
Telewebion,net.telewebion,5.1.20,,,2025-04-10,archive_file_date,https://telewebion.en.uptodown.com/android/versions,XAPK archive listing; bytes not acquired,,no,no,in_window,
Telewebion,net.telewebion,5.2.2,5202,,2025-04-28,archive_file_date,https://apkpure.net/telewebion/net.telewebion/versions,XAPK archive listing; bytes not acquired,,no,no,in_window,Uptodown has a later XAPK archive date (2025-11-18); neither is confirmed developer release.
Telewebion,net.telewebion,5.2.2,,armeabi-v7:25.12MB APKS,2025-04-30,archive_upload_date,https://telewebion.apkcafe.in/,APK/APKS archive variant listing; bytes not acquired,,no,no,in_window,Product page states net.telewebion. Variant label preserves published architecture and rounded size; exact variant identity and signer await APK acquisition.
Telewebion,net.telewebion,5.2.2,,arm64-v8a:25.82MB APKS,2025-04-30,archive_upload_date,https://telewebion.apkcafe.in/,APK/APKS archive variant listing; bytes not acquired,,no,no,in_window,Product page states net.telewebion. Variant label preserves published architecture and rounded size; exact variant identity and signer await APK acquisition.
Telewebion,net.telewebion,4.3.5,,,2025-07-19,archive_file_date,https://telewebion.ar.uptodown.com/android/versions,APK archive listing; bytes not acquired,,no,no,in_window,"Legacy 4.x line appears in archive well after 5.x. This is an archive file date, not a developer release chronology."
Telewebion,net.telewebion,5.2.3,5203,universal,2025-07-28,archive_upload_date,https://www.apkmirror.com/apk/simraco/telewebion/telewebion-5-2-3-release/telewebion-5-2-3-android-apk-download/,APKMirror page hash; direct download unavailable; bytes not acquired,30877ce6dd86e934b3ae1d2d13b48f5800b25562c5baaf54d7d61f72034104f8,yes,no,in_window,"APKMirror package, versionCode, and APK file hash are page-published; APKPure separately lists 2025-07-16, Uptodown 2025-06-21."
Telewebion,net.telewebion,4.3.4,,,2025-08-19,archive_file_date,https://telewebion.ar.uptodown.com/android/versions,APK archive listing; bytes not acquired,,no,no,in_window,"Legacy 4.x line appears in archive well after 5.x. This is an archive file date, not a developer release chronology."
Telewebion,net.telewebion,5.2.4,5204,,2025-10-02,archive_file_date,https://apkpure.net/telewebion/net.telewebion/versions,APK archive listing; bytes not acquired,,no,no,in_window,"APKPure search-index listing; date is archive file date, not confirmed developer release. Archive page timed out on direct retrieval."
Telewebion,net.telewebion,5.2.5,5205,,2025-10-26,archive_file_date,https://apkpure.net/telewebion/net.telewebion/versions,APK archive listing; bytes not acquired,,no,no,in_window,"APKPure search-index listing; date is archive file date, not confirmed developer release. Archive page timed out on direct retrieval."
Telewebion,net.telewebion,5.2.6,5206,,2025-12-22,archive_file_date,https://apkpure.net/telewebion/net.telewebion/versions,APK archive listing; bytes not acquired,,no,no,in_window,"APKPure search-index listing; date is archive file date, not confirmed developer release. Archive page timed out on direct retrieval."
Telewebion,net.telewebion,5.2.7,5207,,2026-02-08,archive_file_date,https://apkpure.net/telewebion/net.telewebion/versions,APK archive listing; bytes not acquired,,no,no,in_window,"APKPure search-index listing; date is archive file date, not confirmed developer release. Archive page timed out on direct retrieval."
Telewebion,net.telewebion,5.2.8,5208,,2026-02-22,archive_file_date,https://apkpure.net/telewebion/net.telewebion/versions,APK archive listing; bytes not acquired,,no,no,in_window,"APKPure search-index listing; date is archive file date, not confirmed developer release. Archive page timed out on direct retrieval."
Telewebion,net.telewebion,5.2.9,5209,,2026-04-10,archive_file_date,https://apkpure.net/telewebion/net.telewebion/versions,APK archive listing; bytes not acquired,,no,no,in_window,"APKPure search-index listing; date is archive file date, not confirmed developer release. Archive page timed out on direct retrieval."
Telewebion,net.telewebion,5.3.0,,,2026-06-09,archive_file_date,https://telewebion.en.uptodown.com/android/versions,APK archive listing; bytes not acquired,,no,no,in_window,"Archive listing date; 5.3.2 appears after 5.3.3, so do not interpret dates as a release sequence."
Telewebion,net.telewebion,5.3.1,,,2026-06-09,archive_file_date,https://telewebion.en.uptodown.com/android/versions,APK archive listing; bytes not acquired,,no,no,in_window,"Archive listing date; 5.3.2 appears after 5.3.3, so do not interpret dates as a release sequence."
Telewebion,net.telewebion,5.3.3,,,2026-06-11,archive_file_date,https://telewebion.en.uptodown.com/android/versions,APK archive listing; bytes not acquired,,no,no,in_window,"Archive listing date; 5.3.2 appears after 5.3.3, so do not interpret dates as a release sequence."
Telewebion,net.telewebion,5.3.2,,,2026-06-13,archive_file_date,https://telewebion.en.uptodown.com/android/versions,APK archive listing; bytes not acquired,,no,no,in_window,"Archive listing date; 5.3.2 appears after 5.3.3, so do not interpret dates as a release sequence."
Telewebion,net.telewebion,5.3.4,,,2026-06-16,archive_file_date,https://telewebion.en.uptodown.com/android/versions,APK archive listing; bytes not acquired,,no,no,in_window,"Archive listing date; 5.3.2 appears after 5.3.3, so do not interpret dates as a release sequence."
Telewebion,net.telewebion,5.3.5,,,2026-06-20,archive_file_date,https://telewebion.en.uptodown.com/android/versions,APK archive listing; bytes not acquired,,no,no,in_window,"Archive listing date; 5.3.2 appears after 5.3.3, so do not interpret dates as a release sequence."
Telewebion,net.telewebion,5.3.6,,,2026-09-20,archive_file_date,https://telewebion.en.uptodown.com/android,APK archive listing; bytes not acquired,,no,no,in_window,Older-version excerpt on current product page; archive date is not confirmed release date.
Telewebion,net.telewebion,5.3.7,,,2026-09-21,archive_file_date,https://telewebion.en.uptodown.com/android,Uptodown APK listing and page hash; bytes not acquired,2f8a0606494ca563e3164fb317bcf1ca3a9b61c2de39c1ff70e6aef4269f8a5e,yes,no,in_window,"Uptodown page explicitly shows package net.telewebion and its own file SHA-256; this is a distinct source record for the same version, not a new release."
Telewebion,net.telewebion,5.3.7,,,2026-09-26,store_last_update_date,https://myket.ir/app/net.telewebion,store APK listing; bytes not acquired,,yes,no,in_window,Myket reports 1405/07/04; Uptodown separately lists a 5.3.7 APK dated 2026-09-21 with page SHA-256.
Balad,com.baladmaps,4.60.2,6323,Balad Play,2022-08-15,"APKPure listed update, not confirmed developer release",https://apkpure.net/%D8%A8%D9%84%D8%AF-%D9%85%D8%B3%DB%8C%D8%B1%DB%8C%D8%A7%D8%A8%D8%8C-%D9%86%D9%82%D8%B4%D9%87-balad/com.baladmaps/versions,APK and XAPK listed,,no,no,pre_2023_baseline,Pre-2023 adjacent baseline for the Play package; exact bytes not acquired.
Balad,com.baladmaps,4.62.1,6613,Balad Play,2022-10-12,"APKPure listed update, not confirmed developer release",https://apkpure.net/%D8%A8%D9%84%D8%AF-%D9%85%D8%B3%DB%8C%D8%B1%DB%8C%D8%A7%D8%A8%D8%8C-%D9%86%D9%82%D8%B4%D9%87-balad/com.baladmaps/versions,XAPK listed,,no,no,pre_2023_baseline,Pre-2023 adjacent baseline for the Play package; exact bytes not acquired.
Balad,com.baladmaps,4.63.0,6623,Balad Play,2022-10-31,"APKPure listed update, not confirmed developer release",https://apkpure.net/%D8%A8%D9%84%D8%AF-%D9%85%D8%B3%DB%8C%D8%B1%DB%8C%D8%A7%D8%A8%D8%8C-%D9%86%D9%82%D8%B4%D9%87-balad/com.baladmaps/versions,APK and XAPK listed,,no,no,pre_2023_baseline,Pre-2023 adjacent baseline for the Play package; exact bytes not acquired.
Balad,com.baladmaps,4.64.1,6663,Balad Play,2023-02-07,APKPure listed update,https://apkpure.net/%D8%A8%D9%84%D8%AF-%D9%85%D8%B3%DB%8C%D8%B1%DB%8C%D8%A7%D8%A8%D8%8C-%D9%86%D9%82%D8%B4%D9%87-balad/com.baladmaps/versions,APK/XAPK listing; format check needed,,no,no,in_window,Earlier candidate worklist; not_acquired; not_audited. Pre-May-2023 baseline; XAPK listed; base APK hash unknown
Balad,com.baladmaps,4.60.2,,Balad Play; Uptodown archive,2023-12-27,"Uptodown archive date, not developer release date",https://balad.en.uptodown.com/android/versions,APK listed; bytes not acquired,,no,no,in_window,Older version label with later archive date; do not interpret this date as first release.
Balad,com.baladmaps,4.71.1,6903,Balad Play,2025-03-09,APKPure listed update,https://apkpure.net/%D8%A8%D9%84%D8%AF-%D9%85%D8%B3%DB%8C%D8%B1%DB%8C%D8%A7%D8%A8%D8%8C-%D9%86%D9%82%D8%B4%D9%87-balad/com.baladmaps/versions,APK/XAPK listing; format check needed,,no,no,in_window,Earlier candidate worklist; not_acquired; not_audited. APK and XAPK listed; distinct from Bazaar code 6900
Balad,com.baladmaps,4.73.2,6953,Balad Play,2025-08-07,APKPure listed update,https://apkpure.net/%D8%A8%D9%84%D8%AF-%D9%85%D8%B3%DB%8C%D8%B1%DB%8C%D8%A7%D8%A8%D8%8C-%D9%86%D9%82%D8%B4%D9%87-balad/com.baladmaps/versions,APK/XAPK listing; format check needed,,no,no,in_window,Earlier candidate worklist; not_acquired; not_audited. APK and XAPK listed; exact hash not yet verified
Balad,com.baladmaps,4.74.1,6973,Balad Play,2025-09-24,APKPure listed update,https://apkpure.net/%D8%A8%D9%84%D8%AF-%D9%85%D8%B3%DB%8C%D8%B1%DB%8C%D8%A7%D8%A8%D8%8C-%D9%86%D9%82%D8%B4%D9%87-balad/com.baladmaps/versions,APK/XAPK listing; format check needed,,no,no,in_window,Earlier candidate worklist; not_acquired; not_audited. APK and XAPK listed; exact hash not yet verified
Balad,com.baladmaps,4.49.3,,Balad Play; Uptodown archive,2025-11-02,"Uptodown archive date, not developer release date",https://balad.en.uptodown.com/android/versions,APK listed; bytes not acquired,,no,no,in_window,Older version label with later archive date; do not interpret this date as first release.
Balad,com.baladmaps,4.48.1,,Balad Play; Uptodown archive,2025-11-08,"Uptodown archive date, not developer release date",https://balad.en.uptodown.com/android/versions,APK listed; bytes not acquired,,no,no,in_window,Older version label with later archive date; do not interpret this date as first release.
Balad,com.baladmaps,4.59.0,,Balad Play; Uptodown archive,2025-12-31,"Uptodown archive date, not developer release date",https://balad.en.uptodown.com/android/versions,APK listed; bytes not acquired,,no,no,in_window,Older version label with later archive date; do not interpret this date as first release.
Balad,com.baladmaps,4.76.4,7031,Balad Play,2026-02-09,APKPure listed update,https://apkpure.net/%D8%A8%D9%84%D8%AF-%D9%85%D8%B3%DB%8C%D8%B1%DB%8C%D8%A7%D8%A8%D8%8C-%D9%86%D9%82%D8%B4%D9%87-balad/com.baladmaps/versions,APK/XAPK listing; format check needed,,no,no,in_window,Earlier candidate worklist; not_acquired; not_audited. APK listed; exact hash not yet verified
Balad,com.baladmaps,4.41.2,,Balad Play; Uptodown archive,2026-06-08,"Uptodown archive date, not developer release date",https://balad.en.uptodown.com/android/versions,APK listed; bytes not acquired,,no,no,in_window,Older version label with later archive date; do not interpret this date as first release.
Balad,ir.balad,4.29.2-armv8,5531,Balad Bazaar,2021-07-04,"APKPure listed update, not confirmed developer release",https://apkpure.net/%D8%A8%D9%84%D8%AF-%E2%80%93-%D9%86%D9%82%D8%B4%D9%87-%D9%88-%D9%85%D8%B3%DB%8C%D8%B1%DB%8C%D8%A7%D8%A8-%D9%81%D8%A7%D8%B1%D8%B3%DB%8C/ir.balad/versions,APK listed; bytes not acquired,,no,no,pre_2023_baseline,Older architecture-specific baseline; large 2022–2023 archive gap remains.
Balad,ir.balad,4.35.1-armv7,5625,Balad Bazaar,2021-08-25,"APKPure listed update, not confirmed developer release",https://apkpure.net/%D8%A8%D9%84%D8%AF-%E2%80%93-%D9%86%D9%82%D8%B4%D9%87-%D9%88-%D9%85%D8%B3%DB%8C%D8%B1%DB%8C%D8%A7%D8%A8-%D9%81%D8%A7%D8%B1%D8%B3%DB%8C/ir.balad/versions,APK listed; bytes not acquired,,no,no,pre_2023_baseline,Older architecture-specific baseline; large 2022–2023 archive gap remains.
Balad,ir.balad,4.35.1-armv8,5626,Balad Bazaar,2021-08-25,"APKPure listed update, not confirmed developer release",https://apkpure.net/%D8%A8%D9%84%D8%AF-%E2%80%93-%D9%86%D9%82%D8%B4%D9%87-%D9%88-%D9%85%D8%B3%DB%8C%D8%B1%DB%8C%D8%A7%D8%A8-%D9%81%D8%A7%D8%B1%D8%B3%DB%8C/ir.balad/versions,APK listed; bytes not acquired,,no,no,pre_2023_baseline,Older architecture-specific baseline; large 2022–2023 archive gap remains.
Balad,ir.balad,4.65.0,,Balad Bazaar,2023-07-17,Phoneky published listing,https://phoneky.com/android/?id=d1d303850,archive listing; format unverified,,no,no,in_window,Earlier candidate worklist; not_acquired; not_audited. Exact APK hash and version code unknown; availability unverified
Balad,ir.balad,4.68.5,6820,Balad Bazaar,2024-12-08,APKPure listed update,https://apkpure.net/%D8%A8%D9%84%D8%AF-%E2%80%93-%D9%86%D9%82%D8%B4%D9%87-%D9%88-%D9%85%D8%B3%DB%8C%D8%B1%DB%8C%D8%A7%D8%A8-%D9%81%D8%A7%D8%B1%D8%B3%DB%8C/ir.balad/versions,APK listed,,no,no,in_window,Earlier candidate worklist; not_acquired; not_audited. APK listed; exact hash not yet verified
Balad,ir.balad,4.71.0,6890,Balad Bazaar,2025-03-03,APKPure listed update,https://apkpure.net/%D8%A8%D9%84%D8%AF-%E2%80%93-%D9%86%D9%82%D8%B4%D9%87-%D9%88-%D9%85%D8%B3%DB%8C%D8%B1%DB%8C%D8%A7%D8%A8-%D9%81%D8%A7%D8%B1%D8%B3%DB%8C/ir.balad/versions,APK listed,,no,no,in_window,Earlier candidate worklist; not_acquired; not_audited. APK listed; exact hash not yet verified
Balad,ir.balad,4.71.1,6900,Balad Bazaar,2025-03-05,APKPure listed update,https://apkpure.net/%D8%A8%D9%84%D8%AF-%E2%80%93-%D9%86%D9%82%D8%B4%D9%87-%D9%88-%D9%85%D8%B3%DB%8C%D8%B1%DB%8C%D8%A7%D8%A8-%D9%81%D8%A7%D8%B1%D8%B3%DB%8C/ir.balad/versions,APK listed,,no,no,in_window,Earlier candidate worklist; not_acquired; not_audited. APK listed; distinct from Play code 6903
Balad,ir.balad,4.72.0,6910,Balad Bazaar,2025-05-26,APKPure listed update,https://apkpure.net/%D8%A8%D9%84%D8%AF-%E2%80%93-%D9%86%D9%82%D8%B4%D9%87-%D9%88-%D9%85%D8%B3%DB%8C%D8%B1%DB%8C%D8%A7%D8%A8-%D9%81%D8%A7%D8%B1%D8%B3%DB%8C/ir.balad/versions,APK listed,,no,no,in_window,Earlier candidate worklist; not_acquired; not_audited. APK listed; exact hash not yet verified
Balad,ir.balad,4.72.1,6920,Balad Bazaar,2025-06-30,APKPure listed update,https://apkpure.net/%D8%A8%D9%84%D8%AF-%E2%80%93-%D9%86%D9%82%D8%B4%D9%87-%D9%88-%D9%85%D8%B3%DB%8C%D8%B1%DB%8C%D8%A7%D8%A8-%D9%81%D8%A7%D8%B1%D8%B3%DB%8C/ir.balad/versions,APK listed,,no,no,in_window,Earlier candidate worklist; not_acquired; not_audited. APK listed; exact hash not yet verified
Balad,ir.balad,4.73.0,6930,Balad Bazaar,2025-08-04,APKPure listed update,https://apkpure.net/%D8%A8%D9%84%D8%AF-%E2%80%93-%D9%86%D9%82%D8%B4%D9%87-%D9%88-%D9%85%D8%B3%DB%8C%D8%B1%DB%8C%D8%A7%D8%A8-%D9%81%D8%A7%D8%B1%D8%B3%DB%8C/ir.balad/versions,APK listed,,no,no,in_window,Earlier candidate worklist; not_acquired; not_audited. APK listed; exact hash not yet verified
Balad,ir.balad,4.75.0,6981,Balad Bazaar,2025-10-25,APKPure listed update,https://apkpure.net/%D8%A8%D9%84%D8%AF-%E2%80%93-%D9%86%D9%82%D8%B4%D9%87-%D9%88-%D9%85%D8%B3%DB%8C%D8%B1%DB%8C%D8%A7%D8%A8-%D9%81%D8%A7%D8%B1%D8%B3%DB%8C/ir.balad/versions,APK listed,,no,no,in_window,Earlier candidate worklist; not_acquired; not_audited. APK listed; exact hash not yet verified
Balad,ir.balad,4.76.0,,Balad Bazaar,2025-11-22,Uptodown archive date,https://balad-ir-balad.en.uptodown.com/android/versions,APK listed,,no,no,in_window,Earlier candidate worklist; not_acquired; not_audited. Exact APK hash and version code unknown
Balad,ir.balad,4.76.2,,Balad Bazaar archive entry 1,2025-12-05,Uptodown archive dates,https://balad-ir-balad.en.uptodown.com/android/versions,APK listed,,no,no,in_window,Earlier candidate worklist; not_acquired; not_audited. Two listed entries; hashes and version codes unknown Archive entry 1 of 2 for one version label; distinct bytes not yet established.
Balad,ir.balad,4.76.2,,Balad Bazaar archive entry 2,2025-12-15,Uptodown archive dates,https://balad-ir-balad.en.uptodown.com/android/versions,APK listed,,no,no,in_window,Earlier candidate worklist; not_acquired; not_audited. Two listed entries; hashes and version codes unknown Archive entry 2 of 2 for one version label; distinct bytes not yet established.
Balad,ir.balad,4.78.0,,Balad Bazaar,2026-02-24,Uptodown archive date,https://balad-ir-balad.en.uptodown.com/android/versions,APK listed,,no,no,in_window,Earlier candidate worklist; not_acquired; not_audited. Listed APK not recovered in prior attempt; hash and version code unknown
Balad,ir.balad,4.78.1,,Balad Bazaar archive entry 1,2026-02-24,Uptodown archive dates,https://balad-ir-balad.en.uptodown.com/android/versions,APK listed,,no,no,in_window,Earlier candidate worklist; not_acquired; not_audited. Two listed entries not recovered in prior attempt; hashes and version codes unknown Archive entry 1 of 2 for one version label; distinct bytes not yet established.
Balad,ir.balad,4.78.1,,Balad Bazaar archive entry 2,2026-04-19,Uptodown archive dates,https://balad-ir-balad.en.uptodown.com/android/versions,APK listed,,no,no,in_window,Earlier candidate worklist; not_acquired; not_audited. Two listed entries not recovered in prior attempt; hashes and version codes unknown Archive entry 2 of 2 for one version label; distinct bytes not yet established.
Balad,ir.balad,4.80.0,,Balad Bazaar archive entry 1,2026-05-09,Uptodown archive dates,https://balad-ir-balad.en.uptodown.com/android/versions,APK listed,,no,no,in_window,Earlier candidate worklist; not_acquired; not_audited. Two listed entries not recovered in prior attempt; hashes and version codes unknown Archive entry 1 of 2 for one version label; distinct bytes not yet established.
Balad,ir.balad,4.80.0,,Balad Bazaar archive entry 2,2026-05-21,Uptodown archive dates,https://balad-ir-balad.en.uptodown.com/android/versions,APK listed,,no,no,in_window,Earlier candidate worklist; not_acquired; not_audited. Two listed entries not recovered in prior attempt; hashes and version codes unknown Archive entry 2 of 2 for one version label; distinct bytes not yet established.
Balad,ir.balad,4.81.0,,Balad Bazaar,2026-06-04,Uptodown archive date,https://balad-ir-balad.en.uptodown.com/android/versions,APK listed,,no,no,in_window,Earlier candidate worklist; not_acquired; not_audited. Listed APK not recovered in prior attempt; hash and version code unknown
Balad,ir.balad,4.85.0,,Balad Bazaar,2026-10-04,Uptodown archive date,https://balad-ir-balad.en.uptodown.com/android/versions,APK listed,,no,no,in_window,Earlier candidate worklist; not_acquired; not_audited. Post-September-report freshness target; hash and version code unknown
Digikala,com.digikala,1.0.2,,,2015-07-28,archive_update_date,https://apkcombo.com/digikala/com.digikala/old-versions/,APK archive listing; bytes not acquired,,no,no,pre_2023_baseline,Older baseline from APKCombo; not evidence of complete 2015–2022 release coverage.
Digikala,com.digikala,1.0.3,,,2015-08-23,archive_update_date,https://apkcombo.com/digikala/com.digikala/old-versions/,APK archive listing; bytes not acquired,,no,no,pre_2023_baseline,Older baseline from APKCombo; not evidence of complete 2015–2022 release coverage.
Digikala,com.digikala,1.0.4,,,2015-09-05,archive_update_date,https://apkcombo.com/digikala/com.digikala/old-versions/,APK archive listing; bytes not acquired,,no,no,pre_2023_baseline,Older baseline from APKCombo; not evidence of complete 2015–2022 release coverage.
Digikala,com.digikala,1.0.5,,,2015-09-19,archive_update_date,https://apkcombo.com/digikala/com.digikala/old-versions/,APK archive listing; bytes not acquired,,no,no,pre_2023_baseline,Older baseline from APKCombo; not evidence of complete 2015–2022 release coverage.
Digikala,com.digikala,1.0.7,,,2015-11-30,archive_update_date,https://apkcombo.com/digikala/com.digikala/old-versions/,APK archive listing; bytes not acquired,,no,no,pre_2023_baseline,Older baseline from APKCombo; not evidence of complete 2015–2022 release coverage.
Digikala,com.digikala,1.1.1,,,2016-02-27,archive_update_date,https://apkcombo.com/digikala/com.digikala/old-versions/,APK archive listing; bytes not acquired,,no,no,pre_2023_baseline,Older baseline from APKCombo; not evidence of complete 2015–2022 release coverage.
Digikala,com.digikala,1.2.1,,,2016-06-09,archive_update_date,https://apkcombo.com/digikala/com.digikala/old-versions/,APK archive listing; bytes not acquired,,no,no,pre_2023_baseline,Older baseline from APKCombo; not evidence of complete 2015–2022 release coverage.
Digikala,com.digikala,1.3.2,,,2016-08-17,archive_update_date,https://apkcombo.com/digikala/com.digikala/old-versions/,APK archive listing; bytes not acquired,,no,no,pre_2023_baseline,Older baseline from APKCombo; not evidence of complete 2015–2022 release coverage.
Digikala,com.digikala,1.4.0,,,2016-12-11,archive_update_date,https://apkcombo.com/digikala/com.digikala/old-versions/,APK archive listing; bytes not acquired,,no,no,pre_2023_baseline,Older baseline from APKCombo; not evidence of complete 2015–2022 release coverage.
Digikala,com.digikala,1.4.1,,,2017-03-04,archive_update_date,https://apkcombo.com/digikala/com.digikala/old-versions/,APK archive listing; bytes not acquired,,no,no,pre_2023_baseline,Older baseline from APKCombo; not evidence of complete 2015–2022 release coverage.
Digikala,com.digikala,1.5.2,,,2017-07-12,archive_update_date,https://apkcombo.com/digikala/com.digikala/old-versions/,APK archive listing; bytes not acquired,,no,no,pre_2023_baseline,Older baseline from APKCombo; not evidence of complete 2015–2022 release coverage.
Digikala,com.digikala,1.6.8,,,2017-10-10,archive_update_date,https://apkcombo.com/digikala/com.digikala/old-versions/,APK archive listing; bytes not acquired,,no,no,pre_2023_baseline,Older baseline from APKCombo; not evidence of complete 2015–2022 release coverage.
Digikala,com.digikala,1.6.9,,,2017-10-17,archive_update_date,https://apkcombo.com/digikala/com.digikala/old-versions/,APK archive listing; bytes not acquired,,no,no,pre_2023_baseline,Older baseline from APKCombo; not evidence of complete 2015–2022 release coverage.
Digikala,com.digikala,1.7.2,,,2017-12-06,archive_update_date,https://apkcombo.com/digikala/com.digikala/old-versions/,APK archive listing; bytes not acquired,,no,no,pre_2023_baseline,Older baseline from APKCombo; not evidence of complete 2015–2022 release coverage.
Digikala,com.digikala,1.7.3,,,2017-12-18,archive_update_date,https://apkcombo.com/digikala/com.digikala/old-versions/,APK archive listing; bytes not acquired,,no,no,pre_2023_baseline,Older baseline from APKCombo; not evidence of complete 2015–2022 release coverage.
Digikala,com.digikala,1.7.4,,,2018-01-22,archive_update_date,https://apkcombo.com/digikala/com.digikala/old-versions/,APK archive listing; bytes not acquired,,no,no,pre_2023_baseline,Older baseline from APKCombo; not evidence of complete 2015–2022 release coverage.
Digikala,com.digikala,1.8.0,,,2018-02-14,archive_update_date,https://apkcombo.com/digikala/com.digikala/old-versions/,APK archive listing; bytes not acquired,,no,no,pre_2023_baseline,Older baseline from APKCombo; not evidence of complete 2015–2022 release coverage.
Digikala,com.digikala,1.8.1,,,2018-02-25,archive_update_date,https://apkcombo.com/digikala/com.digikala/old-versions/,APK archive listing; bytes not acquired,,no,no,pre_2023_baseline,Older baseline from APKCombo; not evidence of complete 2015–2022 release coverage.
Digikala,com.digikala,1.8.2,,,2018-03-19,archive_update_date,https://apkcombo.com/digikala/com.digikala/old-versions/,APK archive listing; bytes not acquired,,no,no,pre_2023_baseline,Older baseline from APKCombo; not evidence of complete 2015–2022 release coverage.
Digikala,com.digikala,1.8.3,,,2018-06-10,archive_update_date,https://apkcombo.com/digikala/com.digikala/old-versions/,APK archive listing; bytes not acquired,,no,no,pre_2023_baseline,Older baseline from APKCombo; not evidence of complete 2015–2022 release coverage.
Digikala,com.digikala,1.9.0,,,2019-02-24,archive_update_date,https://apkcombo.com/digikala/com.digikala/old-versions/,APK archive listing; bytes not acquired,,no,no,pre_2023_baseline,Older baseline from APKCombo; not evidence of complete 2015–2022 release coverage.
Digikala,com.digikala,1.9.1,,,2019-02-24,archive_update_date,https://apkcombo.com/digikala/com.digikala/old-versions/,APK archive listing; bytes not acquired,,no,no,pre_2023_baseline,Older baseline from APKCombo; not evidence of complete 2015–2022 release coverage.
Digikala,com.digikala,1.9.2,,,2019-03-12,archive_update_date,https://apkcombo.com/digikala/com.digikala/old-versions/,APK archive listing; bytes not acquired,,no,no,pre_2023_baseline,Older baseline from APKCombo; not evidence of complete 2015–2022 release coverage.
Digikala,com.digikala,1.9.3,,,2019-05-10,archive_update_date,https://apkcombo.com/digikala/com.digikala/old-versions/,APK archive listing; bytes not acquired,,no,no,pre_2023_baseline,Older baseline from APKCombo; not evidence of complete 2015–2022 release coverage.
Digikala,com.digikala,2.8.4-CB,,archive_entry_3,2022-05-19,archive_file_date,https://digikala.en.uptodown.com/android/versions,APK archive listing; bytes not acquired,,no,no,pre_2023_baseline,Repeated 2.8.4-CB rows may be distinct artifacts or archive duplicates; hashes not exposed. Suffix meaning unverified.
Digikala,com.digikala,2.8.4-CB,,archive_entry_1,2022-05-25,archive_file_date,https://digikala.en.uptodown.com/android/versions,APK archive listing; bytes not acquired,,no,no,pre_2023_baseline,Repeated 2.8.4-CB rows may be distinct artifacts or archive duplicates; hashes not exposed. Suffix meaning unverified.
Digikala,com.digikala,2.9.0-CB,,,2022-06-20,archive_file_date,https://digikala.en.uptodown.com/android/versions,APK archive listing; bytes not acquired,,no,no,pre_2023_baseline,Repeated 2.8.4-CB rows may be distinct artifacts or archive duplicates; hashes not exposed. Suffix meaning unverified.
Digikala,com.digikala,2.9.0.1-MK,,,2022-07-16,archive_file_date,https://digikala.en.uptodown.com/android/versions,APK archive listing; bytes not acquired,,no,no,pre_2023_baseline,Repeated 2.8.4-CB rows may be distinct artifacts or archive duplicates; hashes not exposed. Suffix meaning unverified.
Digikala,com.digikala,2.8.4-CB,,archive_entry_2,2022-07-26,archive_file_date,https://digikala.en.uptodown.com/android/versions,APK archive listing; bytes not acquired,,no,no,pre_2023_baseline,Repeated 2.8.4-CB rows may be distinct artifacts or archive duplicates; hashes not exposed. Suffix meaning unverified.
Digikala,com.digikala,2.9.1-CB,,,2022-08-17,archive_file_date,https://digikala.en.uptodown.com/android/versions,APK archive listing; bytes not acquired,,no,no,pre_2023_baseline,Repeated 2.8.4-CB rows may be distinct artifacts or archive duplicates; hashes not exposed. Suffix meaning unverified.
Digikala,com.digikala,2.9.1.1-MK,,,2022-09-06,archive_file_date,https://digikala.en.uptodown.com/android/versions,APK archive listing; bytes not acquired,,no,no,pre_2023_baseline,Repeated 2.8.4-CB rows may be distinct artifacts or archive duplicates; hashes not exposed. Suffix meaning unverified.
Digikala,com.digikala,2.9.2-CB,,,2022-10-17,archive_file_date,https://digikala.en.uptodown.com/android/versions,APK archive listing; bytes not acquired,,no,no,pre_2023_baseline,Repeated 2.8.4-CB rows may be distinct artifacts or archive duplicates; hashes not exposed. Suffix meaning unverified.
Digikala,com.digikala,2.9.3-CB,,,2023-01-06,archive_file_date,https://digikala.en.uptodown.com/android/versions,APK archive listing; bytes not acquired,,no,no,in_window,Suffix preserved as published; channel meaning not independently verified. Archive date is not confirmed developer release date.
Digikala,com.digikala,2.9.4-MK,,,2023-03-29,archive_file_date,https://digikala.en.uptodown.com/android/versions,APK archive listing; bytes not acquired,,no,no,in_window,Suffix preserved as published; channel meaning not independently verified. Archive date is not confirmed developer release date.
Digikala,com.digikala,2.10.0-CB,,,2023-08-13,archive_file_date,https://digikala.en.uptodown.com/android/versions,APK archive listing; bytes not acquired,,no,no,in_window,Suffix preserved as published; channel meaning not independently verified. Archive date is not confirmed developer release date.
Digikala,com.digikala,2.11.0-CB,,,2023-12-04,archive_file_date,https://digikala.en.uptodown.com/android/versions,APK archive listing; bytes not acquired,,no,no,in_window,Suffix preserved as published; channel meaning not independently verified. Archive date is not confirmed developer release date.
Digikala,com.digikala,2.11.1-CB,,,2024-02-14,archive_file_date,https://digikala.en.uptodown.com/android/versions,APK archive listing; bytes not acquired,,no,no,in_window,Suffix preserved as published; channel meaning not independently verified. Archive date is not confirmed developer release date.
Digikala,com.digikala,3.0.0-CB,,,2024-04-22,archive_file_date,https://digikala.en.uptodown.com/android/versions,APK archive listing; bytes not acquired,,no,no,in_window,Suffix preserved as published; channel meaning not independently verified. Archive date is not confirmed developer release date.
Digikala,com.digikala,3.1.0-CB,,,2024-11-10,archive_file_date,https://digikala.en.uptodown.com/android/versions,APK archive listing; bytes not acquired,,no,no,in_window,Suffix preserved as published; channel meaning not independently verified. Archive date is not confirmed developer release date.
Digikala,com.digikala,3.1.1-HW,,,2025-02-14,archive_file_date,https://digikala.en.uptodown.com/android/versions,APK archive listing; bytes not acquired,,no,no,in_window,Suffix preserved as published; channel meaning not independently verified. Archive date is not confirmed developer release date.
Digikala,com.digikala,3.1.2-MK,,,2025-10-09,archive_file_date,https://digikala.en.uptodown.com/android/versions,APK archive listing; bytes not acquired,,no,no,in_window,Suffix preserved as published; channel meaning not independently verified. Archive date is not confirmed developer release date.
Digikala,com.digikala,3.1.3-MK,,,2025-10-29,archive_file_date,https://digikala.en.uptodown.com/android/versions,APK archive listing; bytes not acquired,,no,no,in_window,"Suffix preserved as published; channel meaning not independently verified. Archive date is not confirmed developer release date. APKCombo lists version 3.1.3-MK (304), but exact file identity across archives has not been compared, dated 2025-11-03: https://apkcombo.com/digikala/com.digikala/"
Digikala,com.digikala,3.2.0-MK,,,2026-05-04,archive_file_date,https://digikala.en.uptodown.com/android/versions,APK archive listing; bytes not acquired,,no,no,in_window,Suffix preserved as published; channel meaning not independently verified. Archive date is not confirmed developer release date.
Digikala,com.digikala,3.2.2-MK,,,2026-05-23,archive_file_date,https://digikala.en.uptodown.com/android/versions,APK archive listing; bytes not acquired,,no,no,in_window,Suffix preserved as published; channel meaning not independently verified. Archive date is not confirmed developer release date.
Digikala,com.digikala,3.2.3-CB,,current_store_listing,2026-07-27,store_last_update_date,https://cafebazaar.ir/app/com.digikala,APK current store listing; bytes not acquired,,no,no,in_window,Store publishes 5 Mordad 1405 as last update (Gregorian 2026-07-27). Preserve -CB suffix; no version code or page hash. Exact file identity relative to other 3.2.3 suffixes unverified.
Digikala,com.digikala,3.2.3-MK,,,2026-08-03,archive_file_date,https://digikala.en.uptodown.com/android/versions,APK archive listing; bytes not acquired,,no,no,in_window,Suffix preserved as published; channel meaning not independently verified. Archive date is not confirmed developer release date.
Digikala,com.digikala.diagon,2.7.2-GP,,,2021-11-30,archive_file_date,https://digikala-diagon.en.uptodown.com/android/versions,APK archive listing; bytes not acquired,,no,no,pre_2023_baseline,Separate Digikala package from com.digikala; -GP suffix preserved. Archive file date is not a verified original release date. Old-numbered versions dated 2024/2025 may be late uploads; do not infer chronology from label.
Digikala,com.digikala.diagon,2.8.1-GP,,,2022-01-18,archive_file_date,https://digikala-diagon.en.uptodown.com/android/versions,APK archive listing; bytes not acquired,,no,no,pre_2023_baseline,Separate Digikala package from com.digikala; -GP suffix preserved. Archive file date is not a verified original release date. Old-numbered versions dated 2024/2025 may be late uploads; do not infer chronology from label.
Digikala,com.digikala.diagon,2.7.1-GP,,,2022-01-23,archive_file_date,https://digikala-diagon.en.uptodown.com/android/versions,APK archive listing; bytes not acquired,,no,no,pre_2023_baseline,Separate Digikala package from com.digikala; -GP suffix preserved. Archive file date is not a verified original release date. Old-numbered versions dated 2024/2025 may be late uploads; do not infer chronology from label.
Digikala,com.digikala.diagon,2.7 - GP,,,2022-02-03,archive_file_date,https://digikala-diagon.en.uptodown.com/android/versions,APK archive listing; bytes not acquired,,no,no,pre_2023_baseline,Separate Digikala package from com.digikala; -GP suffix preserved. Archive file date is not a verified original release date. Old-numbered versions dated 2024/2025 may be late uploads; do not infer chronology from label.
Digikala,com.digikala.diagon,2.8.4-GP,,entry_3,2022-05-19,archive_file_date,https://digikala-diagon.en.uptodown.com/android/versions,APK archive listing; bytes not acquired,,no,no,pre_2023_baseline,Separate Digikala package from com.digikala; -GP suffix preserved. Archive file date is not a verified original release date. Old-numbered versions dated 2024/2025 may be late uploads; do not infer chronology from label.
Digikala,com.digikala.diagon,2.8.4-GP,,entry_2,2022-05-24,archive_file_date,https://digikala-diagon.en.uptodown.com/android/versions,APK archive listing; bytes not acquired,,no,no,pre_2023_baseline,Separate Digikala package from com.digikala; -GP suffix preserved. Archive file date is not a verified original release date. Old-numbered versions dated 2024/2025 may be late uploads; do not infer chronology from label.
Digikala,com.digikala.diagon,2.8.4-GP,,entry_1,2022-05-26,archive_file_date,https://digikala-diagon.en.uptodown.com/android/versions,APK archive listing; bytes not acquired,,no,no,pre_2023_baseline,Separate Digikala package from com.digikala; -GP suffix preserved. Archive file date is not a verified original release date. Old-numbered versions dated 2024/2025 may be late uploads; do not infer chronology from label.
Digikala,com.digikala.diagon,2.9.0-GP,,,2022-06-21,archive_file_date,https://digikala-diagon.en.uptodown.com/android/versions,APK archive listing; bytes not acquired,,no,no,pre_2023_baseline,Separate Digikala package from com.digikala; -GP suffix preserved. Archive file date is not a verified original release date. Old-numbered versions dated 2024/2025 may be late uploads; do not infer chronology from label.
Digikala,com.digikala.diagon,2.9.0.1-GP,,,2022-07-02,archive_file_date,https://digikala-diagon.en.uptodown.com/android/versions,APK archive listing; bytes not acquired,,no,no,pre_2023_baseline,Separate Digikala package from com.digikala; -GP suffix preserved. Archive file date is not a verified original release date. Old-numbered versions dated 2024/2025 may be late uploads; do not infer chronology from label.
Digikala,com.digikala.diagon,2.9.1-GP,,,2022-08-15,archive_file_date,https://digikala-diagon.en.uptodown.com/android/versions,APK archive listing; bytes not acquired,,no,no,pre_2023_baseline,Separate Digikala package from com.digikala; -GP suffix preserved. Archive file date is not a verified original release date. Old-numbered versions dated 2024/2025 may be late uploads; do not infer chronology from label.
Digikala,com.digikala.diagon,2.9.1.1-GP,,,2022-09-05,archive_file_date,https://digikala-diagon.en.uptodown.com/android/versions,APK archive listing; bytes not acquired,,no,no,pre_2023_baseline,Separate Digikala package from com.digikala; -GP suffix preserved. Archive file date is not a verified original release date. Old-numbered versions dated 2024/2025 may be late uploads; do not infer chronology from label.
Digikala,com.digikala.diagon,2.9.2-GP,,,2022-10-17,archive_file_date,https://digikala-diagon.en.uptodown.com/android/versions,APK archive listing; bytes not acquired,,no,no,pre_2023_baseline,Separate Digikala package from com.digikala; -GP suffix preserved. Archive file date is not a verified original release date. Old-numbered versions dated 2024/2025 may be late uploads; do not infer chronology from label.
Digikala,com.digikala.diagon,2.9.2.1-GP,,,2022-12-07,archive_file_date,https://digikala-diagon.en.uptodown.com/android/versions,APK archive listing; bytes not acquired,,no,no,pre_2023_baseline,Separate Digikala package from com.digikala; -GP suffix preserved. Archive file date is not a verified original release date. Old-numbered versions dated 2024/2025 may be late uploads; do not infer chronology from label.
Digikala,com.digikala.diagon,2.9.3-GP,,,2023-01-07,archive_file_date,https://digikala-diagon.en.uptodown.com/android/versions,APK archive listing; bytes not acquired,,no,no,in_window,Separate Digikala package from com.digikala; -GP suffix preserved. Archive file date is not a verified original release date. Old-numbered versions dated 2024/2025 may be late uploads; do not infer chronology from label.
Digikala,com.digikala.diagon,2.8.2-GP,,entry_2,2023-02-13,archive_file_date,https://digikala-diagon.en.uptodown.com/android/versions,APK archive listing; bytes not acquired,,no,no,in_window,Separate Digikala package from com.digikala; -GP suffix preserved. Archive file date is not a verified original release date. Old-numbered versions dated 2024/2025 may be late uploads; do not infer chronology from label.
Digikala,com.digikala.diagon,2.8-GP,,,2023-02-18,archive_file_date,https://digikala-diagon.en.uptodown.com/android/versions,APK archive listing; bytes not acquired,,no,no,in_window,Separate Digikala package from com.digikala; -GP suffix preserved. Archive file date is not a verified original release date. Old-numbered versions dated 2024/2025 may be late uploads; do not infer chronology from label.
Digikala,com.digikala.diagon,2.8.2-GP,,,2023-03-04,archive_file_date,https://digikala-diagon.en.uptodown.com/android/versions,APK archive listing; bytes not acquired,,no,no,in_window,Separate Digikala package from com.digikala; -GP suffix preserved. Archive file date is not a verified original release date. Old-numbered versions dated 2024/2025 may be late uploads; do not infer chronology from label.
Digikala,com.digikala.diagon,2.9.4-GP,,,2023-03-12,archive_file_date,https://digikala-diagon.en.uptodown.com/android/download,Uptodown page SHA256; bytes not acquired,3cb1225dd8cfe32e0ee2e9f834ee9be1620853e5f52313693a8111aae133c708,yes,no,in_window,Separate Digikala package from com.digikala; -GP suffix preserved. Archive file date is not a verified original release date. Old-numbered versions dated 2024/2025 may be late uploads; do not infer chronology from label.
Digikala,com.digikala.diagon,2.8.3-GP,,,2024-09-29,archive_file_date,https://digikala-diagon.en.uptodown.com/android/versions,APK archive listing; bytes not acquired,,no,no,in_window,Separate Digikala package from com.digikala; -GP suffix preserved. Archive file date is not a verified original release date. Old-numbered versions dated 2024/2025 may be late uploads; do not infer chronology from label.
Digikala,com.digikala.diagon,2.6.3 - GP,,,2025-03-29,archive_file_date,https://digikala-diagon.en.uptodown.com/android/versions,APK archive listing; bytes not acquired,,no,no,in_window,Separate Digikala package from com.digikala; -GP suffix preserved. Archive file date is not a verified original release date. Old-numbered versions dated 2024/2025 may be late uploads; do not infer chronology from label.
Aparat,com.aparat,3.4.1,,,2015-09-22,archive_update_date,https://apkcombo.com/aparat/com.aparat/old-versions/,APK archive listing; bytes not acquired,,no,no,pre_2023_baseline,Pre-2023 baseline; visible old-version list has large chronology gaps.
Aparat,com.aparat,3.5,,,2015-11-24,archive_update_date,https://apkcombo.com/aparat/com.aparat/old-versions/,APK archive listing; bytes not acquired,,no,no,pre_2023_baseline,Pre-2023 baseline; visible old-version list has large chronology gaps.
Aparat,com.aparat,4.0.1,,,2016-01-30,archive_update_date,https://apkcombo.com/aparat/com.aparat/old-versions/,APK archive listing; bytes not acquired,,no,no,pre_2023_baseline,Pre-2023 baseline; visible old-version list has large chronology gaps.
Aparat,com.aparat,4.0.2,,,2016-02-02,archive_update_date,https://apkcombo.com/aparat/com.aparat/old-versions/,APK archive listing; bytes not acquired,,no,no,pre_2023_baseline,Pre-2023 baseline; visible old-version list has large chronology gaps.
Aparat,com.aparat,4.0.3,,,2016-02-24,archive_update_date,https://apkcombo.com/aparat/com.aparat/old-versions/,APK archive listing; bytes not acquired,,no,no,pre_2023_baseline,Pre-2023 baseline; visible old-version list has large chronology gaps.
Aparat,com.aparat,5.2.3,,,2022-12-28,archive_file_date,https://aparat.it.uptodown.com/android/download,APK archive listing; bytes not acquired,,no,no,pre_2023_baseline,Historical version shown in older Uptodown page snapshot; same-version entries may be distinct artifacts or duplicates.
Aparat,com.aparat,5.2.4,,uptodown_entry_1,2023-03-07,archive_file_date,https://aparat.it.uptodown.com/android/download,APK archive listing; bytes not acquired,,no,no,in_window,Historical version shown in older Uptodown page snapshot; same-version entries may be distinct artifacts or duplicates.
Aparat,com.aparat,5.2.4,,uptodown_entry_2,2023-04-28,archive_file_date,https://aparat.it.uptodown.com/android/download,APK archive listing; bytes not acquired,,no,no,in_window,Historical version shown in older Uptodown page snapshot; same-version entries may be distinct artifacts or duplicates.
Aparat,com.aparat,5.3.1,,uptodown_entry,2023-05-30,archive_file_date,https://aparat.it.uptodown.com/android/download,APK archive listing; bytes not acquired,,no,no,in_window,Historical version shown in older Uptodown page snapshot; same-version entries may be distinct artifacts or duplicates.
Aparat,com.aparat,5.3.1,,apkcombo_entry,2024-07-08,archive_update_date,https://apkcombo.com/aparat/com.aparat/old-versions/,APK archive listing; bytes not acquired,,no,no,in_window,"Same version as Uptodown 2023-05-30; file identity not checked. May be mirror re-upload, not new release."
Aparat,com.aparat,6.0.0,,,2025-04-13,archive_file_date,https://aparat.it.uptodown.com/android/download,APK archive listing; bytes not acquired,,no,no,in_window,Historical version shown in older Uptodown page snapshot; same-version entries may be distinct artifacts or duplicates.
Aparat,com.aparat,6.0.1,,,2025-04-16,archive_file_date,https://aparat.en.uptodown.com/android/versions,APK archive listing; bytes not acquired,,no,no,in_window,Same-version entries on different dates have no published hash in list; keep separate pending file identity check. Archive date is not confirmed developer release date.
Aparat,com.aparat,6.0.2,,,2025-05-06,archive_file_date,https://aparat.en.uptodown.com/android/versions,APK archive listing; bytes not acquired,,no,no,in_window,Same-version entries on different dates have no published hash in list; keep separate pending file identity check. Archive date is not confirmed developer release date.
Aparat,com.aparat,6.1.0,,entry_1,2025-08-10,archive_file_date,https://aparat.en.uptodown.com/android/versions,APK archive listing; bytes not acquired,,no,no,in_window,Same-version entries on different dates have no published hash in list; keep separate pending file identity check. Archive date is not confirmed developer release date.
Aparat,com.aparat,6.1.0,,entry_2,2025-08-11,archive_file_date,https://aparat.en.uptodown.com/android/versions,APK archive listing; bytes not acquired,,no,no,in_window,Same-version entries on different dates have no published hash in list; keep separate pending file identity check. Archive date is not confirmed developer release date.
Aparat,com.aparat,6.1.1,,,2025-09-27,archive_file_date,https://aparat.en.uptodown.com/android/versions,APK archive listing; bytes not acquired,,no,no,in_window,Same-version entries on different dates have no published hash in list; keep separate pending file identity check. Archive date is not confirmed developer release date.
Aparat,com.aparat,6.1.2,,,2025-10-13,archive_file_date,https://aparat.en.uptodown.com/android/versions,APK archive listing; bytes not acquired,,no,no,in_window,Same-version entries on different dates have no published hash in list; keep separate pending file identity check. Archive date is not confirmed developer release date.
Aparat,com.aparat,6.1.3,,,2026-01-05,archive_file_date,https://aparat.en.uptodown.com/android/versions,APK archive listing; bytes not acquired,,no,no,in_window,Same-version entries on different dates have no published hash in list; keep separate pending file identity check. Archive date is not confirmed developer release date.
Aparat,com.aparat,6.1.4,,entry_1,2026-01-17,archive_file_date,https://aparat.en.uptodown.com/android/versions,APK archive listing; bytes not acquired,,no,no,in_window,Same-version entries on different dates have no published hash in list; keep separate pending file identity check. Archive date is not confirmed developer release date.
Aparat,com.aparat,6.1.4,,entry_2,2026-01-20,archive_file_date,https://aparat.en.uptodown.com/android/versions,APK archive listing; bytes not acquired,,no,no,in_window,Same-version entries on different dates have no published hash in list; keep separate pending file identity check. Archive date is not confirmed developer release date.
Aparat,com.aparat,6.1.5,,entry_1,2026-02-23,archive_file_date,https://aparat.en.uptodown.com/android/versions,APK archive listing; bytes not acquired,,no,no,in_window,Same-version entries on different dates have no published hash in list; keep separate pending file identity check. Archive date is not confirmed developer release date.
Aparat,com.aparat,6.1.5,,entry_2,2026-02-26,archive_file_date,https://aparat.en.uptodown.com/android/versions,APK archive listing; bytes not acquired,,no,no,in_window,Same-version entries on different dates have no published hash in list; keep separate pending file identity check. Archive date is not confirmed developer release date.
Aparat,com.aparat,6.1.6,,entry_1,2026-03-13,archive_file_date,https://aparat.en.uptodown.com/android/versions,APK archive listing; bytes not acquired,,no,no,in_window,Same-version entries on different dates have no published hash in list; keep separate pending file identity check. Archive date is not confirmed developer release date.
Aparat,com.aparat,6.1.7,,entry_1,2026-04-09,archive_file_date,https://aparat.en.uptodown.com/android/versions,APK archive listing; bytes not acquired,,no,no,in_window,Same-version entries on different dates have no published hash in list; keep separate pending file identity check. Archive date is not confirmed developer release date. APKCombo exposes versionCode for its 6.1.7 listing; identity with Uptodown file unverified: https://apkcombo.com/aparat/com.aparat/
Aparat,com.aparat,6.1.6,,entry_2,2026-04-26,archive_file_date,https://aparat.en.uptodown.com/android/versions,APK archive listing; bytes not acquired,,no,no,in_window,Same-version entries on different dates have no published hash in list; keep separate pending file identity check. Archive date is not confirmed developer release date.
Aparat,com.aparat,6.1.7,,entry_2,2026-05-12,archive_file_date,https://aparat.en.uptodown.com/android/versions,APK archive listing; bytes not acquired,,no,no,in_window,Same-version entries on different dates have no published hash in list; keep separate pending file identity check. Archive date is not confirmed developer release date.
Aparat,com.aparat,7.0.0,,entry_1,2026-05-25,archive_file_date,https://aparat.en.uptodown.com/android/versions,APK archive listing; bytes not acquired,,no,no,in_window,Same-version entries on different dates have no published hash in list; keep separate pending file identity check. Archive date is not confirmed developer release date.
Aparat,com.aparat,7.0.1,,entry_1,2026-06-04,archive_file_date,https://aparat.en.uptodown.com/android/versions,APK archive listing; bytes not acquired,,no,no,in_window,Same-version entries on different dates have no published hash in list; keep separate pending file identity check. Archive date is not confirmed developer release date.
Aparat,com.aparat,7.0.0,,entry_2,2026-06-05,archive_file_date,https://aparat.en.uptodown.com/android/versions,APK archive listing; bytes not acquired,,no,no,in_window,Same-version entries on different dates have no published hash in list; keep separate pending file identity check. Archive date is not confirmed developer release date.
Aparat,com.aparat,7.0.1,,entry_2,2026-06-06,archive_file_date,https://aparat.en.uptodown.com/android/versions,APK archive listing; bytes not acquired,,no,no,in_window,Same-version entries on different dates have no published hash in list; keep separate pending file identity check. Archive date is not confirmed developer release date.
Aparat,com.aparat,7.1.0,,entry_1,2026-07-26,archive_file_date,https://aparat.en.uptodown.com/android/versions,APK archive listing; bytes not acquired,,no,no,in_window,Same-version entries on different dates have no published hash in list; keep separate pending file identity check. Archive date is not confirmed developer release date.
Aparat,com.aparat,7.1.0,,entry_2,2026-07-30,archive_file_date,https://aparat.en.uptodown.com/android/versions,APK archive listing; bytes not acquired,,no,no,in_window,Same-version entries on different dates have no published hash in list; keep separate pending file identity check. Archive date is not confirmed developer release date.
Aparat,com.aparat,7.2.0,,entry_1,2026-09-09,archive_file_date,https://aparat.en.uptodown.com/android/versions,APK archive listing; bytes not acquired,,no,no,in_window,Same-version entries on different dates have no published hash in list; keep separate pending file identity check. Archive date is not confirmed developer release date.
Aparat,com.aparat,7.2.1,,entry_1,2026-09-19,archive_file_date,https://aparat.en.uptodown.com/android/versions,APK archive listing; bytes not acquired,,no,no,in_window,Same-version entries on different dates have no published hash in list; keep separate pending file identity check. Archive date is not confirmed developer release date.
Aparat,com.aparat,7.2.1,,current_store_listing,2026-09-19,store_last_update_date,https://cafebazaar.ir/app/com.aparat,APK current store listing; bytes not acquired,,no,no,in_window,"Store publishes 28 Shahrivar 1405 as last update (Gregorian 2026-09-19). Same version/date as an Uptodown entry, but APK equivalence untested."
Aparat,com.aparat,7.2.1,,entry_2,2026-09-21,archive_file_date,https://aparat.en.uptodown.com/android/versions,APK archive listing; bytes not acquired,,no,no,in_window,Same-version entries on different dates have no published hash in list; keep separate pending file identity check. Archive date is not confirmed developer release date.
Baam,ir.bmi.bam.nativeweb,4.7.1.265,,,2023-11-25,store_last_update_jalali_1402-09-04,https://certfa.com/lab/android-app/sha1/ff1e80a620438a4ee13e31ef2e284de5bf41534b/,metadata with linked VT SHA256; bytes not acquired,404c55b3f6f6b2fe4e393ed8c190466fbcae3b32c2d02ee514467e6978691e9d,yes,no,in_window,Certfa records package/version and historical Bazaar last-update date; SHA256 was extracted only where its linked VirusTotal URL exposes it. Scanner verdicts are not used as audit findings.
Baam,ir.bmi.bam.nativeweb,4.9.2.315,,,2024-04-23,store_last_update_jalali_1403-02-04,https://certfa.com/lab/android-app/sha1/a449db1274863bf853e27dfad9af6ada9e9c6667/,scan metadata only; bytes not acquired,,no,no,in_window,Certfa records package/version and historical Bazaar last-update date; SHA256 was extracted only where its linked VirusTotal URL exposes it. Scanner verdicts are not used as audit findings.
Baam,ir.bmi.bam.nativeweb,4.8.1.277,,,2024-06-10,third_party_archive_last_update_date,https://www.pgyer.com/apk/fa/apk/ir.bmi.bam.nativeweb/download,APK download offered; bytes not acquired,,no,no,in_window,"PGYER page explicitly names package and version, plus Jun 10 2024 as last update. Site provenance and APK identity are unverified; separate IranApp Jan 28 article lead has no package proof."
Baam,ir.bmi.bam.nativeweb,4.13.1.360,,,2024-07-23,store_last_update_jalali_1403-05-02,https://certfa.com/lab/android-app/sha1/5d74788b534ba69cac9184feba932c74d8094cbe/,metadata with linked VT SHA256; bytes not acquired,b3523aba4def28894e6bfabf8b3d0760867a307e97da99a3c4a510844de44367,yes,no,in_window,Certfa records package/version and historical Bazaar last-update date; SHA256 was extracted only where its linked VirusTotal URL exposes it. Scanner verdicts are not used as audit findings.
Baam,ir.bmi.bam.nativeweb,4.14.2.378,,,2024-09-25,store_last_update_jalali_1403-07-04,https://certfa.com/lab/android-app/sha1/b2b9f6c1f5aec6106640a399e970fbc01aa5b617/,metadata with linked VT SHA256; bytes not acquired,3d92104fd2ea03d842da02074fe05b4fb28959cec0662496a9d505a350ed3e9b,yes,no,in_window,Certfa records package/version and historical Bazaar last-update date; SHA256 was extracted only where its linked VirusTotal URL exposes it. Scanner verdicts are not used as audit findings.
Baam,ir.bmi.bam.nativeweb,4.14.2.379,41402379,,2024-10-17,APKCombo_update_date,https://apkcombo.com/ar/%D9%87%D9%85%D8%B1%D8%A7%D9%87-%D8%A8%D8%A7%D9%85-%D9%85%D9%84%DB%8C/ir.bmi.bam.nativeweb/,APK download offered; bytes not acquired,,no,no,in_window,"Third-party uploader is APKFlash Uploader, not bank developer; authenticity must be checked before use."
Baam,ir.bmi.bam.nativeweb,4.26.1.635,,,2026-09-29,store_last_update_jalali_1405-07-07,https://cafebazaar.ir/app/ir.bmi.bam.nativeweb,current store APK offered; bytes not acquired,,no,no,in_window,Official current listing; Myket independently shows same version/date: https://myket.ir/app/ir.bmi.bam.nativeweb
Baam,ir.bmi.bam.nativeweb,3.2.8.10,,,,undated_archive_listing,https://www.pgyer.com/apk/fa/apk/ir.bmi.bam.nativeweb/download,APK download offered; bytes not acquired,,no,no,undated_unknown,"Version appears in PGYER old-versions block; pre-2023 placement is provisional from sequence only, not established by source date. Do not use for dated timeline until verified. Exact release year is not established by the cited page; exclude from dated audit denominator until corroborated."
Baam,ir.bmi.bam.nativeweb,4.25.3.632,,,,mirror_conflicting_update_dates,https://barato.ir/bam-android/,APK download offered; bytes not acquired,,no,no,undated_unknown,Live mirror page explicitly names package and version but prints both 10 Tir 1405 and 21 Shahrivar 1405 as update dates. No unambiguous date or SHA256; verify file signing and exact bytes before audit.
Baam,ir.bmi.bam.nativeweb,4.7.2.269,,,,undated_archive_listing,https://www.pgyer.com/apk/fa/apk/ir.bmi.bam.nativeweb/download,APK download offered; bytes not acquired,,no,no,undated_unknown,Archive lists version but no version-specific date or hash; authenticate downloaded file before audit. Exact release year is not established by the cited page; exclude from dated audit denominator until corroborated.
Baam,ir.bmi.bam.nativeweb,N2.6.7,,,,undated_archive_listing,https://www.pgyer.com/apk/fa/apk/ir.bmi.bam.nativeweb/download,APK download offered; bytes not acquired,,no,no,undated_unknown,"Version appears in PGYER old-versions block; pre-2023 placement is provisional from sequence only, not established by source date. Do not use for dated timeline until verified. Exact release year is not established by the cited page; exclude from dated audit denominator until corroborated."
