app,package_id,version_name,version_code,variant,observed_date,date_type,source,source_url,artifact_type,sha256,record_scope,notes
Divar,ir.divar,3.3,3030,,2013-02-28,VirusTotal first submission,VirusTotal and existing signed-APK release ledger,https://www.virustotal.com/gui/file/98337c9126b7afd2a83cfa9515539fd0dd85ab9e131e59898187869e8cb0ecd0/details,exact APK,98337c9126b7afd2a83cfa9515539fd0dd85ab9e131e59898187869e8cb0ecd0,pre_2023_baseline,archive_date=2025-02-04; archive_url=https://divar.en.uptodown.com/android/download/1047966910; signer_sha256=a954e0419e34ff0779ef5186f06a985b42fd3db07bb03764aa7ff4bf21931baf; local_apk_present=true
Divar,ir.divar,6.7,103141405,,2015-03-24,VirusTotal first submission,VirusTotal and existing signed-APK release ledger,https://www.virustotal.com/gui/file/7cb32944e6f84f1afb59bdd238436dc9a0e0eeca24c5a88b0d1d3dac153a6bf3/details,exact APK,7cb32944e6f84f1afb59bdd238436dc9a0e0eeca24c5a88b0d1d3dac153a6bf3,pre_2023_baseline,archive_date=2026-07-03; archive_url=https://divar.en.uptodown.com/android/download/1185522128; signer_sha256=a954e0419e34ff0779ef5186f06a985b42fd3db07bb03764aa7ff4bf21931baf; local_apk_present=true
Divar,ir.divar,7.0.2,111071638,,2015-11-09,VirusTotal first submission,VirusTotal and existing signed-APK release ledger,https://www.virustotal.com/gui/file/0f816a2aa93608d981897bcf191221f10517d7ee1f24316949374934dac86493/details,exact APK,0f816a2aa93608d981897bcf191221f10517d7ee1f24316949374934dac86493,pre_2023_baseline,archive_date=2016-06-09; archive_url=https://divar.en.uptodown.com/android/download/564717; signer_sha256=a954e0419e34ff0779ef5186f06a985b42fd3db07bb03764aa7ff4bf21931baf; local_apk_present=true
Divar,ir.divar,8.0.0,201211201,,2016-02-01,VirusTotal first submission,VirusTotal and existing signed-APK release ledger,https://www.virustotal.com/gui/file/b28e05df34f478fa6c60dab9d3e200fa841eac76819f5d7b5e564531df08e87c/details,exact APK,b28e05df34f478fa6c60dab9d3e200fa841eac76819f5d7b5e564531df08e87c,pre_2023_baseline,archive_date=2025-03-15; archive_url=https://divar.en.uptodown.com/android/download/1058670416; signer_sha256=a954e0419e34ff0779ef5186f06a985b42fd3db07bb03764aa7ff4bf21931baf; local_apk_present=true
Divar,ir.divar,8.1.1,206201812,,2016-06-20,VirusTotal first submission,VirusTotal and existing signed-APK release ledger,https://www.virustotal.com/gui/file/3193c1654233451fccbc15ddff6c2a8e693a6e324e6f15f4652048aa3c40e0c5/details,exact APK,3193c1654233451fccbc15ddff6c2a8e693a6e324e6f15f4652048aa3c40e0c5,pre_2023_baseline,archive_date=2016-08-02; archive_url=https://divar.en.uptodown.com/android/download/787697; signer_sha256=a954e0419e34ff0779ef5186f06a985b42fd3db07bb03764aa7ff4bf21931baf; local_apk_present=true
Divar,ir.divar,8.2,208201254,,2016-08-21,VirusTotal first submission,VirusTotal and existing signed-APK release ledger,https://www.virustotal.com/gui/file/13307212c972aa827eb2f3fc3ed4af85eb8bc4a02b6d4b1f6c06ad2419f60a24/details,exact APK,13307212c972aa827eb2f3fc3ed4af85eb8bc4a02b6d4b1f6c06ad2419f60a24,pre_2023_baseline,archive_date=2024-02-04; archive_url=https://divar.en.uptodown.com/android/download/122248041; signer_sha256=a954e0419e34ff0779ef5186f06a985b42fd3db07bb03764aa7ff4bf21931baf; local_apk_present=true
Divar,ir.divar,8.2,208221158,,2016-08-23,VirusTotal first submission,VirusTotal and existing signed-APK release ledger,https://www.virustotal.com/gui/file/a42f1cc64a3a9bd207c73897801a2923e8fbe25aaa142895f112a8c1b66086b5/details,exact APK,a42f1cc64a3a9bd207c73897801a2923e8fbe25aaa142895f112a8c1b66086b5,pre_2023_baseline,archive_date=2026-09-03; archive_url=https://divar.en.uptodown.com/android/download/1210519880; signer_sha256=a954e0419e34ff0779ef5186f06a985b42fd3db07bb03764aa7ff4bf21931baf; local_apk_present=true
Divar,ir.divar,8.8.1,229604101,,2017-07-01,KernApk upload listing,VirusTotal and existing signed-APK release ledger,https://www.virustotal.com/gui/file/459f4c0c7a1e7eefef9acc65f6c5dae68b26d8d11549b1cd4ada32a4a2f944d1/details,exact APK,459f4c0c7a1e7eefef9acc65f6c5dae68b26d8d11549b1cd4ada32a4a2f944d1,pre_2023_baseline,archive_date=2017-07-01; archive_url=https://kernapk.nl/downloaden/divar/94800; signer_sha256=a954e0419e34ff0779ef5186f06a985b42fd3db07bb03764aa7ff4bf21931baf; local_apk_present=true
Divar,ir.divar,8.9.2,229604151,,2017-07-07,KernApk upload listing,VirusTotal and existing signed-APK release ledger,https://www.virustotal.com/gui/file/cf5b892cb5c54ac6d99b34100263e8fb90019c132dfeee7eaaf1bc3e1be49c47/details,exact APK,cf5b892cb5c54ac6d99b34100263e8fb90019c132dfeee7eaaf1bc3e1be49c47,pre_2023_baseline,archive_date=2017-07-07; archive_url=https://kernapk.nl/downloaden/divar/247872; signer_sha256=a954e0419e34ff0779ef5186f06a985b42fd3db07bb03764aa7ff4bf21931baf; local_apk_present=true
Divar,ir.divar,9.0.0,229604201,,2017-07-11,VirusTotal first submission,VirusTotal and existing signed-APK release ledger,https://www.virustotal.com/gui/file/77cac64cf516d0bea7fc0b463cc159875045a063a9fe2eead4e6ffc872e74ce4/details,exact APK,77cac64cf516d0bea7fc0b463cc159875045a063a9fe2eead4e6ffc872e74ce4,pre_2023_baseline,archive_date=2017-07-13; archive_url=https://kernapk.nl/downloaden/divar/255019; signer_sha256=a954e0419e34ff0779ef5186f06a985b42fd3db07bb03764aa7ff4bf21931baf; local_apk_present=true
Divar,ir.divar,9.0.1,229605011,,2017-07-23,VirusTotal first submission,VirusTotal and existing signed-APK release ledger,https://www.virustotal.com/gui/file/9f40b1a322258e0733c3b18b054c5a6452c2642232865bc436012d53810586db/details,exact APK,9f40b1a322258e0733c3b18b054c5a6452c2642232865bc436012d53810586db,pre_2023_baseline,archive_date=2017-07-24; archive_url=https://kernapk.nl/downloaden/divar/290570; signer_sha256=a954e0419e34ff0779ef5186f06a985b42fd3db07bb03764aa7ff4bf21931baf; local_apk_present=true
Divar,ir.divar,9.1.0,229606011,,2017-08-22,VirusTotal first submission,VirusTotal and existing signed-APK release ledger,https://www.virustotal.com/gui/file/31c90c6a008e54f08f7b59c017d97dc73703a8619a59b0b8061d9ed6dd9fbe4c/details,exact APK,31c90c6a008e54f08f7b59c017d97dc73703a8619a59b0b8061d9ed6dd9fbe4c,pre_2023_baseline,archive_date=2017-08-23; archive_url=https://kernapk.nl/downloaden/divar/329068; signer_sha256=a954e0419e34ff0779ef5186f06a985b42fd3db07bb03764aa7ff4bf21931baf; local_apk_present=true
Divar,ir.divar,9.1.1,229606061,,2017-08-29,VirusTotal first submission,VirusTotal and existing signed-APK release ledger,https://www.virustotal.com/gui/file/a4cb6f0cb9ac7fbc09e9e876bad3dbd5adb738036f41701feb2799bc528c1ed2/details,exact APK,a4cb6f0cb9ac7fbc09e9e876bad3dbd5adb738036f41701feb2799bc528c1ed2,pre_2023_baseline,archive_date=2025-11-06; archive_url=https://divar.en.uptodown.com/android/download/1120553633; signer_sha256=a954e0419e34ff0779ef5186f06a985b42fd3db07bb03764aa7ff4bf21931baf; local_apk_present=true
Divar,ir.divar,9.9.4,229611041,,2018-01-31,KernApk upload listing,VirusTotal and existing signed-APK release ledger,https://www.virustotal.com/gui/file/e85f000e1ad50cb0d5d43f174b55287c96cd206da374d89195f18ccba674b7d7/details,exact APK,e85f000e1ad50cb0d5d43f174b55287c96cd206da374d89195f18ccba674b7d7,pre_2023_baseline,archive_date=2018-01-31; archive_url=https://kernapk.nl/downloaden/divar/564189; signer_sha256=a954e0419e34ff0779ef5186f06a985b42fd3db07bb03764aa7ff4bf21931baf; local_apk_present=true
Divar,ir.divar,9.9.6,229611111,,2018-01-31,VirusTotal first submission,VirusTotal and existing signed-APK release ledger,https://www.virustotal.com/gui/file/2fdc5d85296246a439ef808501090b18d62f1ed2a4693ea4a67a57c62fe6b13d/details,exact APK,2fdc5d85296246a439ef808501090b18d62f1ed2a4693ea4a67a57c62fe6b13d,pre_2023_baseline,archive_date=2018-02-04; archive_url=https://kernapk.nl/downloaden/divar/571831; signer_sha256=a954e0419e34ff0779ef5186f06a985b42fd3db07bb03764aa7ff4bf21931baf; local_apk_present=true
Divar,ir.divar,10.0.0,229611231,,2018-02-12,VirusTotal first submission,VirusTotal and existing signed-APK release ledger,https://www.virustotal.com/gui/file/09740a3359bad298f1ed4c36d3780d17e973d35ea417fe1ad971a076ba65ee1f/details,exact APK,09740a3359bad298f1ed4c36d3780d17e973d35ea417fe1ad971a076ba65ee1f,pre_2023_baseline,archive_date=2018-12-26; archive_url=https://divar.en.uptodown.com/android/download/1818125; signer_sha256=a954e0419e34ff0779ef5186f06a985b42fd3db07bb03764aa7ff4bf21931baf; local_apk_present=true
Divar,ir.divar,10.0.1,229612241,,2018-03-18,KernApk upload listing,VirusTotal and existing signed-APK release ledger,https://www.virustotal.com/gui/file/c2684cf7adeb0b48111a52fcdd1cf4e462ec54351d213f2f8c2f4fda91c7eaed/details,exact APK,c2684cf7adeb0b48111a52fcdd1cf4e462ec54351d213f2f8c2f4fda91c7eaed,pre_2023_baseline,archive_date=2018-03-18; archive_url=https://kernapk.nl/downloaden/divar/618638; signer_sha256=a954e0419e34ff0779ef5186f06a985b42fd3db07bb03764aa7ff4bf21931baf; local_apk_present=true
Divar,ir.divar,10.0.2,229612281,,2018-03-19,VirusTotal first submission,VirusTotal and existing signed-APK release ledger,https://www.virustotal.com/gui/file/4e493ac4cc4f8016d7afa0fbec133cb623bb0e99a25420023b99e6462b21926e/details,exact APK,4e493ac4cc4f8016d7afa0fbec133cb623bb0e99a25420023b99e6462b21926e,pre_2023_baseline,archive_date=2018-03-23; archive_url=https://kernapk.nl/downloaden/divar/623080; signer_sha256=a954e0419e34ff0779ef5186f06a985b42fd3db07bb03764aa7ff4bf21931baf; local_apk_present=true
Divar,ir.divar,10.0.4,229701281,,2018-04-17,VirusTotal first submission,VirusTotal and existing signed-APK release ledger,https://www.virustotal.com/gui/file/1bfdfaed8329305f26c13d69f7f0881d222312e23fee9e63cce0fcfa0b83da35/details,exact APK,1bfdfaed8329305f26c13d69f7f0881d222312e23fee9e63cce0fcfa0b83da35,pre_2023_baseline,archive_date=2018-04-18; archive_url=https://kernapk.nl/downloaden/divar/657414; signer_sha256=a954e0419e34ff0779ef5186f06a985b42fd3db07bb03764aa7ff4bf21931baf; local_apk_present=true
Divar,ir.divar,10.1.1,229703081,,2018-05-29,VirusTotal first submission,VirusTotal and existing signed-APK release ledger,https://www.virustotal.com/gui/file/29bca60942aaa04dcb17099c3a40e08fd306990708d986cd9a264d9f0f6a1af6/details,exact APK,29bca60942aaa04dcb17099c3a40e08fd306990708d986cd9a264d9f0f6a1af6,pre_2023_baseline,archive_date=2019-01-14; archive_url=https://divar.en.uptodown.com/android/download/1877642; signer_sha256=a954e0419e34ff0779ef5186f06a985b42fd3db07bb03764aa7ff4bf21931baf; local_apk_present=true
Divar,ir.divar,10.1.2,229703091,,2018-05-30,VirusTotal first submission,VirusTotal and existing signed-APK release ledger,https://www.virustotal.com/gui/file/53e563e73a28869e4dcc9c2b847bfa33b3bf0adadd13c4b71730b432b175c36f/details,exact APK,53e563e73a28869e4dcc9c2b847bfa33b3bf0adadd13c4b71730b432b175c36f,pre_2023_baseline,archive_date=2018-05-31; archive_url=https://kernapk.nl/downloaden/divar/699830; signer_sha256=a954e0419e34ff0779ef5186f06a985b42fd3db07bb03764aa7ff4bf21931baf; local_apk_present=true
Divar,ir.divar,10.1.5,229704041,,2018-06-25,VirusTotal first submission,VirusTotal and existing signed-APK release ledger,https://www.virustotal.com/gui/file/9792d0d0bf705f81180aebd576173faa3f85e3ecc34755f1cec395c318608825/details,exact APK,9792d0d0bf705f81180aebd576173faa3f85e3ecc34755f1cec395c318608825,pre_2023_baseline,archive_date=2022-06-26; archive_url=https://divar.en.uptodown.com/android/download/74956803; signer_sha256=a954e0419e34ff0779ef5186f06a985b42fd3db07bb03764aa7ff4bf21931baf; local_apk_present=true
Divar,ir.divar,10.1.5,229704041,,2018-07-01,VirusTotal first submission,VirusTotal and existing signed-APK release ledger,https://www.virustotal.com/gui/file/9563f1a1bb09e0d8422c6eb1c0522780257e3b22e4d9f1ca3f39371e643c4596/details,exact APK,9563f1a1bb09e0d8422c6eb1c0522780257e3b22e4d9f1ca3f39371e643c4596,pre_2023_baseline,archive_date=2018-07-03; archive_url=https://kernapk.nl/downloaden/divar/817987; signer_sha256=a954e0419e34ff0779ef5186f06a985b42fd3db07bb03764aa7ff4bf21931baf; local_apk_present=true
Divar,ir.divar,10.2.1,229705012,,2018-07-26,VirusTotal first submission,VirusTotal and existing signed-APK release ledger,https://www.virustotal.com/gui/file/0a4aef0b20f6adfc7dc54218a4182fc8fb369e675a15a3755056325c40590656/details,exact APK,0a4aef0b20f6adfc7dc54218a4182fc8fb369e675a15a3755056325c40590656,pre_2023_baseline,archive_date=2022-05-18; archive_url=https://divar.en.uptodown.com/android/download/58822933; signer_sha256=a954e0419e34ff0779ef5186f06a985b42fd3db07bb03764aa7ff4bf21931baf; local_apk_present=true
Divar,ir.divar,10.2.3,229705172,,2018-08-08,VirusTotal first submission,VirusTotal and existing signed-APK release ledger,https://www.virustotal.com/gui/file/d402040e73c9709bc8981f9e179c7e24b0909a720ea6e478e53aebb4bb6b3e1d/details,exact APK,d402040e73c9709bc8981f9e179c7e24b0909a720ea6e478e53aebb4bb6b3e1d,pre_2023_baseline,archive_date=2019-01-13; archive_url=https://divar.en.uptodown.com/android/download/1887831; signer_sha256=a954e0419e34ff0779ef5186f06a985b42fd3db07bb03764aa7ff4bf21931baf; local_apk_present=true
Divar,ir.divar,10.2.3,229705172,,2018-08-09,VirusTotal first submission,VirusTotal and existing signed-APK release ledger,https://www.virustotal.com/gui/file/b86fce42e24f8b8f48f8d3924b51329b65847f79abf477757fd11c420aae80ca/details,exact APK,b86fce42e24f8b8f48f8d3924b51329b65847f79abf477757fd11c420aae80ca,pre_2023_baseline,archive_date=2018-08-10; archive_url=https://kernapk.nl/downloaden/divar/861180; signer_sha256=a954e0419e34ff0779ef5186f06a985b42fd3db07bb03764aa7ff4bf21931baf; local_apk_present=true
Divar,ir.divar,10.3.4,229707043,,2018-09-27,VirusTotal first submission,VirusTotal and existing signed-APK release ledger,https://www.virustotal.com/gui/file/244a2439fad0bafb151fa189f83f3832599c7a6cc42cdb6fba7012237ce4dfbd/details,exact APK,244a2439fad0bafb151fa189f83f3832599c7a6cc42cdb6fba7012237ce4dfbd,pre_2023_baseline,archive_date=2018-11-24; archive_url=https://kernapk.nl/downloaden/divar/982669; signer_sha256=a954e0419e34ff0779ef5186f06a985b42fd3db07bb03764aa7ff4bf21931baf; local_apk_present=true
Divar,ir.divar,10.4.0,229708290,,2018-11-24,VirusTotal first submission,VirusTotal and existing signed-APK release ledger,https://www.virustotal.com/gui/file/c2fc4fbba1f3b9dc8f6a35f13cf5cab83487f019c99715f7f2dd374842fef4f5/details,exact APK,c2fc4fbba1f3b9dc8f6a35f13cf5cab83487f019c99715f7f2dd374842fef4f5,pre_2023_baseline,archive_date=2020-11-13; archive_url=https://divar.en.uptodown.com/android/download/2927649; signer_sha256=a954e0419e34ff0779ef5186f06a985b42fd3db07bb03764aa7ff4bf21931baf; local_apk_present=true
Divar,ir.divar,10.4.2,229709070,,2018-11-28,VirusTotal first submission,VirusTotal and existing signed-APK release ledger,https://www.virustotal.com/gui/file/2440d77bc26bf34acf56ae83a35671579ed54e5e98c3193ab8407e422f7c0746/details,exact APK,2440d77bc26bf34acf56ae83a35671579ed54e5e98c3193ab8407e422f7c0746,pre_2023_baseline,archive_date=2025-04-05; archive_url=https://divar.en.uptodown.com/android/download/1072639333; signer_sha256=a954e0419e34ff0779ef5186f06a985b42fd3db07bb03764aa7ff4bf21931baf; local_apk_present=true
Divar,ir.divar,10.4.2,229709070,,2018-11-29,VirusTotal first submission,VirusTotal and existing signed-APK release ledger,https://www.virustotal.com/gui/file/bd1fa14e861cc075a82ccacd1490cfe1308777baef2ab0346efbb9272b09addf/details,exact APK,bd1fa14e861cc075a82ccacd1490cfe1308777baef2ab0346efbb9272b09addf,pre_2023_baseline,archive_date=2018-11-30; archive_url=https://kernapk.nl/downloaden/divar/983246; signer_sha256=a954e0419e34ff0779ef5186f06a985b42fd3db07bb03764aa7ff4bf21931baf; local_apk_present=true
Divar,ir.divar,10.4.5,229710020,,2018-12-23,VirusTotal first submission,VirusTotal and existing signed-APK release ledger,https://www.virustotal.com/gui/file/205715d4dcd00b28ff530a8dbd51b07d26e0da0db249f1eb8bc6d033e1d85892/details,exact APK,205715d4dcd00b28ff530a8dbd51b07d26e0da0db249f1eb8bc6d033e1d85892,pre_2023_baseline,archive_date=2020-10-17; archive_url=https://divar.en.uptodown.com/android/download/2717641; signer_sha256=a954e0419e34ff0779ef5186f06a985b42fd3db07bb03764aa7ff4bf21931baf; local_apk_present=true
Divar,ir.divar,10.4.6,229710040,,2018-12-25,VirusTotal first submission,VirusTotal and existing signed-APK release ledger,https://www.virustotal.com/gui/file/84b0571d67de22f1e841fe7ebdf3bb160d7cd4a68883c1242ece96f3c8e0f3e9/details,exact APK,84b0571d67de22f1e841fe7ebdf3bb160d7cd4a68883c1242ece96f3c8e0f3e9,pre_2023_baseline,archive_date=2020-11-03; archive_url=https://divar.en.uptodown.com/android/download/2873618; signer_sha256=a954e0419e34ff0779ef5186f06a985b42fd3db07bb03764aa7ff4bf21931baf; local_apk_present=true
Divar,ir.divar,10.4.6,229710040,,2018-12-26,VirusTotal first submission,VirusTotal and existing signed-APK release ledger,https://www.virustotal.com/gui/file/788e0cf3a5f8ac10cc3c0561995dde8bd18faf60d769bdf8e8b34f6999fdb898/details,exact APK,788e0cf3a5f8ac10cc3c0561995dde8bd18faf60d769bdf8e8b34f6999fdb898,pre_2023_baseline,archive_date=2018-12-27; archive_url=https://kernapk.nl/downloaden/divar/1008797; signer_sha256=a954e0419e34ff0779ef5186f06a985b42fd3db07bb03764aa7ff4bf21931baf; local_apk_present=true
Divar,ir.divar,10.4.7,229710080,,2018-12-31,VirusTotal first submission,VirusTotal and existing signed-APK release ledger,https://www.virustotal.com/gui/file/e0b74790d67b22c8fdd506454e5e415c0bc5ca2f927073c6385eaa6eae52a998/details,exact APK,e0b74790d67b22c8fdd506454e5e415c0bc5ca2f927073c6385eaa6eae52a998,pre_2023_baseline,archive_date=2019-01-01; archive_url=https://kernapk.nl/downloaden/divar/1009840; signer_sha256=a954e0419e34ff0779ef5186f06a985b42fd3db07bb03764aa7ff4bf21931baf; local_apk_present=true
Divar,ir.divar,10.5.0,229711061,,2019-01-28,KernApk upload listing,VirusTotal and existing signed-APK release ledger,https://www.virustotal.com/gui/file/16c02883144ad5b88880b4d898993e4bf0bdee397638238ad95fcfca82f5e3a0/details,exact APK,16c02883144ad5b88880b4d898993e4bf0bdee397638238ad95fcfca82f5e3a0,pre_2023_baseline,archive_date=2019-01-28; archive_url=https://kernapk.nl/downloaden/divar/1033926; signer_sha256=a954e0419e34ff0779ef5186f06a985b42fd3db07bb03764aa7ff4bf21931baf; local_apk_present=true
Divar,ir.divar,10.5.1,229712061,,2019-02-28,VirusTotal first submission,VirusTotal and existing signed-APK release ledger,https://www.virustotal.com/gui/file/551784dc0e18a7cc837be86f3f205173a087650283caf5277e94b670796f32f0/details,exact APK,551784dc0e18a7cc837be86f3f205173a087650283caf5277e94b670796f32f0,pre_2023_baseline,archive_date=2022-05-19; archive_url=https://divar.en.uptodown.com/android/download/59155960; signer_sha256=a954e0419e34ff0779ef5186f06a985b42fd3db07bb03764aa7ff4bf21931baf; local_apk_present=true
Divar,ir.divar,10.5.3,229712200,,2019-03-12,KernApk upload listing,VirusTotal and existing signed-APK release ledger,https://www.virustotal.com/gui/file/7ea717c7a538f92036449408281975cb38956ec2a94b3c198c771c7130bf773f/details,exact APK,7ea717c7a538f92036449408281975cb38956ec2a94b3c198c771c7130bf773f,pre_2023_baseline,archive_date=2019-03-12; archive_url=https://kernapk.nl/downloaden/divar/1075471; signer_sha256=a954e0419e34ff0779ef5186f06a985b42fd3db07bb03764aa7ff4bf21931baf; local_apk_present=true
Divar,ir.divar,10.5.5,229712221,,2019-03-14,KernApk upload listing,VirusTotal and existing signed-APK release ledger,https://www.virustotal.com/gui/file/5b8ffe5ba4e808eeb23b9d108d9fb525e9fffc7a52189cb65a568d87c322bc2a/details,exact APK,5b8ffe5ba4e808eeb23b9d108d9fb525e9fffc7a52189cb65a568d87c322bc2a,pre_2023_baseline,archive_date=2019-03-14; archive_url=https://kernapk.nl/downloaden/divar/1075987; signer_sha256=a954e0419e34ff0779ef5186f06a985b42fd3db07bb03764aa7ff4bf21931baf; local_apk_present=true
Divar,ir.divar,11.0.1,229803010,,2019-05-23,VirusTotal first submission,VirusTotal and existing signed-APK release ledger,https://www.virustotal.com/gui/file/4acbb638132e694e6f1a40fd14f1dac3abfd041e6591dfb951e818c9977c99b8/details,exact APK,4acbb638132e694e6f1a40fd14f1dac3abfd041e6591dfb951e818c9977c99b8,pre_2023_baseline,archive_date=2020-10-03; archive_url=https://divar.en.uptodown.com/android/download/2617349; signer_sha256=a954e0419e34ff0779ef5186f06a985b42fd3db07bb03764aa7ff4bf21931baf; local_apk_present=true
Divar,ir.divar,11.0.6,229803053,,2019-05-26,VirusTotal first submission,VirusTotal and existing signed-APK release ledger,https://www.virustotal.com/gui/file/80f4d5a255462e66b600275aff9ead1ffe64f51d0dc5e01d5427467a863ad048/details,exact APK,80f4d5a255462e66b600275aff9ead1ffe64f51d0dc5e01d5427467a863ad048,pre_2023_baseline,archive_date=2019-07-31; archive_url=https://divar.en.uptodown.com/android/download/2014942; signer_sha256=a954e0419e34ff0779ef5186f06a985b42fd3db07bb03764aa7ff4bf21931baf; local_apk_present=true
Divar,ir.divar,11.0.6,229803053,,2019-05-28,KernApk upload listing,VirusTotal and existing signed-APK release ledger,https://www.virustotal.com/gui/file/d2e76354b568f5163f423955adb65050a00ba67f08d9296fe8e6c6d4633124e5/details,exact APK,d2e76354b568f5163f423955adb65050a00ba67f08d9296fe8e6c6d4633124e5,pre_2023_baseline,archive_date=2019-05-28; archive_url=https://kernapk.nl/downloaden/divar/1098233; signer_sha256=a954e0419e34ff0779ef5186f06a985b42fd3db07bb03764aa7ff4bf21931baf; local_apk_present=true
Divar,ir.divar,11.0.8,229804010,,2019-06-22,VirusTotal first submission,VirusTotal and existing signed-APK release ledger,https://www.virustotal.com/gui/file/4040d53062345194a522c3e1883b9301ec36209236d77bb01cdbb0e9889ad344/details,exact APK,4040d53062345194a522c3e1883b9301ec36209236d77bb01cdbb0e9889ad344,pre_2023_baseline,archive_date=2020-09-07; archive_url=https://divar.en.uptodown.com/android/download/2439878; signer_sha256=a954e0419e34ff0779ef5186f06a985b42fd3db07bb03764aa7ff4bf21931baf; local_apk_present=true
Divar,ir.divar,11.0.8,229804010,,2019-06-23,KernApk upload listing,VirusTotal and existing signed-APK release ledger,https://www.virustotal.com/gui/file/408d02eacacccd57a1c8459af279f07acdaae3577c6cc680bba776b7ac1cafd5/details,exact APK,408d02eacacccd57a1c8459af279f07acdaae3577c6cc680bba776b7ac1cafd5,pre_2023_baseline,archive_date=2019-06-23; archive_url=https://kernapk.nl/downloaden/divar/1151660; signer_sha256=a954e0419e34ff0779ef5186f06a985b42fd3db07bb03764aa7ff4bf21931baf; local_apk_present=true
Divar,ir.divar,11.0.10,229804310,,2019-08-22,VirusTotal first submission,VirusTotal and existing signed-APK release ledger,https://www.virustotal.com/gui/file/9672b7feccf1d0fe362dd39efd894ed014a07703071cc1f751f0c90da9d2bb00/details,exact APK,9672b7feccf1d0fe362dd39efd894ed014a07703071cc1f751f0c90da9d2bb00,pre_2023_baseline,archive_date=2021-01-26; archive_url=https://divar.en.uptodown.com/android/download/3176586; signer_sha256=a954e0419e34ff0779ef5186f06a985b42fd3db07bb03764aa7ff4bf21931baf; local_apk_present=true
Divar,ir.divar,11.0.12,229806030,,2019-08-27,VirusTotal first submission,VirusTotal and existing signed-APK release ledger,https://www.virustotal.com/gui/file/4bd19ff3a155d9d28b104919d60a3cc286a9932c30ccb17eae9790dbedf3ac2f/details,exact APK,4bd19ff3a155d9d28b104919d60a3cc286a9932c30ccb17eae9790dbedf3ac2f,pre_2023_baseline,archive_date=2021-05-03; archive_url=https://divar.en.uptodown.com/android/download/3638804; signer_sha256=a954e0419e34ff0779ef5186f06a985b42fd3db07bb03764aa7ff4bf21931baf; local_apk_present=true
Divar,ir.divar,11.0.14,229807010,,2019-09-24,VirusTotal first submission,VirusTotal and existing signed-APK release ledger,https://www.virustotal.com/gui/file/8b8da23e74d51b1bb924c0af0abb5079922c19b3de937bc15470344d1aa3515d/details,exact APK,8b8da23e74d51b1bb924c0af0abb5079922c19b3de937bc15470344d1aa3515d,pre_2023_baseline,archive_date=2019-09-30; archive_url=https://kernapk.nl/downloaden/divar/1215609; signer_sha256=a954e0419e34ff0779ef5186f06a985b42fd3db07bb03764aa7ff4bf21931baf; local_apk_present=true
Divar,ir.divar,11.0.15,229807150,,2019-10-07,KernApk upload listing,VirusTotal and existing signed-APK release ledger,https://www.virustotal.com/gui/file/5dacbd642a48c0cbcfd58809a9a61a39cb203c616428b50400a2fa1e3755d132/details,exact APK,5dacbd642a48c0cbcfd58809a9a61a39cb203c616428b50400a2fa1e3755d132,pre_2023_baseline,archive_date=2019-10-07; archive_url=https://kernapk.nl/downloaden/divar/1222902; signer_sha256=a954e0419e34ff0779ef5186f06a985b42fd3db07bb03764aa7ff4bf21931baf; local_apk_present=true
Divar,ir.divar,11.0.16,229807160,,2019-10-08,KernApk upload listing,VirusTotal and existing signed-APK release ledger,https://www.virustotal.com/gui/file/7bbe4a3765e36027540c8b906279105efca43c133c0c4025bb57c11c2c46621b/details,exact APK,7bbe4a3765e36027540c8b906279105efca43c133c0c4025bb57c11c2c46621b,pre_2023_baseline,archive_date=2019-10-08; archive_url=https://kernapk.nl/downloaden/divar/1223189; signer_sha256=a954e0419e34ff0779ef5186f06a985b42fd3db07bb03764aa7ff4bf21931baf; local_apk_present=true
Divar,ir.divar,11.0.19,229808010,,2019-10-23,VirusTotal first submission,VirusTotal and existing signed-APK release ledger,https://www.virustotal.com/gui/file/d590793f9e0e50d56cca5507f6658ad698c41eddf2ed6a505e84897dfc02d8a1/details,exact APK,d590793f9e0e50d56cca5507f6658ad698c41eddf2ed6a505e84897dfc02d8a1,pre_2023_baseline,archive_date=2019-10-25; archive_url=https://kernapk.nl/downloaden/divar/1241543; signer_sha256=a954e0419e34ff0779ef5186f06a985b42fd3db07bb03764aa7ff4bf21931baf; local_apk_present=true
Divar,ir.divar,11.0.21,229808190,,2019-11-11,VirusTotal first submission,VirusTotal and existing signed-APK release ledger,https://www.virustotal.com/gui/file/6ceac96430636e3020d1e3e895c726c4bbb315fa2ba238056b9874f926fdc1cc/details,exact APK,6ceac96430636e3020d1e3e895c726c4bbb315fa2ba238056b9874f926fdc1cc,pre_2023_baseline,archive_date=2022-01-19; archive_url=https://divar.en.uptodown.com/android/download/4280423; signer_sha256=a954e0419e34ff0779ef5186f06a985b42fd3db07bb03764aa7ff4bf21931baf; local_apk_present=true
Divar,ir.divar,11.0.24,229809300,,2019-12-21,VirusTotal first submission,VirusTotal and existing signed-APK release ledger,https://www.virustotal.com/gui/file/f79fd63dc68b1ff00d929ac98f4b168bb57203e7daa7fb4f969b1f653f80e342/details,exact APK,f79fd63dc68b1ff00d929ac98f4b168bb57203e7daa7fb4f969b1f653f80e342,pre_2023_baseline,archive_date=2019-12-22; archive_url=https://kernapk.nl/downloaden/divar/1253524; signer_sha256=a954e0419e34ff0779ef5186f06a985b42fd3db07bb03764aa7ff4bf21931baf; local_apk_present=true
Divar,ir.divar,11.0.24,229809300,,2019-12-22,VirusTotal first submission,VirusTotal and existing signed-APK release ledger,https://www.virustotal.com/gui/file/3d1ecc4697fae2b0b10dc40558299662b53e2b0ba1df7be92ea4c4c97d162a10/details,exact APK,3d1ecc4697fae2b0b10dc40558299662b53e2b0ba1df7be92ea4c4c97d162a10,pre_2023_baseline,archive_date=2021-04-29; archive_url=https://divar.en.uptodown.com/android/download/3604024; signer_sha256=a954e0419e34ff0779ef5186f06a985b42fd3db07bb03764aa7ff4bf21931baf; local_apk_present=true
Divar,ir.divar,11.1.1,229810160,,2020-01-06,VirusTotal first submission,VirusTotal and existing signed-APK release ledger,https://www.virustotal.com/gui/file/ee59cea18c06a509555f2b1d2f1989daa0c59a697da3dc8b5fe0bce32de66865/details,exact APK,ee59cea18c06a509555f2b1d2f1989daa0c59a697da3dc8b5fe0bce32de66865,pre_2023_baseline,archive_date=2020-01-08; archive_url=https://kernapk.nl/downloaden/divar/1283770; signer_sha256=a954e0419e34ff0779ef5186f06a985b42fd3db07bb03764aa7ff4bf21931baf; local_apk_present=true
Divar,ir.divar,11.1.2,229810280,,2020-01-19,VirusTotal first submission,VirusTotal and existing signed-APK release ledger,https://www.virustotal.com/gui/file/561f53e34e6cc0bc614720545534313eb2ff20290908d498ab28ae31ad08adae/details,exact APK,561f53e34e6cc0bc614720545534313eb2ff20290908d498ab28ae31ad08adae,pre_2023_baseline,archive_date=2024-08-30; archive_url=https://divar.en.uptodown.com/android/download/1024102640; signer_sha256=a954e0419e34ff0779ef5186f06a985b42fd3db07bb03764aa7ff4bf21931baf; local_apk_present=true
Divar,ir.divar,11.1.2,229810280,,2020-01-19,VirusTotal first submission,VirusTotal and existing signed-APK release ledger,https://www.virustotal.com/gui/file/f93a2d492f699379b5818014f3682c1a77f818ec517c9caba53c8a55211535cf/details,exact APK,f93a2d492f699379b5818014f3682c1a77f818ec517c9caba53c8a55211535cf,pre_2023_baseline,archive_date=2020-01-22; archive_url=https://kernapk.nl/downloaden/divar/1289478; signer_sha256=a954e0419e34ff0779ef5186f06a985b42fd3db07bb03764aa7ff4bf21931baf; local_apk_present=true
Divar,ir.divar,11.1.4,229811130,,2020-02-02,VirusTotal first submission,VirusTotal and existing signed-APK release ledger,https://www.virustotal.com/gui/file/b79bc960e897fb03f0b02e89ee992b4148ca508b793f8aba4d1c5a360b991b8d/details,exact APK,b79bc960e897fb03f0b02e89ee992b4148ca508b793f8aba4d1c5a360b991b8d,pre_2023_baseline,archive_date=2020-02-09; archive_url=https://kernapk.nl/downloaden/divar/1305193; signer_sha256=a954e0419e34ff0779ef5186f06a985b42fd3db07bb03764aa7ff4bf21931baf; local_apk_present=true
Divar,ir.divar,11.1.4,229811130,,2020-02-03,VirusTotal first submission,VirusTotal and existing signed-APK release ledger,https://www.virustotal.com/gui/file/45a4c072b0f5a646222988c4cc67772c6608c40be3de6a2d7fdbe0db99f8b343/details,exact APK,45a4c072b0f5a646222988c4cc67772c6608c40be3de6a2d7fdbe0db99f8b343,pre_2023_baseline,archive_date=2020-11-18; archive_url=https://divar.en.uptodown.com/android/download/2947989; signer_sha256=a954e0419e34ff0779ef5186f06a985b42fd3db07bb03764aa7ff4bf21931baf; local_apk_present=true
Divar,ir.divar,11.1.6,229811280,,2020-02-18,VirusTotal first submission,VirusTotal and existing signed-APK release ledger,https://www.virustotal.com/gui/file/859c02c1cfe45cd0f5df5a19f26844ac4c59ffdec9ef94ff55436cd0c40b4a4c/details,exact APK,859c02c1cfe45cd0f5df5a19f26844ac4c59ffdec9ef94ff55436cd0c40b4a4c,pre_2023_baseline,archive_date=2022-06-18; archive_url=https://divar.en.uptodown.com/android/download/73767701; signer_sha256=a954e0419e34ff0779ef5186f06a985b42fd3db07bb03764aa7ff4bf21931baf; local_apk_present=true
Divar,ir.divar,11.1.8,229812110,,2020-03-01,VirusTotal first submission,VirusTotal and existing signed-APK release ledger,https://www.virustotal.com/gui/file/9024c50db10f65d4ea40a6f1b2d738c1d24f749798f7edf15fcbb4945a7d0686/details,exact APK,9024c50db10f65d4ea40a6f1b2d738c1d24f749798f7edf15fcbb4945a7d0686,pre_2023_baseline,archive_date=2020-03-04; archive_url=https://kernapk.nl/downloaden/divar/1314983; signer_sha256=a954e0419e34ff0779ef5186f06a985b42fd3db07bb03764aa7ff4bf21931baf; local_apk_present=true
Divar,ir.divar,11.1.10,229812270,,2020-03-18,VirusTotal first submission,VirusTotal and existing signed-APK release ledger,https://www.virustotal.com/gui/file/279f7c50b53d267d6c92c361504efdbfbe8a20066c3ac025c187a57c6878db42/details,exact APK,279f7c50b53d267d6c92c361504efdbfbe8a20066c3ac025c187a57c6878db42,pre_2023_baseline,archive_date=2020-03-22; archive_url=https://kernapk.nl/downloaden/divar/1333811; signer_sha256=a954e0419e34ff0779ef5186f06a985b42fd3db07bb03764aa7ff4bf21931baf; local_apk_present=true
Divar,ir.divar,11.1.11,229901130,,2020-04-02,VirusTotal first submission,VirusTotal and existing signed-APK release ledger,https://www.virustotal.com/gui/file/19cfaa382f39585b8555122e9c4fc70b1d9ac0a5cb2a9fff6aa3ff81434fe93a/details,exact APK,19cfaa382f39585b8555122e9c4fc70b1d9ac0a5cb2a9fff6aa3ff81434fe93a,pre_2023_baseline,archive_date=2020-04-03; archive_url=https://kernapk.nl/downloaden/divar/1346665; signer_sha256=a954e0419e34ff0779ef5186f06a985b42fd3db07bb03764aa7ff4bf21931baf; local_apk_present=true
Divar,ir.divar,11.1.13,229902010,,2020-04-20,KernApk upload listing,VirusTotal and existing signed-APK release ledger,https://www.virustotal.com/gui/file/1a37f32e40f095d58ecfba3ca6610f113eadf7ffab3a99bdbc69c7ed7d5eba1e/details,exact APK,1a37f32e40f095d58ecfba3ca6610f113eadf7ffab3a99bdbc69c7ed7d5eba1e,pre_2023_baseline,archive_date=2020-04-20; archive_url=https://kernapk.nl/downloaden/divar/1359430; signer_sha256=a954e0419e34ff0779ef5186f06a985b42fd3db07bb03764aa7ff4bf21931baf; local_apk_present=true
Divar,ir.divar,11.1.13,229902010,,2020-04-24,VirusTotal first submission,VirusTotal and existing signed-APK release ledger,https://www.virustotal.com/gui/file/9630f2ca8d0020910de2a89a3548f1b4347cf4446d582ec9f693bf90f3ee52fc/details,exact APK,9630f2ca8d0020910de2a89a3548f1b4347cf4446d582ec9f693bf90f3ee52fc,pre_2023_baseline,archive_date=2021-01-29; archive_url=https://divar.en.uptodown.com/android/download/3193995; signer_sha256=a954e0419e34ff0779ef5186f06a985b42fd3db07bb03764aa7ff4bf21931baf; local_apk_present=true
Divar,ir.divar,11.1.14,229902060,,2020-04-25,KernApk upload listing,VirusTotal and existing signed-APK release ledger,https://www.virustotal.com/gui/file/84c3d0ceff9d635187187e41c146bc7b3415fa9cbbd9b3ecf96f049bf71ff156/details,exact APK,84c3d0ceff9d635187187e41c146bc7b3415fa9cbbd9b3ecf96f049bf71ff156,pre_2023_baseline,archive_date=2020-04-25; archive_url=https://kernapk.nl/downloaden/divar/1363451; signer_sha256=a954e0419e34ff0779ef5186f06a985b42fd3db07bb03764aa7ff4bf21931baf; local_apk_present=true
Divar,ir.divar,11.1.15,229902130,,2020-05-02,VirusTotal first submission,VirusTotal and existing signed-APK release ledger,https://www.virustotal.com/gui/file/56810ea709a87c23aff64bde29f5e0b70081a599f82b5485fbbd3c89e9bef7f6/details,exact APK,56810ea709a87c23aff64bde29f5e0b70081a599f82b5485fbbd3c89e9bef7f6,pre_2023_baseline,archive_date=2020-05-04; archive_url=https://kernapk.nl/downloaden/divar/1368241; signer_sha256=a954e0419e34ff0779ef5186f06a985b42fd3db07bb03764aa7ff4bf21931baf; local_apk_present=true
Divar,ir.divar,11.1.16,229902270,,2020-05-17,KernApk upload listing,VirusTotal and existing signed-APK release ledger,https://www.virustotal.com/gui/file/fe4c3c4b6f4ee345cddbeb2cb1c8ce6c17e74c1b2a153697c67df88a26517d6c/details,exact APK,fe4c3c4b6f4ee345cddbeb2cb1c8ce6c17e74c1b2a153697c67df88a26517d6c,pre_2023_baseline,archive_date=2020-05-17; archive_url=https://kernapk.nl/downloaden/divar/1377055; signer_sha256=a954e0419e34ff0779ef5186f06a985b42fd3db07bb03764aa7ff4bf21931baf; local_apk_present=true
Divar,ir.divar,11.1.17,229903100,,2020-05-31,VirusTotal first submission,VirusTotal and existing signed-APK release ledger,https://www.virustotal.com/gui/file/5a0b2966060eee4560a04ae8916f6e4e9ba58adfa87aa59f646207af757dea1e/details,exact APK,5a0b2966060eee4560a04ae8916f6e4e9ba58adfa87aa59f646207af757dea1e,pre_2023_baseline,archive_date=2020-06-02; archive_url=https://kernapk.nl/downloaden/divar/1392403; signer_sha256=a954e0419e34ff0779ef5186f06a985b42fd3db07bb03764aa7ff4bf21931baf; local_apk_present=true
Divar,ir.divar,11.1.18,229903161,,2020-06-06,VirusTotal first submission,VirusTotal and existing signed-APK release ledger,https://www.virustotal.com/gui/file/e449ba0697f449c58b1ed37c47d834e150d30d1c759ad0ff4d4f2709d34c9777/details,exact APK,e449ba0697f449c58b1ed37c47d834e150d30d1c759ad0ff4d4f2709d34c9777,pre_2023_baseline,archive_date=2020-06-13; archive_url=https://kernapk.nl/downloaden/divar/1403731; signer_sha256=a954e0419e34ff0779ef5186f06a985b42fd3db07bb03764aa7ff4bf21931baf; local_apk_present=true
Divar,ir.divar,11.1.19,229903240,,2020-06-14,VirusTotal first submission,VirusTotal and existing signed-APK release ledger,https://www.virustotal.com/gui/file/15241014201273c2265618d03432f5e2e74bfbd6e59622583286d5cf29adf473/details,exact APK,15241014201273c2265618d03432f5e2e74bfbd6e59622583286d5cf29adf473,pre_2023_baseline,archive_date=2020-06-25; archive_url=https://kernapk.nl/downloaden/divar/1418066; signer_sha256=a954e0419e34ff0779ef5186f06a985b42fd3db07bb03764aa7ff4bf21931baf; local_apk_present=true
Divar,ir.divar,11.1.20,229904090,,2020-06-29,VirusTotal first submission,VirusTotal and existing signed-APK release ledger,https://www.virustotal.com/gui/file/8ea721e8c94d7c57b1997bf969066ace221d1a149110eae562da3c34d269cc3a/details,exact APK,8ea721e8c94d7c57b1997bf969066ace221d1a149110eae562da3c34d269cc3a,pre_2023_baseline,archive_date=2021-02-19; archive_url=https://divar.en.uptodown.com/android/download/3269449; signer_sha256=a954e0419e34ff0779ef5186f06a985b42fd3db07bb03764aa7ff4bf21931baf; local_apk_present=true
Divar,ir.divar,11.1.21,229904210,,2020-07-11,VirusTotal first submission,VirusTotal and existing signed-APK release ledger,https://www.virustotal.com/gui/file/5f4da853ab002037dbe425d063228268ccaa4fd1b1d58320ca5f6dd5561d2f45/details,exact APK,5f4da853ab002037dbe425d063228268ccaa4fd1b1d58320ca5f6dd5561d2f45,pre_2023_baseline,archive_date=2020-07-13; archive_url=https://kernapk.nl/downloaden/divar/1435570; signer_sha256=a954e0419e34ff0779ef5186f06a985b42fd3db07bb03764aa7ff4bf21931baf; local_apk_present=true
Divar,ir.divar,11.1.22,229905040,,2020-07-25,VirusTotal first submission,VirusTotal and existing signed-APK release ledger,https://www.virustotal.com/gui/file/b12d16853527275ed878110d25e42ba54dc70f1a9a67beb5f6d3989ce7f50282/details,exact APK,b12d16853527275ed878110d25e42ba54dc70f1a9a67beb5f6d3989ce7f50282,pre_2023_baseline,archive_date=2020-08-06; archive_url=https://kernapk.nl/downloaden/divar/1474084; signer_sha256=a954e0419e34ff0779ef5186f06a985b42fd3db07bb03764aa7ff4bf21931baf; local_apk_present=true
Divar,ir.divar,11.1.22,229905040,,2020-07-26,VirusTotal first submission,VirusTotal and existing signed-APK release ledger,https://www.virustotal.com/gui/file/66b234208871f118bc77889278025674b438e98eb4f4fce65f0e4fe7b70a9edc/details,exact APK,66b234208871f118bc77889278025674b438e98eb4f4fce65f0e4fe7b70a9edc,pre_2023_baseline,archive_date=2021-04-17; archive_url=https://divar.en.uptodown.com/android/download/3533279; signer_sha256=a954e0419e34ff0779ef5186f06a985b42fd3db07bb03764aa7ff4bf21931baf; local_apk_present=true
Divar,ir.divar,11.1.24,229905200,,2020-08-10,VirusTotal first submission,VirusTotal and existing signed-APK release ledger,https://www.virustotal.com/gui/file/05ef5792e823f3ec2ad4a99209ff392c0d9df32de77fc906cc71a296df06bfd0/details,exact APK,05ef5792e823f3ec2ad4a99209ff392c0d9df32de77fc906cc71a296df06bfd0,pre_2023_baseline,archive_date=2020-08-20; archive_url=https://kernapk.nl/downloaden/divar/1490227; signer_sha256=a954e0419e34ff0779ef5186f06a985b42fd3db07bb03764aa7ff4bf21931baf; local_apk_present=true
Divar,ir.divar,11.1.24,229905200,,2020-08-11,VirusTotal first submission,VirusTotal and existing signed-APK release ledger,https://www.virustotal.com/gui/file/e8345bd1fa401cd5acee61611afb23d9dccad91b43b788b72e8d64017dbc16d2/details,exact APK,e8345bd1fa401cd5acee61611afb23d9dccad91b43b788b72e8d64017dbc16d2,pre_2023_baseline,archive_date=2025-07-13; archive_url=https://divar.en.uptodown.com/android/download/1092454872; signer_sha256=a954e0419e34ff0779ef5186f06a985b42fd3db07bb03764aa7ff4bf21931baf; local_apk_present=true
Divar,ir.divar,11.1.26,229906020,,2020-08-24,VirusTotal first submission,VirusTotal and existing signed-APK release ledger,https://www.virustotal.com/gui/file/b4efc08866fb37c6de22dd286e64772f246ad7505317f131a3bb823fe6442f3d/details,exact APK,b4efc08866fb37c6de22dd286e64772f246ad7505317f131a3bb823fe6442f3d,pre_2023_baseline,archive_date=2020-08-30; archive_url=https://kernapk.nl/downloaden/divar/1504393; signer_sha256=a954e0419e34ff0779ef5186f06a985b42fd3db07bb03764aa7ff4bf21931baf; local_apk_present=true
Divar,ir.divar,11.1.26,229906020,,2020-08-25,VirusTotal first submission,VirusTotal and existing signed-APK release ledger,https://www.virustotal.com/gui/file/8488ada34d97f86de8640469e432d2faf7871087fd30480e78beafadd8a973dd/details,exact APK,8488ada34d97f86de8640469e432d2faf7871087fd30480e78beafadd8a973dd,pre_2023_baseline,archive_date=2022-05-31; archive_url=https://divar.en.uptodown.com/android/download/65149074; signer_sha256=a954e0419e34ff0779ef5186f06a985b42fd3db07bb03764aa7ff4bf21931baf; local_apk_present=true
Divar,ir.divar,11.1.27,229906150,,2020-09-06,VirusTotal first submission,VirusTotal and existing signed-APK release ledger,https://www.virustotal.com/gui/file/42796583b9dce270d5c56b7b4a915f98aa26b47a4fd9b6a94c6ffeb24f16fcc3/details,exact APK,42796583b9dce270d5c56b7b4a915f98aa26b47a4fd9b6a94c6ffeb24f16fcc3,pre_2023_baseline,archive_date=2020-09-21; archive_url=https://divar.en.uptodown.com/android/download/2535920; signer_sha256=a954e0419e34ff0779ef5186f06a985b42fd3db07bb03764aa7ff4bf21931baf; local_apk_present=true
Divar,ir.divar,11.1.27,229906150,,2020-09-07,VirusTotal first submission,VirusTotal and existing signed-APK release ledger,https://www.virustotal.com/gui/file/720ef53eb1161218ccac3f00b780c45cd3781bc06574a94bf24f362d753a8693/details,exact APK,720ef53eb1161218ccac3f00b780c45cd3781bc06574a94bf24f362d753a8693,pre_2023_baseline,archive_date=2020-09-11; archive_url=https://kernapk.nl/downloaden/divar/1521136; signer_sha256=a954e0419e34ff0779ef5186f06a985b42fd3db07bb03764aa7ff4bf21931baf; local_apk_present=true
Divar,ir.divar,11.2.1,229906300,,2020-09-21,VirusTotal first submission,VirusTotal and existing signed-APK release ledger,https://www.virustotal.com/gui/file/52e66cefc3117bcb84e2b8f94cc508caf59dd53a7503a312fe6d915f332cba23/details,exact APK,52e66cefc3117bcb84e2b8f94cc508caf59dd53a7503a312fe6d915f332cba23,pre_2023_baseline,archive_date=2020-09-29; archive_url=https://kernapk.nl/downloaden/divar/1538681; signer_sha256=a954e0419e34ff0779ef5186f06a985b42fd3db07bb03764aa7ff4bf21931baf; local_apk_present=true
Divar,ir.divar,11.2.1,229906300,,2020-09-22,VirusTotal first submission,VirusTotal and existing signed-APK release ledger,https://www.virustotal.com/gui/file/8bf2f72b9c89e0c3604b5e442cd20b350c617ce804b693983db1400cf112ce83/details,exact APK,8bf2f72b9c89e0c3604b5e442cd20b350c617ce804b693983db1400cf112ce83,pre_2023_baseline,archive_date=2021-03-30; archive_url=https://divar.en.uptodown.com/android/download/3415471; signer_sha256=a954e0419e34ff0779ef5186f06a985b42fd3db07bb03764aa7ff4bf21931baf; local_apk_present=true
Divar,ir.divar,11.2.3,229907130,,2020-10-05,KernApk upload listing,VirusTotal and existing signed-APK release ledger,https://www.virustotal.com/gui/file/f05d5aea3c7e6dad81daba5e1465e01981c7391ee7736cfc676f4c507051aa70/details,exact APK,f05d5aea3c7e6dad81daba5e1465e01981c7391ee7736cfc676f4c507051aa70,pre_2023_baseline,archive_date=2020-10-05; archive_url=https://kernapk.nl/downloaden/divar/1546907; signer_sha256=a954e0419e34ff0779ef5186f06a985b42fd3db07bb03764aa7ff4bf21931baf; local_apk_present=true
Divar,ir.divar,11.2.3,229907130,,2020-10-07,VirusTotal first submission,VirusTotal and existing signed-APK release ledger,https://www.virustotal.com/gui/file/85490e491a18a8c0d953a634a8ce1bfd273826083e5696fa4a43b1ddd3eb3de8/details,exact APK,85490e491a18a8c0d953a634a8ce1bfd273826083e5696fa4a43b1ddd3eb3de8,pre_2023_baseline,archive_date=2022-06-15; archive_url=https://divar.en.uptodown.com/android/download/72219841; signer_sha256=a954e0419e34ff0779ef5186f06a985b42fd3db07bb03764aa7ff4bf21931baf; local_apk_present=true
Divar,ir.divar,11.2.4,229907270,,2020-10-19,VirusTotal first submission,VirusTotal and existing signed-APK release ledger,https://www.virustotal.com/gui/file/cde24fdc7052bb89c2e0500a61a611e126e9cf48ce2954e0cd3eb1197bc226d9/details,exact APK,cde24fdc7052bb89c2e0500a61a611e126e9cf48ce2954e0cd3eb1197bc226d9,pre_2023_baseline,archive_date=2020-10-25; archive_url=https://kernapk.nl/downloaden/divar/1561033; signer_sha256=a954e0419e34ff0779ef5186f06a985b42fd3db07bb03764aa7ff4bf21931baf; local_apk_present=true
Divar,ir.divar,11.2.4,229907270,,2020-10-20,VirusTotal first submission,VirusTotal and existing signed-APK release ledger,https://www.virustotal.com/gui/file/10a7a3534adea066a2ab21a46e4f269aa55eb4dd9f9c30fc52b0ac6f59f4cb5b/details,exact APK,10a7a3534adea066a2ab21a46e4f269aa55eb4dd9f9c30fc52b0ac6f59f4cb5b,pre_2023_baseline,archive_date=2020-12-19; archive_url=https://divar.en.uptodown.com/android/download/3073494; signer_sha256=a954e0419e34ff0779ef5186f06a985b42fd3db07bb03764aa7ff4bf21931baf; local_apk_present=true
Divar,ir.divar,11.2.5,229908100,,2020-11-01,VirusTotal first submission,VirusTotal and existing signed-APK release ledger,https://www.virustotal.com/gui/file/b8d17402587f6e633615a1e3e5c211d2bd30ecb5c938d13cb1ca15b94d0ce6cb/details,exact APK,b8d17402587f6e633615a1e3e5c211d2bd30ecb5c938d13cb1ca15b94d0ce6cb,pre_2023_baseline,archive_date=2020-11-05; archive_url=https://kernapk.nl/downloaden/divar/1573696; signer_sha256=a954e0419e34ff0779ef5186f06a985b42fd3db07bb03764aa7ff4bf21931baf; local_apk_present=true
Divar,ir.divar,11.2.5,229908100,,2020-11-02,VirusTotal first submission,VirusTotal and existing signed-APK release ledger,https://www.virustotal.com/gui/file/3dd8eb0885d5c2cc6c39464d4c22432d5ae76cd6cd924ff7156f567e2ffbbc23/details,exact APK,3dd8eb0885d5c2cc6c39464d4c22432d5ae76cd6cd924ff7156f567e2ffbbc23,pre_2023_baseline,archive_date=2022-05-22; archive_url=https://divar.en.uptodown.com/android/download/60624701; signer_sha256=a954e0419e34ff0779ef5186f06a985b42fd3db07bb03764aa7ff4bf21931baf; local_apk_present=true
Divar,ir.divar,11.2.6,229908250,,2020-11-15,VirusTotal first submission,VirusTotal and existing signed-APK release ledger,https://www.virustotal.com/gui/file/544af718216460f5916d7ad6b510e47c7c49eb48e83357fa887ddb6d5e771a57/details,exact APK,544af718216460f5916d7ad6b510e47c7c49eb48e83357fa887ddb6d5e771a57,pre_2023_baseline,archive_date=2022-05-22; archive_url=https://divar.en.uptodown.com/android/download/60447865; signer_sha256=a954e0419e34ff0779ef5186f06a985b42fd3db07bb03764aa7ff4bf21931baf; local_apk_present=true
Divar,ir.divar,11.2.8,229908280,,2020-11-19,VirusTotal first submission,VirusTotal and existing signed-APK release ledger,https://www.virustotal.com/gui/file/24e47fa63f6d493b3fca2f06a446958ab680b6aaa1bc3feb64597e2e6190e9bc/details,exact APK,24e47fa63f6d493b3fca2f06a446958ab680b6aaa1bc3feb64597e2e6190e9bc,pre_2023_baseline,archive_date=2020-11-29; archive_url=https://kernapk.nl/downloaden/divar/1587621; signer_sha256=a954e0419e34ff0779ef5186f06a985b42fd3db07bb03764aa7ff4bf21931baf; local_apk_present=true
Divar,ir.divar,11.2.8,229908280,,2020-11-20,VirusTotal first submission,VirusTotal and existing signed-APK release ledger,https://www.virustotal.com/gui/file/9f1e2dcf0727be1ef51bdc34521ab1a5acd40f6e5ca28b9b41c31c3c5bf3d66a/details,exact APK,9f1e2dcf0727be1ef51bdc34521ab1a5acd40f6e5ca28b9b41c31c3c5bf3d66a,pre_2023_baseline,archive_date=2022-05-21; archive_url=https://divar.en.uptodown.com/android/download/59795149; signer_sha256=a954e0419e34ff0779ef5186f06a985b42fd3db07bb03764aa7ff4bf21931baf; local_apk_present=true
Divar,ir.divar,11.2.9,229909080,,2020-11-29,VirusTotal first submission,VirusTotal and existing signed-APK release ledger,https://www.virustotal.com/gui/file/e79ab10e86b75f60c92b3378849f72eb186e794fae5bda39199adabe84749ea5/details,exact APK,e79ab10e86b75f60c92b3378849f72eb186e794fae5bda39199adabe84749ea5,pre_2023_baseline,archive_date=2020-12-04; archive_url=https://kernapk.nl/downloaden/divar/1603694; signer_sha256=a954e0419e34ff0779ef5186f06a985b42fd3db07bb03764aa7ff4bf21931baf; local_apk_present=true
Divar,ir.divar,11.3.0,229909220,,2020-12-13,Uptodown archive lastUpdate,VirusTotal and existing signed-APK release ledger,https://www.virustotal.com/gui/file/bcacd2d1ad0c689760aecf95d96f434303285f6cce05b96bb3270bfbd42501e8/details,exact APK,bcacd2d1ad0c689760aecf95d96f434303285f6cce05b96bb3270bfbd42501e8,pre_2023_baseline,archive_date=2020-12-13; archive_url=https://divar.en.uptodown.com/android/download/3047054; signer_sha256=a954e0419e34ff0779ef5186f06a985b42fd3db07bb03764aa7ff4bf21931baf; local_apk_present=true
Divar,ir.divar,11.3.1,229909250,,2020-12-16,VirusTotal first submission,VirusTotal and existing signed-APK release ledger,https://www.virustotal.com/gui/file/def9aa9fc939790c49ba3e84be4789dd1d48861e115acf204425a23e57f8a0b7/details,exact APK,def9aa9fc939790c49ba3e84be4789dd1d48861e115acf204425a23e57f8a0b7,pre_2023_baseline,archive_date=2020-12-26; archive_url=https://kernapk.nl/downloaden/divar/1622251; signer_sha256=a954e0419e34ff0779ef5186f06a985b42fd3db07bb03764aa7ff4bf21931baf; local_apk_present=true
Divar,ir.divar,11.3.1,229909250,,2020-12-16,VirusTotal first submission,VirusTotal and existing signed-APK release ledger,https://www.virustotal.com/gui/file/e6a57bbfd7274964f7c201502623a8671266bbd97dad06e7855147687c79fc56/details,exact APK,e6a57bbfd7274964f7c201502623a8671266bbd97dad06e7855147687c79fc56,pre_2023_baseline,archive_date=2021-04-27; archive_url=https://divar.en.uptodown.com/android/download/3574169; signer_sha256=a954e0419e34ff0779ef5186f06a985b42fd3db07bb03764aa7ff4bf21931baf; local_apk_present=true
Divar,ir.divar,11.3.2,229910060,,2020-12-27,VirusTotal first submission,VirusTotal and existing signed-APK release ledger,https://www.virustotal.com/gui/file/2ed1730998476d69f8f8e541a5066a5b3c3414daaa59e391d3c291a131ed1e35/details,exact APK,2ed1730998476d69f8f8e541a5066a5b3c3414daaa59e391d3c291a131ed1e35,pre_2023_baseline,archive_date=2020-12-29; archive_url=https://kernapk.nl/downloaden/divar/1626120; signer_sha256=a954e0419e34ff0779ef5186f06a985b42fd3db07bb03764aa7ff4bf21931baf; local_apk_present=true
Divar,ir.divar,11.3.2,229910060,,2020-12-28,Uptodown archive lastUpdate,VirusTotal and existing signed-APK release ledger,https://www.virustotal.com/gui/file/a06a2f3602822c249536f5205f3c7b9e082ae9431fc7708ea30d305355fdead3/details,exact APK,a06a2f3602822c249536f5205f3c7b9e082ae9431fc7708ea30d305355fdead3,pre_2023_baseline,archive_date=2020-12-28; archive_url=https://divar.en.uptodown.com/android/download/3094602; signer_sha256=a954e0419e34ff0779ef5186f06a985b42fd3db07bb03764aa7ff4bf21931baf; local_apk_present=true
Divar,ir.divar,11.3.3,229910200,,2021-01-10,VirusTotal first submission,VirusTotal and existing signed-APK release ledger,https://www.virustotal.com/gui/file/28e9ad95d8ce392183e9f933e2200d7343065882a53a6203a4610f4417d5c933/details,exact APK,28e9ad95d8ce392183e9f933e2200d7343065882a53a6203a4610f4417d5c933,pre_2023_baseline,archive_date=2021-01-15; archive_url=https://kernapk.nl/downloaden/divar/1647366; signer_sha256=a954e0419e34ff0779ef5186f06a985b42fd3db07bb03764aa7ff4bf21931baf; local_apk_present=true
Divar,ir.divar,11.3.3,229910200,,2021-01-10,VirusTotal first submission,VirusTotal and existing signed-APK release ledger,https://www.virustotal.com/gui/file/3af40a9a465a553b4abf637b2368fb3db27f5870a44170dfebaf4624bb25d8cb/details,exact APK,3af40a9a465a553b4abf637b2368fb3db27f5870a44170dfebaf4624bb25d8cb,pre_2023_baseline,archive_date=2025-08-04; archive_url=https://divar.en.uptodown.com/android/download/1098916540; signer_sha256=a954e0419e34ff0779ef5186f06a985b42fd3db07bb03764aa7ff4bf21931baf; local_apk_present=true
Divar,ir.divar,11.3.4,229911040,,2021-01-24,Uptodown archive lastUpdate,VirusTotal and existing signed-APK release ledger,https://www.virustotal.com/gui/file/a9a5499d18ecca33031cbbf9ee90a5db56918802955c1862338111f8f47c7bec/details,exact APK,a9a5499d18ecca33031cbbf9ee90a5db56918802955c1862338111f8f47c7bec,pre_2023_baseline,archive_date=2021-01-24; archive_url=https://divar.en.uptodown.com/android/download/3170278; signer_sha256=a954e0419e34ff0779ef5186f06a985b42fd3db07bb03764aa7ff4bf21931baf; local_apk_present=true
Divar,ir.divar,11.3.5,229911060,,2021-01-25,KernApk upload listing,VirusTotal and existing signed-APK release ledger,https://www.virustotal.com/gui/file/45d6c12a9a295b7133ba01ede91d43a6a597462446505c70bce08d55968bd7fb/details,exact APK,45d6c12a9a295b7133ba01ede91d43a6a597462446505c70bce08d55968bd7fb,pre_2023_baseline,archive_date=2021-01-25; archive_url=https://kernapk.nl/downloaden/divar/1653430; signer_sha256=a954e0419e34ff0779ef5186f06a985b42fd3db07bb03764aa7ff4bf21931baf; local_apk_present=true
Divar,ir.divar,11.3.5,229911060,,2021-01-26,VirusTotal first submission,VirusTotal and existing signed-APK release ledger,https://www.virustotal.com/gui/file/fa1e251aa025311c160534df401d8b2c9248135697be16add2a0c1dde639763d/details,exact APK,fa1e251aa025311c160534df401d8b2c9248135697be16add2a0c1dde639763d,pre_2023_baseline,archive_date=2025-11-11; archive_url=https://divar.en.uptodown.com/android/download/1122535982; signer_sha256=a954e0419e34ff0779ef5186f06a985b42fd3db07bb03764aa7ff4bf21931baf; local_apk_present=true
Divar,ir.divar,11.3.6,229911180,,2021-02-08,VirusTotal first submission,VirusTotal and existing signed-APK release ledger,https://www.virustotal.com/gui/file/67cbed83b86164f249f8943e53f3a5bda241f31b220bc04c327e9367e6fcb1ef/details,exact APK,67cbed83b86164f249f8943e53f3a5bda241f31b220bc04c327e9367e6fcb1ef,pre_2023_baseline,archive_date=2021-02-17; archive_url=https://kernapk.nl/downloaden/divar/1677259; signer_sha256=a954e0419e34ff0779ef5186f06a985b42fd3db07bb03764aa7ff4bf21931baf; local_apk_present=true
Divar,ir.divar,11.3.6,229911180,,2021-02-12,VirusTotal first submission,VirusTotal and existing signed-APK release ledger,https://www.virustotal.com/gui/file/e93eea31041f3b8ff4a01f5cf278a5c09cc46e49ded0c68e1b90c2b39059088e/details,exact APK,e93eea31041f3b8ff4a01f5cf278a5c09cc46e49ded0c68e1b90c2b39059088e,pre_2023_baseline,archive_date=2025-08-07; archive_url=https://divar.en.uptodown.com/android/download/1099793976; signer_sha256=a954e0419e34ff0779ef5186f06a985b42fd3db07bb03764aa7ff4bf21931baf; local_apk_present=true
Divar,ir.divar,11.3.7,229912020,,2021-02-22,VirusTotal first submission,VirusTotal and existing signed-APK release ledger,https://www.virustotal.com/gui/file/541f3afc56402c82fc08d35aea5a7c7e4113e2874aa8a7ab5c34edb1ce404c55/details,exact APK,541f3afc56402c82fc08d35aea5a7c7e4113e2874aa8a7ab5c34edb1ce404c55,pre_2023_baseline,archive_date=2021-02-26; archive_url=https://kernapk.nl/downloaden/divar/1685439; signer_sha256=a954e0419e34ff0779ef5186f06a985b42fd3db07bb03764aa7ff4bf21931baf; local_apk_present=true
Divar,ir.divar,11.3.8,229912160,,2021-03-08,VirusTotal first submission,VirusTotal and existing signed-APK release ledger,https://www.virustotal.com/gui/file/30c854559a7c93f62f2cb99985ef732702f17d14243b3edbb10d8bd1f5e09bb0/details,exact APK,30c854559a7c93f62f2cb99985ef732702f17d14243b3edbb10d8bd1f5e09bb0,pre_2023_baseline,archive_date=2021-03-09; archive_url=https://kernapk.nl/downloaden/divar/1693777; signer_sha256=a954e0419e34ff0779ef5186f06a985b42fd3db07bb03764aa7ff4bf21931baf; local_apk_present=true
Divar,ir.divar,11.3.9,229912250,,2021-03-18,VirusTotal first submission,VirusTotal and existing signed-APK release ledger,https://www.virustotal.com/gui/file/cb8fec64b0c4a7480698c9ff7fceb3d2d0e94df12b822fbf4c581f0c033b7ddc/details,exact APK,cb8fec64b0c4a7480698c9ff7fceb3d2d0e94df12b822fbf4c581f0c033b7ddc,pre_2023_baseline,archive_date=2025-01-23; archive_url=https://divar.en.uptodown.com/android/download/1046405575; signer_sha256=a954e0419e34ff0779ef5186f06a985b42fd3db07bb03764aa7ff4bf21931baf; local_apk_present=true
Divar,ir.divar,11.3.9,229912250,,2021-04-06,VirusTotal first submission,VirusTotal and existing signed-APK release ledger,https://www.virustotal.com/gui/file/8adecbe44c8156baba8c2968388c00ca603a2b195e87ffd9d514863cce067499/details,exact APK,8adecbe44c8156baba8c2968388c00ca603a2b195e87ffd9d514863cce067499,pre_2023_baseline,archive_date=2021-04-07; archive_url=https://kernapk.nl/downloaden/divar/1715141; signer_sha256=a954e0419e34ff0779ef5186f06a985b42fd3db07bb03764aa7ff4bf21931baf; local_apk_present=true
Divar,ir.divar,11.4.0,230001210,,2021-04-12,Uptodown archive lastUpdate,VirusTotal and existing signed-APK release ledger,https://www.virustotal.com/gui/file/7fd1c8b528f9590222b206d2732d8b97cf73038e0011f665835fa4023d012b42/details,exact APK,7fd1c8b528f9590222b206d2732d8b97cf73038e0011f665835fa4023d012b42,pre_2023_baseline,archive_date=2021-04-12; archive_url=https://divar.en.uptodown.com/android/download/3493897; signer_sha256=a954e0419e34ff0779ef5186f06a985b42fd3db07bb03764aa7ff4bf21931baf; local_apk_present=true
Divar,ir.divar,11.4.0,230001210,,2021-04-14,VirusTotal first submission,VirusTotal and existing signed-APK release ledger,https://www.virustotal.com/gui/file/36d07ed69d4c16d68a37fea5cc82c14bf6a8e8d0116caccb534fc3d562ff1792/details,exact APK,36d07ed69d4c16d68a37fea5cc82c14bf6a8e8d0116caccb534fc3d562ff1792,pre_2023_baseline,archive_date=2021-04-15; archive_url=https://kernapk.nl/downloaden/divar/1732989; signer_sha256=a954e0419e34ff0779ef5186f06a985b42fd3db07bb03764aa7ff4bf21931baf; local_apk_present=true
Divar,ir.divar,11.4.1,230002040,,2021-04-26,KernApk upload listing,VirusTotal and existing signed-APK release ledger,https://www.virustotal.com/gui/file/5f741ae273ef44cbc359cffba78d4c68f0ce7279854cf04230879e06c9ede23a/details,exact APK,5f741ae273ef44cbc359cffba78d4c68f0ce7279854cf04230879e06c9ede23a,pre_2023_baseline,archive_date=2021-04-26; archive_url=https://kernapk.nl/downloaden/divar/1745478; signer_sha256=a954e0419e34ff0779ef5186f06a985b42fd3db07bb03764aa7ff4bf21931baf; local_apk_present=true
Divar,ir.divar,11.4.1,230002040,,2021-05-01,VirusTotal first submission,VirusTotal and existing signed-APK release ledger,https://www.virustotal.com/gui/file/fefd2528293dc47ecaa54bd7983ad7dff477a9c20a76f84b24bd9d6b9f81d45d/details,exact APK,fefd2528293dc47ecaa54bd7983ad7dff477a9c20a76f84b24bd9d6b9f81d45d,pre_2023_baseline,archive_date=2025-08-18; archive_url=https://divar.en.uptodown.com/android/download/1102736520; signer_sha256=a954e0419e34ff0779ef5186f06a985b42fd3db07bb03764aa7ff4bf21931baf; local_apk_present=true
Divar,ir.divar,11.4.2,230002180,,2021-05-08,VirusTotal first submission,VirusTotal and existing signed-APK release ledger,https://www.virustotal.com/gui/file/21413d1faf330da4d2501b8b7df37703ebba00d456d4b19895c83de6f9adb144/details,exact APK,21413d1faf330da4d2501b8b7df37703ebba00d456d4b19895c83de6f9adb144,pre_2023_baseline,archive_date=2021-05-16; archive_url=https://kernapk.nl/downloaden/divar/1765368; signer_sha256=a954e0419e34ff0779ef5186f06a985b42fd3db07bb03764aa7ff4bf21931baf; local_apk_present=true
Divar,ir.divar,11.4.2,230002180,,2021-05-12,VirusTotal first submission,VirusTotal and existing signed-APK release ledger,https://www.virustotal.com/gui/file/6bb216933f2ac1901963a133bd463b9a4bbac148b200586f47f0fca9ef591b56/details,exact APK,6bb216933f2ac1901963a133bd463b9a4bbac148b200586f47f0fca9ef591b56,pre_2023_baseline,archive_date=2021-05-17; archive_url=https://divar.en.uptodown.com/android/download/3684045; signer_sha256=a954e0419e34ff0779ef5186f06a985b42fd3db07bb03764aa7ff4bf21931baf; local_apk_present=true
Divar,ir.divar,11.4.3,230003020,,2021-05-24,VirusTotal first submission,VirusTotal and existing signed-APK release ledger,https://www.virustotal.com/gui/file/76abcd39fe0f1f8a0ec0c76834a1d46b2fd57e7e363ba5fdddfbec7ef3479446/details,exact APK,76abcd39fe0f1f8a0ec0c76834a1d46b2fd57e7e363ba5fdddfbec7ef3479446,pre_2023_baseline,archive_date=2024-12-28; archive_url=https://divar.en.uptodown.com/android/download/1043184562; signer_sha256=a954e0419e34ff0779ef5186f06a985b42fd3db07bb03764aa7ff4bf21931baf; local_apk_present=true
Divar,ir.divar,11.4.3,230003020,,2021-05-31,KernApk upload listing,VirusTotal and existing signed-APK release ledger,https://www.virustotal.com/gui/file/c637a98da327eb9c6f4e4382b209b43d857dec3a5ee06cad45be62f4b4d28047/details,exact APK,c637a98da327eb9c6f4e4382b209b43d857dec3a5ee06cad45be62f4b4d28047,pre_2023_baseline,archive_date=2021-05-31; archive_url=https://kernapk.nl/downloaden/divar/1774840; signer_sha256=a954e0419e34ff0779ef5186f06a985b42fd3db07bb03764aa7ff4bf21931baf; local_apk_present=true
Divar,ir.divar,11.4.5,230003180,,2021-06-09,VirusTotal first submission,VirusTotal and existing signed-APK release ledger,https://www.virustotal.com/gui/file/353d21e45877bba97dccd5a71a55d206129f00195a141c187060b222c2e66a2f/details,exact APK,353d21e45877bba97dccd5a71a55d206129f00195a141c187060b222c2e66a2f,pre_2023_baseline,archive_date=2022-05-13; archive_url=https://divar.en.uptodown.com/android/download/4874005; signer_sha256=a954e0419e34ff0779ef5186f06a985b42fd3db07bb03764aa7ff4bf21931baf; local_apk_present=true
Divar,ir.divar,11.4.5,230003180,,2021-06-10,KernApk upload listing,VirusTotal and existing signed-APK release ledger,https://www.virustotal.com/gui/file/d5ae63444e1d3402683d088dfcd48d004e5c68db8c3b7b50ed78fe98413ab021/details,exact APK,d5ae63444e1d3402683d088dfcd48d004e5c68db8c3b7b50ed78fe98413ab021,pre_2023_baseline,archive_date=2021-06-10; archive_url=https://kernapk.nl/downloaden/divar/1781596; signer_sha256=a954e0419e34ff0779ef5186f06a985b42fd3db07bb03764aa7ff4bf21931baf; local_apk_present=true
Divar,ir.divar,11.4.6,230003290,,2021-06-20,VirusTotal first submission,VirusTotal and existing signed-APK release ledger,https://www.virustotal.com/gui/file/de4890345129542a73fb72ef1cf0b6050c889101e9703cc40a3408f3749c093d/details,exact APK,de4890345129542a73fb72ef1cf0b6050c889101e9703cc40a3408f3749c093d,pre_2023_baseline,archive_date=2025-01-26; archive_url=https://divar.en.uptodown.com/android/download/1046882997; signer_sha256=a954e0419e34ff0779ef5186f06a985b42fd3db07bb03764aa7ff4bf21931baf; local_apk_present=true
Divar,ir.divar,11.4.6,230003290,,2021-06-21,KernApk upload listing,VirusTotal and existing signed-APK release ledger,https://www.virustotal.com/gui/file/883939f87077c7fc20eb67a8197569257e3a2e97a5a229f201c2b8ec482a5559/details,exact APK,883939f87077c7fc20eb67a8197569257e3a2e97a5a229f201c2b8ec482a5559,pre_2023_baseline,archive_date=2021-06-21; archive_url=https://kernapk.nl/downloaden/divar/1803940; signer_sha256=a954e0419e34ff0779ef5186f06a985b42fd3db07bb03764aa7ff4bf21931baf; local_apk_present=true
Divar,ir.divar,11.4.7,230004131,,2021-07-06,VirusTotal first submission,VirusTotal and existing signed-APK release ledger,https://www.virustotal.com/gui/file/989bac85e5981ec16011354272c175c8870fa129998b0beb25b79c1e7b51105d/details,exact APK,989bac85e5981ec16011354272c175c8870fa129998b0beb25b79c1e7b51105d,pre_2023_baseline,archive_date=2021-07-10; archive_url=https://kernapk.nl/downloaden/divar/1826802; signer_sha256=a954e0419e34ff0779ef5186f06a985b42fd3db07bb03764aa7ff4bf21931baf; local_apk_present=true
Divar,ir.divar,11.4.9,230005090,,2021-08-02,VirusTotal first submission,VirusTotal and existing signed-APK release ledger,https://www.virustotal.com/gui/file/ba2c2eba854dea53a9a6d2d74a5e7027a0ac634cc1e1e5bfffde707b236a125f/details,exact APK,ba2c2eba854dea53a9a6d2d74a5e7027a0ac634cc1e1e5bfffde707b236a125f,pre_2023_baseline,archive_date=2021-08-09; archive_url=https://kernapk.nl/downloaden/divar/1863193; signer_sha256=a954e0419e34ff0779ef5186f06a985b42fd3db07bb03764aa7ff4bf21931baf; local_apk_present=true
Divar,ir.divar,11.4.11,230005250,,2021-08-19,VirusTotal first submission,VirusTotal and existing signed-APK release ledger,https://www.virustotal.com/gui/file/4497412456b673298766f687430fd2ebb42ef7bedf9bf9e493be3fe820b99149/details,exact APK,4497412456b673298766f687430fd2ebb42ef7bedf9bf9e493be3fe820b99149,pre_2023_baseline,archive_date=2021-08-21; archive_url=https://kernapk.nl/downloaden/divar/1879065; signer_sha256=a954e0419e34ff0779ef5186f06a985b42fd3db07bb03764aa7ff4bf21931baf; local_apk_present=true
Divar,ir.divar,11.4.12-ALT,230005310,,2021-09-01,VirusTotal first submission,VirusTotal and existing signed-APK release ledger,https://www.virustotal.com/gui/file/086cbc4e0e94a44786f875b4bd109bb3dc2b2007cc176496c3602e20ef8cbdf4/details,exact APK,086cbc4e0e94a44786f875b4bd109bb3dc2b2007cc176496c3602e20ef8cbdf4,pre_2023_baseline,archive_date=2022-07-03; archive_url=https://divar.en.uptodown.com/android/download/75655461; signer_sha256=a954e0419e34ff0779ef5186f06a985b42fd3db07bb03764aa7ff4bf21931baf; local_apk_present=true
Divar,ir.divar,11.4.13,230006080,,2021-09-04,KernApk upload listing,VirusTotal and existing signed-APK release ledger,https://www.virustotal.com/gui/file/e80ec68a7bed15348a04f9d866b3e3a5ac886ccd320dea350cfd5cdd4b761b37/details,exact APK,e80ec68a7bed15348a04f9d866b3e3a5ac886ccd320dea350cfd5cdd4b761b37,pre_2023_baseline,archive_date=2021-09-04; archive_url=https://kernapk.nl/downloaden/divar/1897227; signer_sha256=a954e0419e34ff0779ef5186f06a985b42fd3db07bb03764aa7ff4bf21931baf; local_apk_present=true
Divar,ir.divar,11.4.14,230006210,,2021-09-14,VirusTotal first submission,VirusTotal and existing signed-APK release ledger,https://www.virustotal.com/gui/file/bc6cbbeac3064f97fbe6274168b1d02e74783c0ca0f8c498d00c739d4b23f24a/details,exact APK,bc6cbbeac3064f97fbe6274168b1d02e74783c0ca0f8c498d00c739d4b23f24a,pre_2023_baseline,archive_date=2023-03-14; archive_url=https://divar.en.uptodown.com/android/download/93338162; signer_sha256=a954e0419e34ff0779ef5186f06a985b42fd3db07bb03764aa7ff4bf21931baf; local_apk_present=true
Divar,ir.divar,11.5.0,230007040,,2021-09-30,VirusTotal first submission,VirusTotal and existing signed-APK release ledger,https://www.virustotal.com/gui/file/b475a439abf00f6edf2bc013bb9af4d36c80f0007eeaa6049c9a81d764fea4f4/details,exact APK,b475a439abf00f6edf2bc013bb9af4d36c80f0007eeaa6049c9a81d764fea4f4,pre_2023_baseline,archive_date=2022-02-06; archive_url=https://divar.en.uptodown.com/android/download/4421970; signer_sha256=a954e0419e34ff0779ef5186f06a985b42fd3db07bb03764aa7ff4bf21931baf; local_apk_present=true
Divar,ir.divar,11.5.1,230007180,,2021-10-13,Uptodown archive lastUpdate,VirusTotal and existing signed-APK release ledger,https://www.virustotal.com/gui/file/575e8bb4992c5e289c7f41da6eafb94b7d8ad49d978e804fc5af9da8dfe1ec43/details,exact APK,575e8bb4992c5e289c7f41da6eafb94b7d8ad49d978e804fc5af9da8dfe1ec43,pre_2023_baseline,archive_date=2021-10-13; archive_url=https://divar.en.uptodown.com/android/download/4021557; signer_sha256=a954e0419e34ff0779ef5186f06a985b42fd3db07bb03764aa7ff4bf21931baf; local_apk_present=true
Divar,ir.divar,11.5.2,230008030,,2021-10-25,VirusTotal first submission,VirusTotal and existing signed-APK release ledger,https://www.virustotal.com/gui/file/29e7a7b545be78da7a37f58a064fa728620bbdcd9f15e06c9f77824bd599ed0b/details,exact APK,29e7a7b545be78da7a37f58a064fa728620bbdcd9f15e06c9f77824bd599ed0b,pre_2023_baseline,archive_date=2021-10-28; archive_url=https://divar.en.uptodown.com/android/download/4062990; signer_sha256=a954e0419e34ff0779ef5186f06a985b42fd3db07bb03764aa7ff4bf21931baf; local_apk_present=true
Divar,ir.divar,11.5.3,230008150,,2021-11-07,VirusTotal first submission,VirusTotal and existing signed-APK release ledger,https://www.virustotal.com/gui/file/b073297b0fa0009c2451a3520f41bfe79f129adcadc159ea9492f0597745283c/details,exact APK,b073297b0fa0009c2451a3520f41bfe79f129adcadc159ea9492f0597745283c,pre_2023_baseline,archive_date=2022-01-25; archive_url=https://divar.en.uptodown.com/android/download/4337465; signer_sha256=a954e0419e34ff0779ef5186f06a985b42fd3db07bb03764aa7ff4bf21931baf; local_apk_present=true
Divar,ir.divar,11.5.6,230009150,,2021-12-08,VirusTotal first submission,VirusTotal and existing signed-APK release ledger,https://www.virustotal.com/gui/file/1e447dbc40daf1180102cfc5afce5317750ff2cdde1a01dde8c7edc5c8215123/details,exact APK,1e447dbc40daf1180102cfc5afce5317750ff2cdde1a01dde8c7edc5c8215123,pre_2023_baseline,archive_date=2025-08-23; archive_url=https://divar.en.uptodown.com/android/download/1103970536; signer_sha256=a954e0419e34ff0779ef5186f06a985b42fd3db07bb03764aa7ff4bf21931baf; local_apk_present=true
Divar,ir.divar,11.5.6,230009150,,2021-12-11,KernApk upload listing,VirusTotal and existing signed-APK release ledger,https://www.virustotal.com/gui/file/3ae81193a30e17976aef4da7f9264c5e08db7fab3c5b24a05331df52eaef2998/details,exact APK,3ae81193a30e17976aef4da7f9264c5e08db7fab3c5b24a05331df52eaef2998,pre_2023_baseline,archive_date=2021-12-11; archive_url=https://kernapk.nl/downloaden/divar/2031269; signer_sha256=a954e0419e34ff0779ef5186f06a985b42fd3db07bb03764aa7ff4bf21931baf; local_apk_present=true
Divar,ir.divar,11.5.7,230009270,,2021-12-20,KernApk upload listing,VirusTotal and existing signed-APK release ledger,https://www.virustotal.com/gui/file/b19281955e4f575f4b1f1ae6dcb73f4b3da8de4d99a4660f02d83380e3ea4a27/details,exact APK,b19281955e4f575f4b1f1ae6dcb73f4b3da8de4d99a4660f02d83380e3ea4a27,pre_2023_baseline,archive_date=2021-12-20; archive_url=https://kernapk.nl/downloaden/divar/2038190; signer_sha256=a954e0419e34ff0779ef5186f06a985b42fd3db07bb03764aa7ff4bf21931baf; local_apk_present=true
Divar,ir.divar,11.5.5,230009140,,2022-01-04,VirusTotal first submission,VirusTotal and existing signed-APK release ledger,https://www.virustotal.com/gui/file/26705cdc6378c8189130796c3ea1438ac62a06adbb9cf89f80d1545e719a8169/details,exact APK,26705cdc6378c8189130796c3ea1438ac62a06adbb9cf89f80d1545e719a8169,pre_2023_baseline,archive_date=2022-01-22; archive_url=https://divar.en.uptodown.com/android/download/4302095; signer_sha256=a954e0419e34ff0779ef5186f06a985b42fd3db07bb03764aa7ff4bf21931baf; local_apk_present=true
Divar,ir.divar,11.5.9,230010120,,2022-01-04,Uptodown archive lastUpdate,VirusTotal and existing signed-APK release ledger,https://www.virustotal.com/gui/file/1deca4c562b664755b328581e30dcb869f026eee32280703baa85a7aa95738cc/details,exact APK,1deca4c562b664755b328581e30dcb869f026eee32280703baa85a7aa95738cc,pre_2023_baseline,archive_date=2022-01-04; archive_url=https://divar.en.uptodown.com/android/download/4231360; signer_sha256=a954e0419e34ff0779ef5186f06a985b42fd3db07bb03764aa7ff4bf21931baf; local_apk_present=true
Divar,ir.divar,11.5.10,230010250,,2022-01-17,Uptodown archive lastUpdate,VirusTotal and existing signed-APK release ledger,https://www.virustotal.com/gui/file/d2394118bea0fa665995ec4c9f3c3258d9ecee95d05c357ccc14cb6567177f4d/details,exact APK,d2394118bea0fa665995ec4c9f3c3258d9ecee95d05c357ccc14cb6567177f4d,pre_2023_baseline,archive_date=2022-01-17; archive_url=https://divar.en.uptodown.com/android/download/4264663; signer_sha256=a954e0419e34ff0779ef5186f06a985b42fd3db07bb03764aa7ff4bf21931baf; local_apk_present=true
Divar,ir.divar,11.5.10,230010250,,2022-01-19,KernApk upload listing,VirusTotal and existing signed-APK release ledger,https://www.virustotal.com/gui/file/b894dda50c21f7d9cb8819b0459d08749663c2c9d6a1d0fb9642c5fe5a0d07c1/details,exact APK,b894dda50c21f7d9cb8819b0459d08749663c2c9d6a1d0fb9642c5fe5a0d07c1,pre_2023_baseline,archive_date=2022-01-19; archive_url=https://kernapk.nl/downloaden/divar/2079608; signer_sha256=a954e0419e34ff0779ef5186f06a985b42fd3db07bb03764aa7ff4bf21931baf; local_apk_present=true
Divar,ir.divar,11.5.12,230011100,,2022-01-30,VirusTotal first submission,VirusTotal and existing signed-APK release ledger,https://www.virustotal.com/gui/file/4ad3f9a33bb979acaedf91f5fe9e5198dd145887fd2f8e525985bbcf2013e8d4/details,exact APK,4ad3f9a33bb979acaedf91f5fe9e5198dd145887fd2f8e525985bbcf2013e8d4,pre_2023_baseline,archive_date=2022-02-10; archive_url=https://apkpure.net/divar/ir.divar/download/11.5.12; signer_sha256=a954e0419e34ff0779ef5186f06a985b42fd3db07bb03764aa7ff4bf21931baf; local_apk_present=true
Divar,ir.divar,11.5.11,230011090,,2022-02-02,Uptodown archive lastUpdate,VirusTotal and existing signed-APK release ledger,https://www.virustotal.com/gui/file/54960318fa9f5bb78b1975e84da553f3da9da41e835cab25bcf031615a986c61/details,exact APK,54960318fa9f5bb78b1975e84da553f3da9da41e835cab25bcf031615a986c61,pre_2023_baseline,archive_date=2022-02-02; archive_url=https://divar.en.uptodown.com/android/download/4401650; signer_sha256=a954e0419e34ff0779ef5186f06a985b42fd3db07bb03764aa7ff4bf21931baf; local_apk_present=true
Divar,ir.divar,11.5.13,230011230,,2022-02-13,VirusTotal first submission,VirusTotal and existing signed-APK release ledger,https://www.virustotal.com/gui/file/cd2638f1a5c50d4882c13c6036a321f99652d126ce61d5159a6375d5ae437089/details,exact APK,cd2638f1a5c50d4882c13c6036a321f99652d126ce61d5159a6375d5ae437089,pre_2023_baseline,archive_date=2025-09-12; archive_url=https://divar.en.uptodown.com/android/download/1107954364; signer_sha256=a954e0419e34ff0779ef5186f06a985b42fd3db07bb03764aa7ff4bf21931baf; local_apk_present=true
Divar,ir.divar,11.5.13,230011230,,2022-02-14,APKPure listing,VirusTotal and existing signed-APK release ledger,https://www.virustotal.com/gui/file/d275c72d115037381f90eb756ad7dc939c874b0592fb83b2d7387019d4884a0e/details,exact APK,d275c72d115037381f90eb756ad7dc939c874b0592fb83b2d7387019d4884a0e,pre_2023_baseline,archive_date=2022-02-14; archive_url=https://apkpure.net/divar/ir.divar/download/11.5.13; signer_sha256=a954e0419e34ff0779ef5186f06a985b42fd3db07bb03764aa7ff4bf21931baf; local_apk_present=true
Divar,ir.divar,11.5.14,230012070,,2022-02-26,APKPure listing,VirusTotal and existing signed-APK release ledger,https://www.virustotal.com/gui/file/bafa261d066a45ba3d4e28005d9f0a51423d96652ff77c46fdbed9211dc47776/details,exact APK,bafa261d066a45ba3d4e28005d9f0a51423d96652ff77c46fdbed9211dc47776,pre_2023_baseline,archive_date=2022-02-26; archive_url=https://apkpure.net/divar/ir.divar/download/11.5.14; signer_sha256=a954e0419e34ff0779ef5186f06a985b42fd3db07bb03764aa7ff4bf21931baf; local_apk_present=true
Divar,ir.divar,11.5.15,230012221,,2022-03-14,VirusTotal first submission,VirusTotal and existing signed-APK release ledger,https://www.virustotal.com/gui/file/c20d4006688c7ed376c34fdeafe2c7b4dff05884344c7583ab7fdca1f40b9fdf/details,exact APK,c20d4006688c7ed376c34fdeafe2c7b4dff05884344c7583ab7fdca1f40b9fdf,pre_2023_baseline,archive_date=2022-03-28; archive_url=https://apkpure.net/divar/ir.divar/download/11.5.15; signer_sha256=a954e0419e34ff0779ef5186f06a985b42fd3db07bb03764aa7ff4bf21931baf; local_apk_present=true
Divar,ir.divar,11.5.16,230101270,,2022-04-19,APKPure listing,VirusTotal and existing signed-APK release ledger,https://www.virustotal.com/gui/file/84baa387ab7de4b76a2c35c37daf869d9da2fd996386d9688f4ae252193c3273/details,exact APK,84baa387ab7de4b76a2c35c37daf869d9da2fd996386d9688f4ae252193c3273,pre_2023_baseline,archive_date=2022-04-19; archive_url=https://apkpure.net/divar/ir.divar/download/11.5.16; signer_sha256=a954e0419e34ff0779ef5186f06a985b42fd3db07bb03764aa7ff4bf21931baf; local_apk_present=true
Divar,ir.divar,11.5.17,230102241,,2022-05-17,VirusTotal first submission,VirusTotal and existing signed-APK release ledger,https://www.virustotal.com/gui/file/f63e1c3b3e8487795d14da9bfdae10657eda4a6f131b9c80942c603f5813cb89/details,exact APK,f63e1c3b3e8487795d14da9bfdae10657eda4a6f131b9c80942c603f5813cb89,pre_2023_baseline,archive_date=2022-05-21; archive_url=https://kernapk.nl/downloaden/divar/2203169; signer_sha256=a954e0419e34ff0779ef5186f06a985b42fd3db07bb03764aa7ff4bf21931baf; local_apk_present=true
Divar,ir.divar,11.5.18,230103070,,2022-05-28,Uptodown archive lastUpdate,VirusTotal and existing signed-APK release ledger,https://www.virustotal.com/gui/file/2ddcc29661974c22ce5aff40f2d35af793fa488209e5ac5421637b778a0b2e93/details,exact APK,2ddcc29661974c22ce5aff40f2d35af793fa488209e5ac5421637b778a0b2e93,pre_2023_baseline,archive_date=2022-05-28; archive_url=https://divar.en.uptodown.com/android/download/63928502; signer_sha256=a954e0419e34ff0779ef5186f06a985b42fd3db07bb03764aa7ff4bf21931baf; local_apk_present=true
Divar,ir.divar,11.5.18,230103070,,2022-05-29,APKPure listing,VirusTotal and existing signed-APK release ledger,https://www.virustotal.com/gui/file/7375270a9f33898f2b68806660de74eb16dc9b160a79adf0e39afdb9aee40b75/details,exact APK,7375270a9f33898f2b68806660de74eb16dc9b160a79adf0e39afdb9aee40b75,pre_2023_baseline,archive_date=2022-05-29; archive_url=https://apkpure.net/divar/ir.divar/download/11.5.18; signer_sha256=a954e0419e34ff0779ef5186f06a985b42fd3db07bb03764aa7ff4bf21931baf; local_apk_present=true
Divar,ir.divar,11.6.0,230103220,,2022-06-13,Uptodown archive lastUpdate,VirusTotal and existing signed-APK release ledger,https://www.virustotal.com/gui/file/0d1a0c7743b396ee1f51040c34cb57fb7aa06923cb2f4862703ef60e8728b174/details,exact APK,0d1a0c7743b396ee1f51040c34cb57fb7aa06923cb2f4862703ef60e8728b174,pre_2023_baseline,archive_date=2022-06-13; archive_url=https://divar.en.uptodown.com/android/download/71110197; signer_sha256=a954e0419e34ff0779ef5186f06a985b42fd3db07bb03764aa7ff4bf21931baf; local_apk_present=true
Divar,ir.divar,11.6.0,230103220,,2022-06-18,VirusTotal first submission,VirusTotal and existing signed-APK release ledger,https://www.virustotal.com/gui/file/5ce37d97096b9888720b02bb8e16f5a3b4ce76850c64c19613e6caf7c623730b/details,exact APK,5ce37d97096b9888720b02bb8e16f5a3b4ce76850c64c19613e6caf7c623730b,pre_2023_baseline,archive_date=2022-06-20; archive_url=https://apkpure.net/divar/ir.divar/download/11.6.0; signer_sha256=a954e0419e34ff0779ef5186f06a985b42fd3db07bb03764aa7ff4bf21931baf; local_apk_present=true
Divar,ir.divar,11.6.1,230104200,,2022-07-12,APKPure listing,VirusTotal and existing signed-APK release ledger,https://www.virustotal.com/gui/file/6e8100ad4612882e18991878d6b3746b5007b6a2f1203e9c535f8b0e28af3ca3/details,exact APK,6e8100ad4612882e18991878d6b3746b5007b6a2f1203e9c535f8b0e28af3ca3,pre_2023_baseline,archive_date=2022-07-12; archive_url=https://apkpure.net/divar/ir.divar/download/11.6.1; signer_sha256=a954e0419e34ff0779ef5186f06a985b42fd3db07bb03764aa7ff4bf21931baf; local_apk_present=true
Divar,ir.divar,11.6.2,230104262,,2022-07-23,Uptodown archive lastUpdate,VirusTotal and existing signed-APK release ledger,https://www.virustotal.com/gui/file/a74498b0d713789b371c8490ef78a22ae77f878a94886b44cb0b35b8dcfa7e9c/details,exact APK,a74498b0d713789b371c8490ef78a22ae77f878a94886b44cb0b35b8dcfa7e9c,pre_2023_baseline,archive_date=2022-07-23; archive_url=https://divar.en.uptodown.com/android/download/77533440; signer_sha256=a954e0419e34ff0779ef5186f06a985b42fd3db07bb03764aa7ff4bf21931baf; local_apk_present=true
Divar,ir.divar,11.6.2,230104262,,2022-07-25,APKPure listing,VirusTotal and existing signed-APK release ledger,https://www.virustotal.com/gui/file/8a98e29f2c478ae01fb0e1d02f003af58ab2d1a318d2520a96adf0469049137b/details,exact APK,8a98e29f2c478ae01fb0e1d02f003af58ab2d1a318d2520a96adf0469049137b,pre_2023_baseline,archive_date=2022-07-25; archive_url=https://apkpure.net/divar/ir.divar/download/11.6.2; signer_sha256=a954e0419e34ff0779ef5186f06a985b42fd3db07bb03764aa7ff4bf21931baf; local_apk_present=true
Divar,ir.divar,11.6.3,230105090,,2022-08-07,APKPure listing,VirusTotal and existing signed-APK release ledger,https://www.virustotal.com/gui/file/b2396edd140dcc76702c486ea836988913db052f05cb2c222a2060dd05b7d4cf/details,exact APK,b2396edd140dcc76702c486ea836988913db052f05cb2c222a2060dd05b7d4cf,pre_2023_baseline,archive_date=2022-08-07; archive_url=https://apkpure.net/divar/ir.divar/download/11.6.3; signer_sha256=a954e0419e34ff0779ef5186f06a985b42fd3db07bb03764aa7ff4bf21931baf; local_apk_present=true
Divar,ir.divar,11.6.4,230105230,,2022-08-20,APKPure listing,VirusTotal and existing signed-APK release ledger,https://www.virustotal.com/gui/file/11f7811d011c46d14b8b6c5433633a598179058a4de242683470c555d92d1c57/details,exact APK,11f7811d011c46d14b8b6c5433633a598179058a4de242683470c555d92d1c57,pre_2023_baseline,archive_date=2022-08-20; archive_url=https://apkpure.net/divar/ir.divar/download/11.6.4; signer_sha256=a954e0419e34ff0779ef5186f06a985b42fd3db07bb03764aa7ff4bf21931baf; local_apk_present=true
Divar,ir.divar,11.6.5,230105231,,2022-08-23,APKPure listing,VirusTotal and existing signed-APK release ledger,https://www.virustotal.com/gui/file/dca2b9ef9e7a7eef30e2361d7c3c5699ddd4543d25ca0a64b348a65c74d2acdc/details,exact APK,dca2b9ef9e7a7eef30e2361d7c3c5699ddd4543d25ca0a64b348a65c74d2acdc,pre_2023_baseline,archive_date=2022-08-23; archive_url=https://apkpure.net/divar/ir.divar/download/11.6.5; signer_sha256=a954e0419e34ff0779ef5186f06a985b42fd3db07bb03764aa7ff4bf21931baf; local_apk_present=true
Divar,ir.divar,11.6.6,230106060,,2022-09-03,APKPure listing,VirusTotal and existing signed-APK release ledger,https://www.virustotal.com/gui/file/16e2b665aeb268f47a9edff71956bb9aa1198f2b45c0d9d7b798dc44b7bd2984/details,exact APK,16e2b665aeb268f47a9edff71956bb9aa1198f2b45c0d9d7b798dc44b7bd2984,pre_2023_baseline,archive_date=2022-09-03; archive_url=https://apkpure.net/divar/ir.divar/download/11.6.6; signer_sha256=a954e0419e34ff0779ef5186f06a985b42fd3db07bb03764aa7ff4bf21931baf; local_apk_present=true
Divar,ir.divar,11.6.6,230106060,,2022-09-04,Uptodown archive lastUpdate,VirusTotal and existing signed-APK release ledger,https://www.virustotal.com/gui/file/030f38b19373c3c37fd8225ca2da29e7fc6de82476844733e3f7bcec86de0355/details,exact APK,030f38b19373c3c37fd8225ca2da29e7fc6de82476844733e3f7bcec86de0355,pre_2023_baseline,archive_date=2022-09-04; archive_url=https://divar.en.uptodown.com/android/download/81284132; signer_sha256=a954e0419e34ff0779ef5186f06a985b42fd3db07bb03764aa7ff4bf21931baf; local_apk_present=true
Divar,ir.divar,11.6.7,230106200,,2022-09-18,APKPure listing,VirusTotal and existing signed-APK release ledger,https://www.virustotal.com/gui/file/621d26450665af23aafe7b8507258e303af0bdae1ebdacf24bd6737b65976628/details,exact APK,621d26450665af23aafe7b8507258e303af0bdae1ebdacf24bd6737b65976628,pre_2023_baseline,archive_date=2022-09-18; archive_url=https://apkpure.net/divar/ir.divar/download/11.6.7; signer_sha256=a954e0419e34ff0779ef5186f06a985b42fd3db07bb03764aa7ff4bf21931baf; local_apk_present=true
Divar,ir.divar,11.6.8,230107190,,2022-10-20,VirusTotal first submission,VirusTotal and existing signed-APK release ledger,https://www.virustotal.com/gui/file/d3fca0b0fd25bfff22feb153e9e679f51e2e237a4ad7c8480d9d4e9240ca5333/details,exact APK,d3fca0b0fd25bfff22feb153e9e679f51e2e237a4ad7c8480d9d4e9240ca5333,pre_2023_baseline,archive_date=2022-10-31; archive_url=https://apkpure.net/divar/ir.divar/download/11.6.8; signer_sha256=a954e0419e34ff0779ef5186f06a985b42fd3db07bb03764aa7ff4bf21931baf; local_apk_present=true
Divar,ir.divar,11.6.10,230108152,,2022-11-15,APKPure listing,VirusTotal and existing signed-APK release ledger,https://www.virustotal.com/gui/file/7774e17e095c6deaa1f747dc9a67e1db05d0b967cac798d434b3612ea51d661a/details,exact APK,7774e17e095c6deaa1f747dc9a67e1db05d0b967cac798d434b3612ea51d661a,pre_2023_baseline,archive_date=2022-11-15; archive_url=https://apkpure.net/divar/ir.divar/download/11.6.10; signer_sha256=a954e0419e34ff0779ef5186f06a985b42fd3db07bb03764aa7ff4bf21931baf; local_apk_present=true
Divar,ir.divar,11.6.9,230108151,,2022-11-15,Uptodown archive lastUpdate,VirusTotal and existing signed-APK release ledger,https://www.virustotal.com/gui/file/cd7e48d6108814b94edfc47c137c742b143881116d679ae37878b468d6291743/details,exact APK,cd7e48d6108814b94edfc47c137c742b143881116d679ae37878b468d6291743,pre_2023_baseline,archive_date=2022-11-15; archive_url=https://divar.en.uptodown.com/android/download/86490847; signer_sha256=a954e0419e34ff0779ef5186f06a985b42fd3db07bb03764aa7ff4bf21931baf; local_apk_present=true
Divar,ir.divar,11.6.11,230109131,,2022-12-20,VirusTotal first submission,VirusTotal and existing signed-APK release ledger,https://www.virustotal.com/gui/file/1913e196c39fc80c9d166cd275feaccc186c3cbd50a8681a6e8a8f2e75797db0/details,exact APK,1913e196c39fc80c9d166cd275feaccc186c3cbd50a8681a6e8a8f2e75797db0,pre_2023_baseline,archive_date=2023-01-06; archive_url=https://divar.en.uptodown.com/android/download/87693852; signer_sha256=a954e0419e34ff0779ef5186f06a985b42fd3db07bb03764aa7ff4bf21931baf; local_apk_present=true
Divar,ir.divar,11.6.12,230109132,,2022-12-24,VirusTotal first submission,VirusTotal and existing signed-APK release ledger,https://www.virustotal.com/gui/file/5edb1b57d26bc3386e4122f5446468841420062b9c06cd09649779564a8c5f5b/details,exact APK,5edb1b57d26bc3386e4122f5446468841420062b9c06cd09649779564a8c5f5b,pre_2023_baseline,archive_date=2023-01-13; archive_url=https://divar.en.uptodown.com/android/download/88075534; signer_sha256=a954e0419e34ff0779ef5186f06a985b42fd3db07bb03764aa7ff4bf21931baf; local_apk_present=true
Divar,ir.divar,11.7.0,230109271,,2022-12-27,VirusTotal first submission,VirusTotal and existing signed-APK release ledger,https://www.virustotal.com/gui/file/81eac054e24760215302ab4530fb2cfc827490afa70a31ec1ed75a5472ce8da0/details,exact APK,81eac054e24760215302ab4530fb2cfc827490afa70a31ec1ed75a5472ce8da0,pre_2023_baseline,archive_date=2023-01-15; archive_url=https://divar.en.uptodown.com/android/download/88332169; signer_sha256=a954e0419e34ff0779ef5186f06a985b42fd3db07bb03764aa7ff4bf21931baf; local_apk_present=true
Divar,ir.divar,11.7.0,230109271,,2022-12-28,APKPure listing,VirusTotal and existing signed-APK release ledger,https://www.virustotal.com/gui/file/d2628c93af010996a58001a26f6c075e3517afd8c96b02c6b723b912b6db9b80/details,exact APK,d2628c93af010996a58001a26f6c075e3517afd8c96b02c6b723b912b6db9b80,pre_2023_baseline,archive_date=2022-12-28; archive_url=https://apkpure.net/divar/ir.divar/download/11.7.0; signer_sha256=a954e0419e34ff0779ef5186f06a985b42fd3db07bb03764aa7ff4bf21931baf; local_apk_present=true
Divar,ir.divar,11.7.1-beta,230110110,beta,2023-01-08,APKPure listing,VirusTotal and existing signed-APK release ledger,https://www.virustotal.com/gui/file/aa07b9155fc48cd8c87628f72be6abf928ae54dfa1e1d93f112e982669f98dbd/details,exact APK,aa07b9155fc48cd8c87628f72be6abf928ae54dfa1e1d93f112e982669f98dbd,in_window,archive_date=2023-01-08; archive_url=https://apkpure.net/divar/ir.divar/download/11.7.1-beta; signer_sha256=a954e0419e34ff0779ef5186f06a985b42fd3db07bb03764aa7ff4bf21931baf; local_apk_present=true
Divar,ir.divar,11.7.1,230110111,,2023-01-10,APKPure listing,VirusTotal and existing signed-APK release ledger,https://www.virustotal.com/gui/file/b2633e9ee9945811b51c7b771392cadb0685d40c7009b1b15a451ec664b62fff/details,exact APK,b2633e9ee9945811b51c7b771392cadb0685d40c7009b1b15a451ec664b62fff,in_window,archive_date=2023-01-10; archive_url=https://apkpure.net/divar/ir.divar/download/11.7.1; signer_sha256=a954e0419e34ff0779ef5186f06a985b42fd3db07bb03764aa7ff4bf21931baf; local_apk_present=true
Divar,ir.divar,11.7.1,230110111,,2023-01-13,VirusTotal first submission,VirusTotal and existing signed-APK release ledger,https://www.virustotal.com/gui/file/acd0719dca270b74e6f71616a34b2e119ae8d8dee450b966811e24b99493d4d8/details,exact APK,acd0719dca270b74e6f71616a34b2e119ae8d8dee450b966811e24b99493d4d8,in_window,archive_date=2023-01-21; archive_url=https://divar.en.uptodown.com/android/download/88796039; signer_sha256=a954e0419e34ff0779ef5186f06a985b42fd3db07bb03764aa7ff4bf21931baf; local_apk_present=true
Divar,ir.divar,11.7.2-beta,230110250,beta,2023-01-17,APKPure listing,VirusTotal and existing signed-APK release ledger,https://www.virustotal.com/gui/file/e4a2a2bfbb3bb1a69858d4c2f381d446e9d2079007cb7c87bbf141cff95647b1/details,exact APK,e4a2a2bfbb3bb1a69858d4c2f381d446e9d2079007cb7c87bbf141cff95647b1,in_window,archive_date=2023-01-17; archive_url=https://apkpure.net/divar/ir.divar/download/11.7.2-beta; signer_sha256=a954e0419e34ff0779ef5186f06a985b42fd3db07bb03764aa7ff4bf21931baf; local_apk_present=true
Divar,ir.divar,11.7.2,230110251,,2023-01-23,APKPure listing,VirusTotal and existing signed-APK release ledger,https://www.virustotal.com/gui/file/9dce239269051978fcd3c75cde0b1a597190243642bbbe55244846195b135b90/details,exact APK,9dce239269051978fcd3c75cde0b1a597190243642bbbe55244846195b135b90,in_window,archive_date=2023-01-23; archive_url=https://apkpure.net/divar/ir.divar/download/11.7.2; signer_sha256=a954e0419e34ff0779ef5186f06a985b42fd3db07bb03764aa7ff4bf21931baf; local_apk_present=true
Divar,ir.divar,11.7.3,230111091,,2023-02-05,APKPure listing,VirusTotal and existing signed-APK release ledger,https://www.virustotal.com/gui/file/39d940e8eebfa314b4492f7f36d208aa669ba7a26d187eb5ea0c376f771a4d97/details,exact APK,39d940e8eebfa314b4492f7f36d208aa669ba7a26d187eb5ea0c376f771a4d97,in_window,archive_date=2023-02-05; archive_url=https://apkpure.net/divar/ir.divar/download/11.7.3; signer_sha256=a954e0419e34ff0779ef5186f06a985b42fd3db07bb03764aa7ff4bf21931baf; local_apk_present=true
Divar,ir.divar,11.7.3,230111091,,2023-02-05,Uptodown archive lastUpdate,VirusTotal and existing signed-APK release ledger,https://www.virustotal.com/gui/file/fb0980d0584947d965cd017be6cdfe29722c8679a12fb3506daa86cc04416a80/details,exact APK,fb0980d0584947d965cd017be6cdfe29722c8679a12fb3506daa86cc04416a80,in_window,archive_date=2023-02-05; archive_url=https://divar.en.uptodown.com/android/download/89588588; signer_sha256=a954e0419e34ff0779ef5186f06a985b42fd3db07bb03764aa7ff4bf21931baf; local_apk_present=true
Divar,ir.divar,11.7.4-beta,230111180,beta,2023-02-17,APKFab version/variant listing,VirusTotal and existing signed-APK release ledger,https://www.virustotal.com/gui/file/3413462fad51b6ca8f1983f0837533fe564a58895f507f06a1b1089b6dadbb0d/details,exact APK,3413462fad51b6ca8f1983f0837533fe564a58895f507f06a1b1089b6dadbb0d,in_window,archive_date=2023-02-17; archive_url=https://apkfab.com/divar/ir.divar/versions; signer_sha256=a954e0419e34ff0779ef5186f06a985b42fd3db07bb03764aa7ff4bf21931baf; local_apk_present=true; ledger_note=Second beta variant 230111180; APKFab groups it under 17 Feb 2023.
Divar,ir.divar,11.7.4-beta,230111240,beta,2023-02-17,APKPure listing,VirusTotal and existing signed-APK release ledger,https://www.virustotal.com/gui/file/e1e872f3c085a1a8e8a8280258287007cca2063148f7fb04bbbac082e3b17b04/details,exact APK,e1e872f3c085a1a8e8a8280258287007cca2063148f7fb04bbbac082e3b17b04,in_window,archive_date=2023-02-17; archive_url=https://apkpure.net/divar/ir.divar/download/11.7.4-beta; signer_sha256=a954e0419e34ff0779ef5186f06a985b42fd3db07bb03764aa7ff4bf21931baf; local_apk_present=true
Divar,ir.divar,11.7.4,230111241,,2023-02-26,APKPure listing,VirusTotal and existing signed-APK release ledger,https://www.virustotal.com/gui/file/2ace673c5fa11dcc6ad6d38e95fadde4593d86ecb2496a7fc941d8b9f8b1e7c7/details,exact APK,2ace673c5fa11dcc6ad6d38e95fadde4593d86ecb2496a7fc941d8b9f8b1e7c7,in_window,archive_date=2023-02-26; archive_url=https://apkpure.net/divar/ir.divar/download/11.7.4; signer_sha256=a954e0419e34ff0779ef5186f06a985b42fd3db07bb03764aa7ff4bf21931baf; local_apk_present=true
Divar,ir.divar,11.7.5,230112131,,2023-03-14,APKPure listing,VirusTotal and existing signed-APK release ledger,https://www.virustotal.com/gui/file/75301b49c4869eb4c2238c26147b4bca0d2194cfaebc4294a2924a3a9b82a704/details,exact APK,75301b49c4869eb4c2238c26147b4bca0d2194cfaebc4294a2924a3a9b82a704,in_window,archive_date=2023-03-14; archive_url=https://apkpure.net/divar/ir.divar/download/11.7.5; signer_sha256=a954e0419e34ff0779ef5186f06a985b42fd3db07bb03764aa7ff4bf21931baf; local_apk_present=true
Divar,ir.divar,11.7.6,230201201,,2023-04-17,Uptodown archive lastUpdate,VirusTotal and existing signed-APK release ledger,https://www.virustotal.com/gui/file/272b7971e2713c898ebabf80987367cd0413d2e38d55e9d5c3983dd19769cd97/details,exact APK,272b7971e2713c898ebabf80987367cd0413d2e38d55e9d5c3983dd19769cd97,in_window,archive_date=2023-04-17; archive_url=https://divar.en.uptodown.com/android/download/98825664; signer_sha256=a954e0419e34ff0779ef5186f06a985b42fd3db07bb03764aa7ff4bf21931baf; local_apk_present=true
Divar,ir.divar,11.7.7,230201203,,2023-04-17,APKPure listing,VirusTotal and existing signed-APK release ledger,https://www.virustotal.com/gui/file/3144341b4ff3ed757e91103b39d02b76aa88dcf92e65b9314e391d3ddd287b4a/details,exact APK,3144341b4ff3ed757e91103b39d02b76aa88dcf92e65b9314e391d3ddd287b4a,in_window,archive_date=2023-04-17; archive_url=https://apkpure.net/divar/ir.divar/download/11.7.7; signer_sha256=a954e0419e34ff0779ef5186f06a985b42fd3db07bb03764aa7ff4bf21931baf; local_apk_present=true
Divar,ir.divar,11.7.7,230201203,,2023-04-18,VirusTotal first submission,VirusTotal and existing signed-APK release ledger,https://www.virustotal.com/gui/file/32227ca16759dee1a2e4ca2221298b2efbf0e89c17b9c2e839c437072cd39682/details,exact APK,32227ca16759dee1a2e4ca2221298b2efbf0e89c17b9c2e839c437072cd39682,in_window,archive_date=2023-04-20; archive_url=https://divar.en.uptodown.com/android/download/99659618; signer_sha256=a954e0419e34ff0779ef5186f06a985b42fd3db07bb03764aa7ff4bf21931baf; local_apk_present=true
Divar,ir.divar,11.8.0,230202041,,2023-05-03,Uptodown archive lastUpdate,VirusTotal and existing signed-APK release ledger,https://www.virustotal.com/gui/file/38acc45dffce9d61eb4f6ff403297073320f1efb54012df1c2d0cc24b2f7dc7a/details,exact APK,38acc45dffce9d61eb4f6ff403297073320f1efb54012df1c2d0cc24b2f7dc7a,in_window,archive_date=2023-05-03; archive_url=https://divar.en.uptodown.com/android/download/101590205; signer_sha256=a954e0419e34ff0779ef5186f06a985b42fd3db07bb03764aa7ff4bf21931baf; local_apk_present=true
Divar,ir.divar,11.8.0,230202041,,2023-05-03T21:29:51Z,"VirusTotal first submission for exact SHA-256, not release date",VirusTotal and existing signed-APK release ledger,https://www.virustotal.com/gui/file/d6799fbcf14a7e57ec6e801bfc15a53aeba8c51669ccfdebc839d3534de723db,exact APK,d6799fbcf14a7e57ec6e801bfc15a53aeba8c51669ccfdebc839d3534de723db,in_window,archive_date=2023-05-03; archive_url=https://apkpure.net/divar/ir.divar/download/11.8.0; signer_sha256=a954e0419e34ff0779ef5186f06a985b42fd3db07bb03764aa7ff4bf21931baf; local_apk_present=true; ledger_note=Known worker and relay absent; not a whole-app clean verdict.
Divar,ir.divar,11.8.1,230202172,,2023-05-14T18:18:47Z,"VirusTotal first submission for exact SHA-256, not release date",VirusTotal and existing signed-APK release ledger,https://www.virustotal.com/gui/file/ee36859f872cf5cf3723f0cfde50adf5c61409a273ff268d6d0660f83c326a81,exact APK,ee36859f872cf5cf3723f0cfde50adf5c61409a273ff268d6d0660f83c326a81,in_window,archive_date=2023-05-15; archive_url=https://apkpure.net/divar/ir.divar/download/11.8.1; signer_sha256=a954e0419e34ff0779ef5186f06a985b42fd3db07bb03764aa7ff4bf21931baf; local_apk_present=true; ledger_note=Push path; no observed attack push or response.
Divar,ir.divar,11.8.2,230202311,,2023-05-29T20:56:01Z,"VirusTotal first submission for exact SHA-256, not release date",VirusTotal and existing signed-APK release ledger,https://www.virustotal.com/gui/file/caa357ad191d77af83eb5a87471f64be66abd961663164470f4dc55a8b019101,exact APK,caa357ad191d77af83eb5a87471f64be66abd961663164470f4dc55a8b019101,in_window,archive_date=2023-05-28; archive_url=https://apkpure.net/divar/ir.divar/download/11.8.2; signer_sha256=a954e0419e34ff0779ef5186f06a985b42fd3db07bb03764aa7ff4bf21931baf; local_apk_present=true; ledger_note=Push path; no observed attack push or response.
Divar,ir.divar,11.8.3,230203161,,2023-06-12T22:21:58Z,"VirusTotal first submission for exact SHA-256, not release date",VirusTotal and existing signed-APK release ledger,https://www.virustotal.com/gui/file/15e4a710e995a020f26511930d8efd195e6f3707d4740ac7e2390581fe6e0432,exact APK,15e4a710e995a020f26511930d8efd195e6f3707d4740ac7e2390581fe6e0432,in_window,archive_date=2023-06-13; archive_url=https://apkpure.net/divar/ir.divar/download/11.8.3; signer_sha256=a954e0419e34ff0779ef5186f06a985b42fd3db07bb03764aa7ff4bf21931baf; local_apk_present=true; ledger_note=Push path; no observed attack push or response.
Divar,ir.divar,11.8.4,230203281,,2023-06-26,VirusTotal first submission,VirusTotal and existing signed-APK release ledger,https://www.virustotal.com/gui/file/abf9cbe26ea6665a7b47ebebed4c467196cc4b7b621c08bcf37d5e0455d01ace/details,exact APK,abf9cbe26ea6665a7b47ebebed4c467196cc4b7b621c08bcf37d5e0455d01ace,in_window,"archive_date=2023-06-26; archive_url=https://divar.en.uptodown.com/android/download/104208560; signer_sha256=a954e0419e34ff0779ef5186f06a985b42fd3db07bb03764aa7ff4bf21931baf; local_apk_present=true; ledger_note=Known chain absent, not globally clean."
Divar,ir.divar,11.8.5,230204111,,2023-07-12,VirusTotal first submission,VirusTotal and existing signed-APK release ledger,https://www.virustotal.com/gui/file/2cc3886acb7d777c180e98f61aaba2465f19b251ded63558131ebb27659fab8a/details,exact APK,2cc3886acb7d777c180e98f61aaba2465f19b251ded63558131ebb27659fab8a,in_window,"archive_date=2023-07-15; archive_url=https://divar.en.uptodown.com/android/download/105275210; signer_sha256=a954e0419e34ff0779ef5186f06a985b42fd3db07bb03764aa7ff4bf21931baf; local_apk_present=true; ledger_note=Uptodown lastUpdate is an archive date, not release date. Provider and worker independently decompiled from this exact signed APK."
Divar,ir.divar,11.8.6,230204251,,2023-07-24,VirusTotal first submission,VirusTotal and existing signed-APK release ledger,https://www.virustotal.com/gui/file/582f49a01474dd164200dc52015e43db38d3abf1553d1b6d5b5e6642655e33f8/details,exact APK,582f49a01474dd164200dc52015e43db38d3abf1553d1b6d5b5e6642655e33f8,in_window,"archive_date=2023-07-24; archive_url=https://divar.en.uptodown.com/android/download/105712037; signer_sha256=a954e0419e34ff0779ef5186f06a985b42fd3db07bb03764aa7ff4bf21931baf; local_apk_present=true; ledger_note=Known chain absent, not globally clean."
Divar,ir.divar,11.9.0,230205081,,2023-08-07,VirusTotal first submission,VirusTotal and existing signed-APK release ledger,https://www.virustotal.com/gui/file/4292f192844c496a2b75f90f40f1ff789d6c35664ad40641c7a89c0da5e889d0/details,exact APK,4292f192844c496a2b75f90f40f1ff789d6c35664ad40641c7a89c0da5e889d0,in_window,"archive_date=2023-08-07; archive_url=https://divar.en.uptodown.com/android/download/106419328; signer_sha256=a954e0419e34ff0779ef5186f06a985b42fd3db07bb03764aa7ff4bf21931baf; local_apk_present=true; ledger_note=Uptodown lastUpdate is an archive date, not release date. Provider and worker independently decompiled from this exact signed APK."
Divar,ir.divar,11.9.1,230205082,,2023-08-09,VirusTotal first submission,VirusTotal and existing signed-APK release ledger,https://www.virustotal.com/gui/file/273c5e66b6398677e9eaaa56b0000ec3f918340d278c17e4416b31f7ea867524/details,exact APK,273c5e66b6398677e9eaaa56b0000ec3f918340d278c17e4416b31f7ea867524,in_window,"archive_date=2023-08-09; archive_url=https://divar.en.uptodown.com/android/download/106538889; signer_sha256=a954e0419e34ff0779ef5186f06a985b42fd3db07bb03764aa7ff4bf21931baf; local_apk_present=true; ledger_note=Known chain absent, not globally clean."
Divar,ir.divar,11.9.2,230819010,,2023-08-21,VirusTotal first submission,VirusTotal and existing signed-APK release ledger,https://www.virustotal.com/gui/file/f8bfc9211034a4109ac5aec6deff8036bab3b278ec0ff56f25e5d02107a81bfd/details,exact APK,f8bfc9211034a4109ac5aec6deff8036bab3b278ec0ff56f25e5d02107a81bfd,in_window,"archive_date=2023-10-18; archive_url=https://divar.en.uptodown.com/android/download/110306199; signer_sha256=a954e0419e34ff0779ef5186f06a985b42fd3db07bb03764aa7ff4bf21931baf; local_apk_present=true; ledger_note=Known chain absent, not globally clean."
Divar,ir.divar,11.9.3,230822020,,2023-08-23,VirusTotal first submission,VirusTotal and existing signed-APK release ledger,https://www.virustotal.com/gui/file/61053573a1a15a04e6ea45ca4b8e489bbad9678be067cc3d27da10c6b3f100eb/details,exact APK,61053573a1a15a04e6ea45ca4b8e489bbad9678be067cc3d27da10c6b3f100eb,in_window,"archive_date=2023-09-17; archive_url=https://divar.en.uptodown.com/android/download/107804993; signer_sha256=a954e0419e34ff0779ef5186f06a985b42fd3db07bb03764aa7ff4bf21931baf; local_apk_present=true; ledger_note=Uptodown lastUpdate is an archive date, not release date. Provider and worker independently decompiled from this exact signed APK."
Divar,ir.divar,11.9.4,230903000,,2023-09-05,VirusTotal first submission,VirusTotal and existing signed-APK release ledger,https://www.virustotal.com/gui/file/95c4722435f7bc6cfeb230a16b0d53b36b5f62f553594dee4c0576d9982794aa/details,exact APK,95c4722435f7bc6cfeb230a16b0d53b36b5f62f553594dee4c0576d9982794aa,in_window,"archive_date=2023-09-13; archive_url=https://divar.en.uptodown.com/android/download/107480637; signer_sha256=a954e0419e34ff0779ef5186f06a985b42fd3db07bb03764aa7ff4bf21931baf; local_apk_present=true; ledger_note=Known chain absent, not globally clean."
Divar,ir.divar,11.9.5,230911010,,2023-09-22,VirusTotal first submission,VirusTotal and existing signed-APK release ledger,https://www.virustotal.com/gui/file/284d88348398bf52aa48dabce78be9099d25f670a7cab304582aa9d97d91a4da/details,exact APK,284d88348398bf52aa48dabce78be9099d25f670a7cab304582aa9d97d91a4da,in_window,"archive_date=2023-09-23; archive_url=https://divar.en.uptodown.com/android/download/108243687; signer_sha256=a954e0419e34ff0779ef5186f06a985b42fd3db07bb03764aa7ff4bf21931baf; local_apk_present=true; ledger_note=Known chain absent, not globally clean."
Divar,ir.divar,11.9.7,230925020,,2023-10-03,VirusTotal first submission,VirusTotal and existing signed-APK release ledger,https://www.virustotal.com/gui/file/ed7562ae404f7f25ba6dc21ebdd5af01e81e50f282d5a8479eae0cb0415bee65/details,exact APK,ed7562ae404f7f25ba6dc21ebdd5af01e81e50f282d5a8479eae0cb0415bee65,in_window,"archive_date=2023-10-27; archive_url=https://divar.en.uptodown.com/android/download/111618359; signer_sha256=a954e0419e34ff0779ef5186f06a985b42fd3db07bb03764aa7ff4bf21931baf; local_apk_present=true; ledger_note=Uptodown lastUpdate is an archive date, not release date. Provider and worker independently decompiled from this exact signed APK."
Divar,ir.divar,11.9.8,231008010,,2023-10-16,VirusTotal first submission,VirusTotal and existing signed-APK release ledger,https://www.virustotal.com/gui/file/3a4054a68fdb4156c250ff9f51ab1faabdb7e56529b21f96e0d9e9f7d868d48f/details,exact APK,3a4054a68fdb4156c250ff9f51ab1faabdb7e56529b21f96e0d9e9f7d868d48f,in_window,"archive_date=2023-10-18; archive_url=https://divar.en.uptodown.com/android/download/110332869; signer_sha256=a954e0419e34ff0779ef5186f06a985b42fd3db07bb03764aa7ff4bf21931baf; local_apk_present=true; ledger_note=Uptodown lastUpdate is an archive date, not release date. Provider and worker independently decompiled from this exact signed APK."
Divar,ir.divar,11.9.9,231022010,,2023-10-30,VirusTotal first submission,VirusTotal and existing signed-APK release ledger,https://www.virustotal.com/gui/file/0c0f91c55fb7a09e4eb0903bfff67819671c1bd232aad4eec3e39126ce61ab68/details,exact APK,0c0f91c55fb7a09e4eb0903bfff67819671c1bd232aad4eec3e39126ce61ab68,in_window,"archive_date=2023-11-01; archive_url=https://divar.en.uptodown.com/android/download/112458939; signer_sha256=a954e0419e34ff0779ef5186f06a985b42fd3db07bb03764aa7ff4bf21931baf; local_apk_present=true; ledger_note=Uptodown lastUpdate is an archive date, not release date. Provider and worker independently decompiled from this exact signed APK."
Divar,ir.divar,11.10.0,231105010,,2023-11-13,VirusTotal first submission,VirusTotal and existing signed-APK release ledger,https://www.virustotal.com/gui/file/5e999bf5506802ff1450895ae079a6fef927f7cab93e62103fce61dbd845a510/details,exact APK,5e999bf5506802ff1450895ae079a6fef927f7cab93e62103fce61dbd845a510,in_window,"archive_date=2023-11-15; archive_url=https://divar.en.uptodown.com/android/download/113785530; signer_sha256=a954e0419e34ff0779ef5186f06a985b42fd3db07bb03764aa7ff4bf21931baf; local_apk_present=true; ledger_note=Uptodown lastUpdate is an archive date, not release date. Provider and worker independently decompiled from this exact signed APK."
Divar,ir.divar,11.10.1,231119010,,2023-11-26,Uptodown archive lastUpdate,VirusTotal and existing signed-APK release ledger,https://www.virustotal.com/gui/file/51055520dab6e7b0d7e8c3344d9493dfdc00a74857a0fcfd926d658451c70fe5/details,exact APK,51055520dab6e7b0d7e8c3344d9493dfdc00a74857a0fcfd926d658451c70fe5,in_window,"archive_date=2023-11-26; archive_url=https://divar.en.uptodown.com/android/download/115376346; signer_sha256=a954e0419e34ff0779ef5186f06a985b42fd3db07bb03764aa7ff4bf21931baf; local_apk_present=true; ledger_note=Uptodown lastUpdate is an archive date, not release date. Provider and worker independently decompiled from this exact signed APK."
Divar,ir.divar,11.10.2,231204020,,2023-12-10,VirusTotal first submission,VirusTotal and existing signed-APK release ledger,https://www.virustotal.com/gui/file/f3e10444baa34b66365794735cefab414a04291d9026d021b1e5ac50927de781/details,exact APK,f3e10444baa34b66365794735cefab414a04291d9026d021b1e5ac50927de781,in_window,"archive_date=2023-12-10; archive_url=https://divar.en.uptodown.com/android/download/116862224; signer_sha256=a954e0419e34ff0779ef5186f06a985b42fd3db07bb03764aa7ff4bf21931baf; local_apk_present=true; ledger_note=Uptodown lastUpdate is an archive date, not release date. Provider and worker independently decompiled from this exact signed APK."
Divar,ir.divar,11.9.6,230925010,,2023-12-14,Uptodown archive lastUpdate,VirusTotal and existing signed-APK release ledger,https://www.virustotal.com/gui/file/4b6baad65804ba42637bada56d972f8c956e904fbdd7c8cabc35897a4f2af606/details,exact APK,4b6baad65804ba42637bada56d972f8c956e904fbdd7c8cabc35897a4f2af606,in_window,"archive_date=2023-12-14; archive_url=https://divar.en.uptodown.com/android/download/117271232; signer_sha256=a954e0419e34ff0779ef5186f06a985b42fd3db07bb03764aa7ff4bf21931baf; local_apk_present=true; ledger_note=Uptodown lastUpdate is an archive date, not release date. Provider and worker independently decompiled from this exact signed APK."
Divar,ir.divar,11.10.3,231218010,,2023-12-25,VirusTotal first submission,VirusTotal and existing signed-APK release ledger,https://www.virustotal.com/gui/file/414dc672823219b6e1be765d4f0017a00c32949132b6ac999683fbf568e84318/details,exact APK,414dc672823219b6e1be765d4f0017a00c32949132b6ac999683fbf568e84318,in_window,"archive_date=2023-12-25; archive_url=https://divar.en.uptodown.com/android/download/118072739; signer_sha256=a954e0419e34ff0779ef5186f06a985b42fd3db07bb03764aa7ff4bf21931baf; local_apk_present=true; ledger_note=Uptodown lastUpdate is an archive date, not release date. Provider and worker independently decompiled from this exact signed APK."
Divar,ir.divar,11.10.4,240101010,,2024-01-08,VirusTotal first submission,VirusTotal and existing signed-APK release ledger,https://www.virustotal.com/gui/file/3c596f76c07e2121bdf4d9e4ae2dbb15314a80479ed51d1da103602d5b1f1428/details,exact APK,3c596f76c07e2121bdf4d9e4ae2dbb15314a80479ed51d1da103602d5b1f1428,in_window,"archive_date=2024-01-10; archive_url=https://divar.en.uptodown.com/android/download/118760323; signer_sha256=a954e0419e34ff0779ef5186f06a985b42fd3db07bb03764aa7ff4bf21931baf; local_apk_present=true; ledger_note=Uptodown lastUpdate is an archive date, not release date. Provider and worker independently decompiled from this exact signed APK."
Divar,ir.divar,11.10.5,240114010,,2024-01-23,VirusTotal first submission,VirusTotal and existing signed-APK release ledger,https://www.virustotal.com/gui/file/1d1ad55653dc443f51c3aa58e18c171aa2d04d4e27c10d1f5382268968c817f9/details,exact APK,1d1ad55653dc443f51c3aa58e18c171aa2d04d4e27c10d1f5382268968c817f9,in_window,"archive_date=2024-02-20; archive_url=https://divar.en.uptodown.com/android/download/124425509; signer_sha256=a954e0419e34ff0779ef5186f06a985b42fd3db07bb03764aa7ff4bf21931baf; local_apk_present=true; ledger_note=Uptodown lastUpdate is an archive date, not release date. Provider and worker independently decompiled from this exact signed APK."
Divar,ir.divar,11.10.6,240128010,,2024-02-05,VirusTotal first submission,VirusTotal and existing signed-APK release ledger,https://www.virustotal.com/gui/file/275a0810e7a4ae471941e85db77c9cf3a3638347d0c7e181bedce7bd8db0a68c/details,exact APK,275a0810e7a4ae471941e85db77c9cf3a3638347d0c7e181bedce7bd8db0a68c,in_window,"archive_date=2024-02-05; archive_url=https://divar.en.uptodown.com/android/download/122439197; signer_sha256=a954e0419e34ff0779ef5186f06a985b42fd3db07bb03764aa7ff4bf21931baf; local_apk_present=true; ledger_note=Uptodown lastUpdate is an archive date, not release date. Provider and worker independently decompiled from this exact signed APK."
Divar,ir.divar,11.10.7,240212010,,2024-02-19,VirusTotal first submission,VirusTotal and existing signed-APK release ledger,https://www.virustotal.com/gui/file/df0c10f5adf70f800956a5d1af501eb2cd162314afe5f48bec503e21cec6062b/details,exact APK,df0c10f5adf70f800956a5d1af501eb2cd162314afe5f48bec503e21cec6062b,in_window,"archive_date=2024-02-19; archive_url=https://divar.en.uptodown.com/android/download/124185475; signer_sha256=a954e0419e34ff0779ef5186f06a985b42fd3db07bb03764aa7ff4bf21931baf; local_apk_present=true; ledger_note=Uptodown lastUpdate is an archive date, not release date. Provider and worker independently decompiled from this exact signed APK."
Divar,ir.divar,11.11.0,240228010,,2024-03-10T13:58:59+00:00,"VirusTotal first submission for exact SHA-256, not release date",VirusTotal and existing signed-APK release ledger,https://www.virustotal.com/gui/file/c94ceb21fe6c9c19cf0c4ae1cd3b379f7988e816d933ae53ad7c3c40c3c75fa5,exact APK,c94ceb21fe6c9c19cf0c4ae1cd3b379f7988e816d933ae53ad7c3c40c3c75fa5,in_window,"archive_date=2024-03-10; archive_url=https://divar.en.uptodown.com/android/download/127392922; signer_sha256=a954e0419e34ff0779ef5186f06a985b42fd3db07bb03764aa7ff4bf21931baf; local_apk_present=true; ledger_note=Static capability only; no historical push, descriptor, stage, or execution recovered. Worker functional skeleton matches other sampled XOR-63 builds."
Divar,ir.divar,11.11.1,240407010,,2024-04-16T10:44:02+00:00,"VirusTotal first submission for exact SHA-256, not release date",VirusTotal and existing signed-APK release ledger,https://www.virustotal.com/gui/file/9cc99f0b2ce752539a08202893b5332de7d463f85019e347a9fa5c9c730ee571,exact APK,9cc99f0b2ce752539a08202893b5332de7d463f85019e347a9fa5c9c730ee571,in_window,"archive_date=2024-04-16; archive_url=https://divar.en.uptodown.com/android/download/1008396618; signer_sha256=a954e0419e34ff0779ef5186f06a985b42fd3db07bb03764aa7ff4bf21931baf; local_apk_present=true; ledger_note=Static capability only; no historical push, descriptor, stage, or execution recovered. Worker functional skeleton matches other sampled XOR-63 builds."
Divar,ir.divar,11.11.2,240421010,,2024-04-28T10:04:21+00:00,"VirusTotal first submission for exact SHA-256, not release date",VirusTotal and existing signed-APK release ledger,https://www.virustotal.com/gui/file/12fc26635370d930f2d9bc85867884dd883ae818ac0c4976d7caaab2845086a9,exact APK,12fc26635370d930f2d9bc85867884dd883ae818ac0c4976d7caaab2845086a9,in_window,"archive_date=2024-04-28; archive_url=https://divar.en.uptodown.com/android/download/1010576981; signer_sha256=a954e0419e34ff0779ef5186f06a985b42fd3db07bb03764aa7ff4bf21931baf; local_apk_present=true; ledger_note=Static capability only; no historical push, descriptor, stage, or execution recovered. Worker functional skeleton matches other sampled XOR-63 builds."
Divar,ir.divar,11.11.3,240505010,,2024-05-14T14:43:28+00:00,"VirusTotal first submission for exact SHA-256, not release date",VirusTotal and existing signed-APK release ledger,https://www.virustotal.com/gui/file/67553b6a1b075f11e0f33059f990dd2244b872597c5ef2d34e5a1c39c9e894bc,exact APK,67553b6a1b075f11e0f33059f990dd2244b872597c5ef2d34e5a1c39c9e894bc,in_window,"archive_date=2024-05-13; archive_url=https://divar.en.uptodown.com/android/download/1012961653; signer_sha256=a954e0419e34ff0779ef5186f06a985b42fd3db07bb03764aa7ff4bf21931baf; local_apk_present=true; ledger_note=Static capability only; no historical push, descriptor, stage, or execution recovered. Worker functional skeleton matches other sampled XOR-63 builds."
Divar,ir.divar,11.11.4,240519020,,2024-05-27T11:40:49+00:00,"VirusTotal first submission for exact SHA-256, not release date",VirusTotal and existing signed-APK release ledger,https://www.virustotal.com/gui/file/06cfa492875677974690eab2a0476a8dd72aaccbfcc653019fdd277625efa269,exact APK,06cfa492875677974690eab2a0476a8dd72aaccbfcc653019fdd277625efa269,in_window,"archive_date=2024-06-17; archive_url=https://divar.en.uptodown.com/android/download/1016334478; signer_sha256=a954e0419e34ff0779ef5186f06a985b42fd3db07bb03764aa7ff4bf21931baf; local_apk_present=true; ledger_note=Static capability only; no historical push, descriptor, stage, or execution recovered. Worker functional skeleton matches other sampled XOR-63 builds."
Divar,ir.divar,11.12.0-beta,240616000,beta,2024-06-18T23:33:58Z,"VirusTotal first submission for exact SHA-256, not release date",VirusTotal and existing signed-APK release ledger,https://www.virustotal.com/gui/file/1fb0fa9015283d0c28f7a9e351d2925c2abff9c6b51ea2727da5ef06e6da0157/details,exact APK,1fb0fa9015283d0c28f7a9e351d2925c2abff9c6b51ea2727da5ef06e6da0157,in_window,archive_url=https://certfa.com/lab/android-app/sha1/ba33fae6454ebb1669bbfdfa276f90015b73c391/; signer_sha256=a954e0419e34ff0779ef5186f06a985b42fd3db07bb03764aa7ff4bf21931baf; local_apk_present=true; ledger_note=Beta flavor; negative verdict cannot transfer to stable release.
Divar,ir.divar,11.12.0,240616010,,2024-06-24T07:44:23+00:00,"VirusTotal first submission for exact SHA-256, not release date",VirusTotal and existing signed-APK release ledger,https://www.virustotal.com/gui/file/18cb05e733f71d88b76466ebde6df56d5b49fc94e4a223029cd1cbe6fd41cd6b,exact APK,18cb05e733f71d88b76466ebde6df56d5b49fc94e4a223029cd1cbe6fd41cd6b,in_window,"archive_date=2024-06-23; archive_url=https://divar.en.uptodown.com/android/download/1016845572; signer_sha256=a954e0419e34ff0779ef5186f06a985b42fd3db07bb03764aa7ff4bf21931baf; local_apk_present=true; ledger_note=Static capability only; no historical push, descriptor, stage, or execution recovered. Worker functional skeleton matches other sampled XOR-63 builds."
Divar,ir.divar,11.12.1,240701010,,2024-07-09T12:13:30+00:00,"VirusTotal first submission for exact SHA-256, not release date",VirusTotal and existing signed-APK release ledger,https://www.virustotal.com/gui/file/5d3d3452298cfc76d3393f7eafec35c638e0797a81e0bbebe3b1738cb0fc294e,exact APK,5d3d3452298cfc76d3393f7eafec35c638e0797a81e0bbebe3b1738cb0fc294e,in_window,"archive_date=2024-08-07; archive_url=https://divar.en.uptodown.com/android/download/1020572989; signer_sha256=a954e0419e34ff0779ef5186f06a985b42fd3db07bb03764aa7ff4bf21931baf; local_apk_present=true; ledger_note=Static capability only; no historical push, descriptor, stage, or execution recovered. Worker functional skeleton matches other sampled XOR-63 builds."
Divar,ir.divar,11.12.2,240728010,,2024-08-05T18:38:43+00:00,"VirusTotal first submission for exact SHA-256, not release date",VirusTotal and existing signed-APK release ledger,https://www.virustotal.com/gui/file/3134990f4fcf66ea5c291ad107e56a7b8869278e44ed0140824c11bb820b5ac5,exact APK,3134990f4fcf66ea5c291ad107e56a7b8869278e44ed0140824c11bb820b5ac5,in_window,"archive_date=2024-08-07; archive_url=https://divar.en.uptodown.com/android/download/1020620725; signer_sha256=a954e0419e34ff0779ef5186f06a985b42fd3db07bb03764aa7ff4bf21931baf; local_apk_present=true; ledger_note=Static capability only; no historical push, descriptor, stage, or execution recovered. Worker functional skeleton matches other sampled XOR-63 builds."
Divar,ir.divar,11.4.13,230006080,,2024-08-18,Uptodown archive lastUpdate,VirusTotal and existing signed-APK release ledger,https://www.virustotal.com/gui/file/0e7a27224bcc10865cbf3f9f8461813604cea3033dc8a2dc92b151ad43fe024c/details,exact APK,0e7a27224bcc10865cbf3f9f8461813604cea3033dc8a2dc92b151ad43fe024c,in_window,archive_date=2024-08-18; archive_url=https://divar.en.uptodown.com/android/download/1022303548; signer_sha256=a954e0419e34ff0779ef5186f06a985b42fd3db07bb03764aa7ff4bf21931baf; local_apk_present=true
Divar,ir.divar,11.12.3,240811010,,2024-08-19T08:00:21+00:00,"VirusTotal first submission for exact SHA-256, not release date",VirusTotal and existing signed-APK release ledger,https://www.virustotal.com/gui/file/4a26e750da01879e91dc3d823a08038eec0b02074dcb5161e3fcc4c644502183,exact APK,4a26e750da01879e91dc3d823a08038eec0b02074dcb5161e3fcc4c644502183,in_window,"archive_date=2024-08-19; archive_url=https://divar.en.uptodown.com/android/download/1022436760; signer_sha256=a954e0419e34ff0779ef5186f06a985b42fd3db07bb03764aa7ff4bf21931baf; local_apk_present=true; ledger_note=Static capability only; no historical push, descriptor, stage, or execution recovered. Worker functional skeleton matches other sampled XOR-63 builds."
Divar,ir.divar,11.12.4,240826020,,2024-09-01T11:41:39+00:00,"VirusTotal first submission for exact SHA-256, not release date",VirusTotal and existing signed-APK release ledger,https://www.virustotal.com/gui/file/38d27f25b59c81998467b928878d7de0adc85a2a5f02756180812e1cc75b3ab0,exact APK,38d27f25b59c81998467b928878d7de0adc85a2a5f02756180812e1cc75b3ab0,in_window,"archive_date=2024-09-01; archive_url=https://divar.en.uptodown.com/android/download/1024425958; signer_sha256=a954e0419e34ff0779ef5186f06a985b42fd3db07bb03764aa7ff4bf21931baf; local_apk_present=true; ledger_note=Static capability only; no historical push, descriptor, stage, or execution recovered. Worker functional skeleton matches other sampled XOR-63 builds."
Divar,ir.divar,11.12.5,240908010,,2024-09-14T19:55:42+00:00,"VirusTotal first submission for exact SHA-256, not release date",VirusTotal and existing signed-APK release ledger,https://www.virustotal.com/gui/file/81bfd39bbc5b395a61a6dd804b6802fd28091564d2ae28cd77a2fbedb80da0de,exact APK,81bfd39bbc5b395a61a6dd804b6802fd28091564d2ae28cd77a2fbedb80da0de,in_window,"archive_date=2024-09-14; archive_url=https://divar.en.uptodown.com/android/download/1026359158; signer_sha256=a954e0419e34ff0779ef5186f06a985b42fd3db07bb03764aa7ff4bf21931baf; local_apk_present=true; ledger_note=Static capability only; no historical push, descriptor, stage, or execution recovered. Worker functional skeleton matches other sampled XOR-63 builds."
Divar,ir.divar,11.12.6,240923010,,2024-09-29T20:53:46+00:00,"VirusTotal first submission for exact SHA-256, not release date",VirusTotal and existing signed-APK release ledger,https://www.virustotal.com/gui/file/d73ad3784f54f2fa31a089579a8d13cf19a12f76e18cb5aeea71e1524e09232d,exact APK,d73ad3784f54f2fa31a089579a8d13cf19a12f76e18cb5aeea71e1524e09232d,in_window,"archive_date=2024-09-29; archive_url=https://divar.en.uptodown.com/android/download/1028928221; signer_sha256=a954e0419e34ff0779ef5186f06a985b42fd3db07bb03764aa7ff4bf21931baf; local_apk_present=true; ledger_note=Static capability only; no historical push, descriptor, stage, or execution recovered. Worker functional skeleton matches other sampled XOR-63 builds."
Divar,ir.divar,11.12.7,241006010,,2024-10-13T16:43:17+00:00,"VirusTotal first submission for exact SHA-256, not release date",VirusTotal and existing signed-APK release ledger,https://www.virustotal.com/gui/file/b5bc08eabc46703a481952fa4487ca9d6800fb13f4892662b850f2ccfc2e5a38,exact APK,b5bc08eabc46703a481952fa4487ca9d6800fb13f4892662b850f2ccfc2e5a38,in_window,"archive_date=2024-10-13; archive_url=https://divar.en.uptodown.com/android/download/1031227946; signer_sha256=a954e0419e34ff0779ef5186f06a985b42fd3db07bb03764aa7ff4bf21931baf; local_apk_present=true; ledger_note=Static capability only; no historical push, descriptor, stage, or execution recovered. Worker functional skeleton matches other sampled XOR-63 builds."
Divar,ir.divar,11.12.8,241020010,,2024-10-27T16:06:04Z,"VirusTotal first submission for exact SHA-256, not release date",VirusTotal and existing signed-APK release ledger,https://www.virustotal.com/gui/file/ffba625120a34a9c189ab25ecf4fcb0945548355364bdbdf964c532e80153830/details,exact APK,ffba625120a34a9c189ab25ecf4fcb0945548355364bdbdf964c532e80153830,in_window,archive_url=https://divar.en.softonic.com/android; signer_sha256=a954e0419e34ff0779ef5186f06a985b42fd3db07bb03764aa7ff4bf21931baf; local_apk_present=true; ledger_note=Push path; no observed attack push or response.
Divar,ir.divar,11.13.0,241104010,,2024-11-10T15:52:53+00:00,"VirusTotal first submission for exact SHA-256, not release date",VirusTotal and existing signed-APK release ledger,https://www.virustotal.com/gui/file/dd36f4a146deb55247917552063bfcc6854ec3efb93a5e438cddf9cfed689cc8,exact APK,dd36f4a146deb55247917552063bfcc6854ec3efb93a5e438cddf9cfed689cc8,in_window,"archive_date=2025-07-19; archive_url=https://divar.en.uptodown.com/android/download/1094246510; signer_sha256=a954e0419e34ff0779ef5186f06a985b42fd3db07bb03764aa7ff4bf21931baf; local_apk_present=true; ledger_note=Static capability only; no historical push, descriptor, stage, or execution recovered. Worker functional skeleton matches other sampled XOR-63 builds. Uptodown labels this archive page Jul 19 2025, while exact APK first reached VT Nov 10 2024 and its versionCode is 241104010; archive listing date is not used as release date."
Divar,ir.divar,11.13.1,241117010,,2024-11-23T21:51:46+00:00,"VirusTotal first submission for exact SHA-256, not release date",VirusTotal and existing signed-APK release ledger,https://www.virustotal.com/gui/file/b93266fbbb29718c77a4dfaa26a4e0a181a9ab14112a53ba82c1a1a6469918d6,exact APK,b93266fbbb29718c77a4dfaa26a4e0a181a9ab14112a53ba82c1a1a6469918d6,in_window,"archive_date=2024-11-23; archive_url=https://divar.en.uptodown.com/android/download/1037521617; signer_sha256=a954e0419e34ff0779ef5186f06a985b42fd3db07bb03764aa7ff4bf21931baf; local_apk_present=true; ledger_note=Static capability only; no historical push, descriptor, stage, or execution recovered. Worker functional skeleton matches other sampled XOR-63 builds."
Divar,ir.divar,11.13.2,241201010,,2024-12-09T09:14:02Z,"VirusTotal first submission for exact SHA-256, not release date",VirusTotal and existing signed-APK release ledger,https://www.virustotal.com/gui/file/677cd05adc9a448f963f9386e2d89174a745768e31031053a40b9c0cbcd8887c,exact APK,677cd05adc9a448f963f9386e2d89174a745768e31031053a40b9c0cbcd8887c,in_window,"archive_url=https://apkpure.net/divar/ir.divar/download/11.13.2; signer_sha256=a954e0419e34ff0779ef5186f06a985b42fd3db07bb03764aa7ff4bf21931baf; local_apk_present=true; ledger_note=Static capability; no historical push, descriptor, stage, or execution recovered."
Divar,ir.divar,11.13.3,241215010,,2024-12-21T21:51:12Z,"VirusTotal first submission for exact SHA-256, not release date",VirusTotal and existing signed-APK release ledger,https://www.virustotal.com/gui/file/58c59c8f1c35b02223e6a4cb75a1982c0419c1f24711b9d843d169ccda073a0e,exact APK,58c59c8f1c35b02223e6a4cb75a1982c0419c1f24711b9d843d169ccda073a0e,in_window,"archive_url=https://apkpure.net/divar/ir.divar/download/11.13.3; signer_sha256=a954e0419e34ff0779ef5186f06a985b42fd3db07bb03764aa7ff4bf21931baf; local_apk_present=true; ledger_note=Static capability; no historical push, descriptor, stage, or execution recovered."
Divar,ir.divar,11.13.4,241229010,,2025-01-04T16:25:19Z,"VirusTotal first submission for exact SHA-256, not release date",VirusTotal and existing signed-APK release ledger,https://www.virustotal.com/gui/file/2352ff767432cc214f5bd51da881ba5a2d4feda4739867b9aa9ea123ada53b94,exact APK,2352ff767432cc214f5bd51da881ba5a2d4feda4739867b9aa9ea123ada53b94,in_window,"archive_url=https://apkpure.net/divar/ir.divar/download/11.13.4; signer_sha256=a954e0419e34ff0779ef5186f06a985b42fd3db07bb03764aa7ff4bf21931baf; local_apk_present=true; ledger_note=Static capability; no historical push, descriptor, stage, or execution recovered."
Divar,ir.divar,11.13.5,250112010,,2025-01-20T07:28:54Z,"VirusTotal first submission for exact SHA-256, not release date",VirusTotal and existing signed-APK release ledger,https://www.virustotal.com/gui/file/9ef4641c7ab7e99722961c2475c5bae2b2d56424b326c606e0307a6aa3c75e42,exact APK,9ef4641c7ab7e99722961c2475c5bae2b2d56424b326c606e0307a6aa3c75e42,in_window,"archive_url=https://apkpure.net/divar/ir.divar/download/11.13.5; signer_sha256=a954e0419e34ff0779ef5186f06a985b42fd3db07bb03764aa7ff4bf21931baf; local_apk_present=true; ledger_note=Static capability; no historical push, descriptor, stage, or execution recovered."
Divar,ir.divar,11.13.6,250126010,,2025-02-03T05:41:57Z,"VirusTotal first submission for exact SHA-256, not release date",VirusTotal and existing signed-APK release ledger,https://www.virustotal.com/gui/file/da2828e05e6756d33f700d7db948f457b9a8c62319c112d39bfe397f32eee7e7,exact APK,da2828e05e6756d33f700d7db948f457b9a8c62319c112d39bfe397f32eee7e7,in_window,"archive_url=https://apkpure.net/divar/ir.divar/download/11.13.6; signer_sha256=a954e0419e34ff0779ef5186f06a985b42fd3db07bb03764aa7ff4bf21931baf; local_apk_present=true; ledger_note=Static capability; no historical push, descriptor, stage, or execution recovered."
Divar,ir.divar,11.13.7,250209010,,2025-02-18T10:10:33Z,"VirusTotal first submission for exact SHA-256, not release date",VirusTotal and existing signed-APK release ledger,https://www.virustotal.com/gui/file/28f91e4107cd90d63771b43ae9e8e2aa56784a09cdbfee945ef7fc1fd93a22cb,exact APK,28f91e4107cd90d63771b43ae9e8e2aa56784a09cdbfee945ef7fc1fd93a22cb,in_window,"archive_url=https://apkpure.net/divar/ir.divar/download/11.13.7; signer_sha256=a954e0419e34ff0779ef5186f06a985b42fd3db07bb03764aa7ff4bf21931baf; local_apk_present=true; ledger_note=Static capability; no historical push, descriptor, stage, or execution recovered."
Divar,ir.divar,11.13.8,250302010,,2025-03-10T18:02:48Z,"VirusTotal first submission for exact SHA-256, not release date",VirusTotal and existing signed-APK release ledger,https://www.virustotal.com/gui/file/df2c7fa3f55b2abec34f8e178230dcfd1401edf10f6a9d6e1b4a674ac61c1139,exact APK,df2c7fa3f55b2abec34f8e178230dcfd1401edf10f6a9d6e1b4a674ac61c1139,in_window,"archive_url=https://apkpure.net/divar/ir.divar/download/11.13.8; signer_sha256=a954e0419e34ff0779ef5186f06a985b42fd3db07bb03764aa7ff4bf21931baf; local_apk_present=true; ledger_note=Static capability; no historical push, descriptor, stage, or execution recovered."
Divar,ir.divar,11.13.9,250407010,,2025-04-14T12:03:51+00:00,"VirusTotal first submission for exact SHA-256, not release date",VirusTotal and existing signed-APK release ledger,https://www.virustotal.com/gui/file/7d5b766309ebdbf1cf58a2a8f8a563b3ebf18c66df8d69416de02f01999fb6eb,exact APK,7d5b766309ebdbf1cf58a2a8f8a563b3ebf18c66df8d69416de02f01999fb6eb,in_window,"archive_date=2025-04-14; archive_url=https://divar.en.uptodown.com/android/download/1075635532; signer_sha256=a954e0419e34ff0779ef5186f06a985b42fd3db07bb03764aa7ff4bf21931baf; local_apk_present=true; ledger_note=Static capability only; no historical push, descriptor, stage, or execution recovered. Worker functional skeleton matches other sampled XOR-63 builds."
Divar,ir.divar,11.13.10,250420010,,2025-04-28T19:03:42+00:00,"VirusTotal first submission for exact SHA-256, not release date",VirusTotal and existing signed-APK release ledger,https://www.virustotal.com/gui/file/c8b6a3a01d28ed82372ae33b485eb2b4d115c1f195ca1fa42482bda3b7afef64,exact APK,c8b6a3a01d28ed82372ae33b485eb2b4d115c1f195ca1fa42482bda3b7afef64,in_window,"archive_date=2025-05-03; archive_url=https://divar.en.uptodown.com/android/download/1078218506; signer_sha256=a954e0419e34ff0779ef5186f06a985b42fd3db07bb03764aa7ff4bf21931baf; local_apk_present=true; ledger_note=Static capability only; no historical push, descriptor, stage, or execution recovered. Worker functional skeleton matches other sampled XOR-63 builds."
Divar,ir.divar,11.13.11,250420020,,2025-05-03T16:42:57Z,"VirusTotal first submission for exact SHA-256, not release date",VirusTotal and existing signed-APK release ledger,https://www.virustotal.com/gui/file/9f232774bfacd3bdbac960a2ce957ae619c88db8b836f2136794612f5bfacf5d/details,exact APK,9f232774bfacd3bdbac960a2ce957ae619c88db8b836f2136794612f5bfacf5d,in_window,archive_url=https://apkpure.net/divar/ir.divar/download/11.13.11; signer_sha256=a954e0419e34ff0779ef5186f06a985b42fd3db07bb03764aa7ff4bf21931baf; local_apk_present=true; ledger_note=Sampled removal at the next observed build.
Divar,ir.divar,11.13.12,250504010,,2025-05-12T08:30:19Z,"VirusTotal first submission for exact SHA-256, not release date",VirusTotal and existing signed-APK release ledger,https://www.virustotal.com/gui/file/8c8e7406a745c31cf67bfc44c69262676f86a3e41b6ca6fb2914926600a80b22/details,exact APK,8c8e7406a745c31cf67bfc44c69262676f86a3e41b6ca6fb2914926600a80b22,in_window,"archive_url=https://apkpure.net/divar/ir.divar/download/11.13.12; signer_sha256=a954e0419e34ff0779ef5186f06a985b42fd3db07bb03764aa7ff4bf21931baf; local_apk_present=true; ledger_note=Worker, receiver shortcut and push relay absent."
Divar,ir.divar,11.13.12,250504020,,2025-05-21T21:29:24+00:00,"VirusTotal first submission for exact SHA-256, not release date",VirusTotal and existing signed-APK release ledger,https://www.virustotal.com/gui/file/f13e2dc2db2cde6cbad66da1c3cc0cb3986ba14c8fa3349e751806319a276535,exact APK,f13e2dc2db2cde6cbad66da1c3cc0cb3986ba14c8fa3349e751806319a276535,in_window,"archive_date=2025-07-19; archive_url=https://divar.en.uptodown.com/android/download/1094261650; signer_sha256=a954e0419e34ff0779ef5186f06a985b42fd3db07bb03764aa7ff4bf21931baf; local_apk_present=true; ledger_note=Second distinct 11.13.12 versionCode 250504020; worker absent, sender and receiver shortcuts absent; 41 permissions. Uptodown archive date Jul 19 2025 later than VT first submission May 21 2025; not a release date."
Divar,ir.divar,11.13.13,250518010,,2025-05-26T07:53:14Z,"VirusTotal first submission for exact SHA-256, not release date",VirusTotal and existing signed-APK release ledger,https://www.virustotal.com/gui/file/4a9e9d0553c9fdc2e55af5fd0d2e9853dd61b994681d4137918ca4d9f1f8e6bc,exact APK,4a9e9d0553c9fdc2e55af5fd0d2e9853dd61b994681d4137918ca4d9f1f8e6bc,in_window,archive_url=https://apkpure.net/divar/ir.divar/download/11.13.13; signer_sha256=a954e0419e34ff0779ef5186f06a985b42fd3db07bb03764aa7ff4bf21931baf; local_apk_present=true; ledger_note=Ordinary push_id and callback_url strings persist; no matching relay or worker in this APK.
Divar,ir.divar,11.13.14,250602010,,2025-06-10T19:29:06Z,"VirusTotal first submission for exact SHA-256, not release date",VirusTotal and existing signed-APK release ledger,https://www.virustotal.com/gui/file/0fe66bde25e6af845183e71af22bed9c88052157ebf24efb644e314d974d374f,exact APK,0fe66bde25e6af845183e71af22bed9c88052157ebf24efb644e314d974d374f,in_window,archive_url=https://apkpure.net/divar/ir.divar/download/11.13.14; signer_sha256=a954e0419e34ff0779ef5186f06a985b42fd3db07bb03764aa7ff4bf21931baf; local_apk_present=true; ledger_note=Ordinary push_id and callback_url strings persist; no matching relay or worker in this APK.
Divar,ir.divar,11.13.15,250622010,,2025-06-30T17:21:00Z,"VirusTotal first submission for exact SHA-256, not release date",VirusTotal and existing signed-APK release ledger,https://www.virustotal.com/gui/file/046afaf397d41fe10a670934bb6a6733cecec52513b5e70f2f765897a804b151,exact APK,046afaf397d41fe10a670934bb6a6733cecec52513b5e70f2f765897a804b151,in_window,archive_url=https://apkpure.net/divar/ir.divar/download/11.13.15; signer_sha256=a954e0419e34ff0779ef5186f06a985b42fd3db07bb03764aa7ff4bf21931baf; local_apk_present=true; ledger_note=Ordinary push_id and callback_url strings persist; no matching relay or worker in this APK.
Divar,ir.divar,11.13.16,250707010,,2025-07-14T20:20:50Z,"VirusTotal first submission for exact SHA-256, not release date",VirusTotal and existing signed-APK release ledger,https://www.virustotal.com/gui/file/935a183265a06d50a3e57bdaa4ef56c6a84574f7ef5fdabad250ca227110eaa9,exact APK,935a183265a06d50a3e57bdaa4ef56c6a84574f7ef5fdabad250ca227110eaa9,in_window,archive_url=https://apkpure.net/divar/ir.divar/download/11.13.16; signer_sha256=a954e0419e34ff0779ef5186f06a985b42fd3db07bb03764aa7ff4bf21931baf; local_apk_present=true; ledger_note=Ordinary push_id and callback_url strings persist; no matching relay or worker in this APK.
Divar,ir.divar,11.13.17,250720010,,2025-07-28T01:44:22Z,"VirusTotal first submission for exact SHA-256, not release date",VirusTotal and existing signed-APK release ledger,https://www.virustotal.com/gui/file/3a33d8c8e3ed1ffdc0217a48d0ba7c6495d79fd01584b16746c5c6e6af072932,exact APK,3a33d8c8e3ed1ffdc0217a48d0ba7c6495d79fd01584b16746c5c6e6af072932,in_window,archive_url=https://apkpure.net/divar/ir.divar/download/11.13.17; signer_sha256=a954e0419e34ff0779ef5186f06a985b42fd3db07bb03764aa7ff4bf21931baf; local_apk_present=true; ledger_note=Ordinary push_id and callback_url strings persist; no matching relay or worker in this APK.
Divar,ir.divar,11.13.18,250804010,,2025-08-12T20:46:55Z,"VirusTotal first submission for exact SHA-256, not release date",VirusTotal and existing signed-APK release ledger,https://www.virustotal.com/gui/file/67cc91139d748bda282b577bbcdf27fcd304ccd5948b5db383d0f74c4e36c041,exact APK,67cc91139d748bda282b577bbcdf27fcd304ccd5948b5db383d0f74c4e36c041,in_window,archive_url=https://apkpure.net/divar/ir.divar/download/11.13.18; signer_sha256=a954e0419e34ff0779ef5186f06a985b42fd3db07bb03764aa7ff4bf21931baf; local_apk_present=true; ledger_note=Ordinary push_id and callback_url strings persist; no matching relay or worker in this APK.
Divar,ir.divar,11.13.19,250817010,,2025-09-08T03:57:59Z,"VirusTotal first submission for exact SHA-256, not release date",VirusTotal and existing signed-APK release ledger,https://www.virustotal.com/gui/file/79b9daf09635bc08e80d26c9828f7d647f2a23c33ed1836fb00df70599fa2292,exact APK,79b9daf09635bc08e80d26c9828f7d647f2a23c33ed1836fb00df70599fa2292,in_window,archive_url=https://apkpure.net/divar/ir.divar/download/11.13.19; signer_sha256=a954e0419e34ff0779ef5186f06a985b42fd3db07bb03764aa7ff4bf21931baf; local_apk_present=true; ledger_note=Ordinary push_id and callback_url strings persist; no matching relay or worker in this APK.
Divar,ir.divar,11.13.20,250902010,,2025-09-15T06:23:41Z,"VirusTotal first submission for exact SHA-256, not release date",VirusTotal and existing signed-APK release ledger,https://www.virustotal.com/gui/file/0bac2690dced1ba7fd5f9364eed49985c9fd9a7852ff9f4907313925663efc39,exact APK,0bac2690dced1ba7fd5f9364eed49985c9fd9a7852ff9f4907313925663efc39,in_window,archive_url=https://apkpure.net/divar/ir.divar/download/11.13.20; signer_sha256=a954e0419e34ff0779ef5186f06a985b42fd3db07bb03764aa7ff4bf21931baf; local_apk_present=true; ledger_note=Ordinary push_id and callback_url strings persist; no matching relay or worker in this APK.
Divar,ir.divar,11.14.1,250914010,,2025-09-25T14:03:57Z,VirusTotal first submission UTC,VirusTotal and existing signed-APK release ledger,https://www.virustotal.com/gui/file/296734e5758242cce5ef7a21ef9128c2110abc2f4610a23097ba6b5e8fa9fb45/details,exact APK,296734e5758242cce5ef7a21ef9128c2110abc2f4610a23097ba6b5e8fa9fb45,in_window,archive_date=2025-09-28; archive_url=https://apkpure.net/divar/ir.divar/download/11.14.1; signer_sha256=a954e0419e34ff0779ef5186f06a985b42fd3db07bb03764aa7ff4bf21931baf; local_apk_present=true
Divar,ir.divar,11.14.2,250928010,,2025-10-05T14:36:15Z,VirusTotal first submission UTC,VirusTotal and existing signed-APK release ledger,https://www.virustotal.com/gui/file/73b6fedb0da9a842523b994b20defd01abb163dd24e93d3e730c1091dc04ea7d/details,exact APK,73b6fedb0da9a842523b994b20defd01abb163dd24e93d3e730c1091dc04ea7d,in_window,archive_date=2025-10-10; archive_url=https://apkpure.net/divar/ir.divar/download/11.14.2; signer_sha256=a954e0419e34ff0779ef5186f06a985b42fd3db07bb03764aa7ff4bf21931baf; local_apk_present=true
Divar,ir.divar,11.14.3,251012010,,2025-10-26T20:12:08Z,VirusTotal first submission UTC,VirusTotal and existing signed-APK release ledger,https://www.virustotal.com/gui/file/c1c42fccbdf0d1beb57af0041fe930071462fd9d489a8d02778b76c1b1f52108/details,exact APK,c1c42fccbdf0d1beb57af0041fe930071462fd9d489a8d02778b76c1b1f52108,in_window,archive_date=2025-10-30; archive_url=https://apkpure.net/divar/ir.divar/download/11.14.3; signer_sha256=a954e0419e34ff0779ef5186f06a985b42fd3db07bb03764aa7ff4bf21931baf; local_apk_present=true
Divar,ir.divar,11.14.4,251026020,,2025-11-12T17:37:13Z,VirusTotal first submission UTC,VirusTotal and existing signed-APK release ledger,https://www.virustotal.com/gui/file/2e8b96a6801e4defb4169491e92e00ae9d595d038e7f03bca60ed80a60ca2cb0/details,exact APK,2e8b96a6801e4defb4169491e92e00ae9d595d038e7f03bca60ed80a60ca2cb0,in_window,archive_date=2025-11-13; archive_url=https://apkpure.net/divar/ir.divar/download/11.14.4; signer_sha256=a954e0419e34ff0779ef5186f06a985b42fd3db07bb03764aa7ff4bf21931baf; local_apk_present=true
Divar,ir.divar,11.14.5,251111010,,2025-11-20T12:17:13Z,VirusTotal first submission UTC,VirusTotal and existing signed-APK release ledger,https://www.virustotal.com/gui/file/2d175a904337bd1c9b024e9c1b9bf2accbc9f133988b09ba074ad5c647659aad/details,exact APK,2d175a904337bd1c9b024e9c1b9bf2accbc9f133988b09ba074ad5c647659aad,in_window,signer_sha256=a954e0419e34ff0779ef5186f06a985b42fd3db07bb03764aa7ff4bf21931baf; local_apk_present=true; ledger_note=VT-acquired hash; no exact-hash archive page recorded. Another signed APK hash with this exact displayed version/versionCode is in the ledger.
Divar,ir.divar,11.14.5,251111010,,2025-11-21T00:45:18Z,VirusTotal first submission UTC,VirusTotal and existing signed-APK release ledger,https://www.virustotal.com/gui/file/fa3de3e1240382744814a75f9f4d1f638a98d3afca41d646eb860f3020b675b1/details,exact APK,fa3de3e1240382744814a75f9f4d1f638a98d3afca41d646eb860f3020b675b1,in_window,archive_date=2025-11-21; archive_url=https://divar.en.uptodown.com/android/download/1126157416; signer_sha256=a954e0419e34ff0779ef5186f06a985b42fd3db07bb03764aa7ff4bf21931baf; local_apk_present=true; ledger_note=Another signed APK hash with this exact displayed version/versionCode is in the ledger.
Divar,ir.divar,11.14.6,251125010,,2025-12-03T12:55:06Z,VirusTotal first submission UTC,VirusTotal and existing signed-APK release ledger,https://www.virustotal.com/gui/file/bfd4b3b24f91c942abf947e142d305c1a8ebb80e051ff8a6a48e90053acfca80/details,exact APK,bfd4b3b24f91c942abf947e142d305c1a8ebb80e051ff8a6a48e90053acfca80,in_window,archive_date=2025-12-03; archive_url=https://divar.en.uptodown.com/android/download/1129263249; signer_sha256=a954e0419e34ff0779ef5186f06a985b42fd3db07bb03764aa7ff4bf21931baf; local_apk_present=true
Divar,ir.divar,11.14.7,251209010,,2025-12-16T00:15:57Z,VirusTotal first submission UTC,VirusTotal and existing signed-APK release ledger,https://www.virustotal.com/gui/file/4945f271482a4e45855fab6b5f681019486f7a65807ab7797a54ce3586f24312/details,exact APK,4945f271482a4e45855fab6b5f681019486f7a65807ab7797a54ce3586f24312,in_window,archive_date=2025-12-16; archive_url=https://divar.en.uptodown.com/android/download/1132448680; signer_sha256=a954e0419e34ff0779ef5186f06a985b42fd3db07bb03764aa7ff4bf21931baf; local_apk_present=true
Divar,ir.divar,11.14.8,251223010,,2026-01-05T16:16:10Z,VirusTotal first submission UTC,VirusTotal and existing signed-APK release ledger,https://www.virustotal.com/gui/file/468c06a9741ccdb904c0dce898c2109d7d244c1459460c67593b84abffeab94d/details,exact APK,468c06a9741ccdb904c0dce898c2109d7d244c1459460c67593b84abffeab94d,in_window,archive_date=2026-01-05; archive_url=https://divar.en.uptodown.com/android/download/1137198676; signer_sha256=a954e0419e34ff0779ef5186f06a985b42fd3db07bb03764aa7ff4bf21931baf; local_apk_present=true
Divar,ir.divar,11.14.8.1,260113000,,2026-01-23T20:44:18Z,VirusTotal first submission UTC,VirusTotal and existing signed-APK release ledger,https://www.virustotal.com/gui/file/c6ef7533fb6df169d09508f8a7d44ab1c3437430b05a5fe1fd542d7e050c17ee/details,exact APK,c6ef7533fb6df169d09508f8a7d44ab1c3437430b05a5fe1fd542d7e050c17ee,in_window,archive_date=2026-01-23; archive_url=https://divar.en.uptodown.com/android/download/1141490954; signer_sha256=a954e0419e34ff0779ef5186f06a985b42fd3db07bb03764aa7ff4bf21931baf; local_apk_present=true
Divar,ir.divar,11.14.9,260127010,,2026-02-02T20:15:51Z,VirusTotal first submission UTC,VirusTotal and existing signed-APK release ledger,https://www.virustotal.com/gui/file/1636d586bd89ae68cf9d8214b3ab31ddda60f3c05b8b4a4eed724520f2cc7bad/details,exact APK,1636d586bd89ae68cf9d8214b3ab31ddda60f3c05b8b4a4eed724520f2cc7bad,in_window,archive_date=2026-02-02; archive_url=https://divar.en.uptodown.com/android/download/1144189548; signer_sha256=a954e0419e34ff0779ef5186f06a985b42fd3db07bb03764aa7ff4bf21931baf; local_apk_present=true
Divar,ir.divar,11.14.10,260208010,,2026-02-24T09:24:57Z,VirusTotal first submission UTC,VirusTotal and existing signed-APK release ledger,https://www.virustotal.com/gui/file/9e6a9955d9b6e1db5636d4213c386944da8e740170f4e6159b2ecb202decb0db/details,exact APK,9e6a9955d9b6e1db5636d4213c386944da8e740170f4e6159b2ecb202decb0db,in_window,archive_date=2026-02-24; archive_url=https://divar.en.uptodown.com/android/download/1149258291; signer_sha256=a954e0419e34ff0779ef5186f06a985b42fd3db07bb03764aa7ff4bf21931baf; local_apk_present=true
Divar,ir.divar,11.14.11,260303010,,2026-03-20T09:53:07Z,VirusTotal first submission UTC,VirusTotal and existing signed-APK release ledger,https://www.virustotal.com/gui/file/c0b2074818d089cd18bc1b00b62d8999f889eb39b2f03f0923496c9fbc3ca929/details,exact APK,c0b2074818d089cd18bc1b00b62d8999f889eb39b2f03f0923496c9fbc3ca929,in_window,archive_date=2026-03-20; archive_url=https://divar.en.uptodown.com/android/download/1155464166; signer_sha256=a954e0419e34ff0779ef5186f06a985b42fd3db07bb03764aa7ff4bf21931baf; local_apk_present=true; ledger_note=Another signed APK hash with this exact displayed version/versionCode is in the ledger.
Divar,ir.divar,11.14.12,260428010,,2026-05-24T21:50:07Z,VirusTotal first submission UTC,VirusTotal and existing signed-APK release ledger,https://www.virustotal.com/gui/file/85b3a2826986f61b583475a9f88570b082cc4e5cae30f409117bf9bbc750ece1/details,exact APK,85b3a2826986f61b583475a9f88570b082cc4e5cae30f409117bf9bbc750ece1,in_window,archive_date=2026-05-24; archive_url=https://divar.en.uptodown.com/android/download/1173200472; signer_sha256=a954e0419e34ff0779ef5186f06a985b42fd3db07bb03764aa7ff4bf21931baf; local_apk_present=true
Divar,ir.divar,11.14.12.1,260428020,,2026-05-28T11:28:14Z,VirusTotal first submission UTC,VirusTotal and existing signed-APK release ledger,https://www.virustotal.com/gui/file/152c788fd27af2d9115d55bc1e18d8ea70dca107a2747dabe74576041b77fac9/details,exact APK,152c788fd27af2d9115d55bc1e18d8ea70dca107a2747dabe74576041b77fac9,in_window,archive_date=2026-05-28; archive_url=https://divar.en.uptodown.com/android/download/1174233361; signer_sha256=a954e0419e34ff0779ef5186f06a985b42fd3db07bb03764aa7ff4bf21931baf; local_apk_present=true; ledger_note=Another signed APK hash with this exact displayed version/versionCode is in the ledger.
Divar,ir.divar,11.14.11,260303010,,2026-05-29T00:58:06Z,VirusTotal first submission UTC,VirusTotal and existing signed-APK release ledger,https://www.virustotal.com/gui/file/fba2441f0030de7392d9e30e2ff629bd1e1d7cf9aa3cfc522e8d85330d7f191c/details,exact APK,fba2441f0030de7392d9e30e2ff629bd1e1d7cf9aa3cfc522e8d85330d7f191c,in_window,signer_sha256=a954e0419e34ff0779ef5186f06a985b42fd3db07bb03764aa7ff4bf21931baf; local_apk_present=true; ledger_note=VT-acquired hash; no exact-hash archive page recorded. Another signed APK hash with this exact displayed version/versionCode is in the ledger.
Divar,ir.divar,11.14.13,260526010,,2026-06-02T10:04:12Z,VirusTotal first submission UTC,VirusTotal and existing signed-APK release ledger,https://www.virustotal.com/gui/file/66ff5f83890dffc39c1920e09f49a6d56a68f7ea196765fc4af3e94e75433e38/details,exact APK,66ff5f83890dffc39c1920e09f49a6d56a68f7ea196765fc4af3e94e75433e38,in_window,archive_date=2026-06-02; archive_url=https://divar.en.uptodown.com/android/download/1175914180; signer_sha256=a954e0419e34ff0779ef5186f06a985b42fd3db07bb03764aa7ff4bf21931baf; local_apk_present=true
Divar,ir.divar,11.14.14,260609010,,2026-06-19T01:53:18Z,VirusTotal first submission UTC,VirusTotal and existing signed-APK release ledger,https://www.virustotal.com/gui/file/38052e14d4d68bb0ded3547165c6173e4b42ff4e691c4d9b51cbd3dfd84602a6/details,exact APK,38052e14d4d68bb0ded3547165c6173e4b42ff4e691c4d9b51cbd3dfd84602a6,in_window,archive_date=2026-06-19; archive_url=https://divar.en.uptodown.com/android/download/1181341152; signer_sha256=a954e0419e34ff0779ef5186f06a985b42fd3db07bb03764aa7ff4bf21931baf; local_apk_present=true; ledger_note=Another signed APK hash with this exact displayed version/versionCode is in the ledger.
Divar,ir.divar,11.14.14,260609010,,2026-06-27T00:14:43Z,VirusTotal first submission UTC,VirusTotal and existing signed-APK release ledger,https://www.virustotal.com/gui/file/aa804483289b5ab650d0cca9d6a74a700c921e48e2be67a831f8078953f9e203/details,exact APK,aa804483289b5ab650d0cca9d6a74a700c921e48e2be67a831f8078953f9e203,in_window,signer_sha256=a954e0419e34ff0779ef5186f06a985b42fd3db07bb03764aa7ff4bf21931baf; local_apk_present=true; ledger_note=VT-acquired hash; no exact-hash archive page recorded. Another signed APK hash with this exact displayed version/versionCode is in the ledger.
Divar,ir.divar,11.14.15-b,260623010,b,2026-07-03T02:45:53Z,VirusTotal first submission UTC,VirusTotal and existing signed-APK release ledger,https://www.virustotal.com/gui/file/9c02f4467d5495bdcdd2c9783a496d665ba128a81f6793e7018e8b59382b4a6f/details,exact APK,9c02f4467d5495bdcdd2c9783a496d665ba128a81f6793e7018e8b59382b4a6f,in_window,archive_date=2026-07-03; archive_url=https://divar.en.uptodown.com/android/download/1185373275; signer_sha256=a954e0419e34ff0779ef5186f06a985b42fd3db07bb03764aa7ff4bf21931baf; local_apk_present=true; ledger_note=Another signed APK hash with this exact displayed version/versionCode is in the ledger.
Divar,ir.divar,11.14.15-b,260623010,b,2026-07-13T01:07:29Z,VirusTotal first submission UTC,VirusTotal and existing signed-APK release ledger,https://www.virustotal.com/gui/file/59cb24def61fd2e691caee9603d8467f52f2a8efe29df17cb3fa60bf58a20d2a/details,exact APK,59cb24def61fd2e691caee9603d8467f52f2a8efe29df17cb3fa60bf58a20d2a,in_window,signer_sha256=a954e0419e34ff0779ef5186f06a985b42fd3db07bb03764aa7ff4bf21931baf; local_apk_present=true; ledger_note=VT-acquired hash; no exact-hash archive page recorded. Another signed APK hash with this exact displayed version/versionCode is in the ledger.
Divar,ir.divar,11.14.12.1,260428020,,2026-07-14T13:40:23Z,VirusTotal first submission UTC,VirusTotal and existing signed-APK release ledger,https://www.virustotal.com/gui/file/2ee97235aa6e8b46d1a38713b936a542338f96b0f590b3cb747ddccc6cd69848/details,exact APK,2ee97235aa6e8b46d1a38713b936a542338f96b0f590b3cb747ddccc6cd69848,in_window,signer_sha256=a954e0419e34ff0779ef5186f06a985b42fd3db07bb03764aa7ff4bf21931baf; local_apk_present=true; ledger_note=VT-acquired hash; no exact-hash archive page recorded. Another signed APK hash with this exact displayed version/versionCode is in the ledger.
Divar,ir.divar,11.14.16-b,260707010,b,2026-07-17T22:31:25Z,VirusTotal first submission UTC,VirusTotal and existing signed-APK release ledger,https://www.virustotal.com/gui/file/23153f14683f6671043062ba1893bdc74c2e781c56d4ded05c650b7b65273065/details,exact APK,23153f14683f6671043062ba1893bdc74c2e781c56d4ded05c650b7b65273065,in_window,archive_date=2026-07-17; archive_url=https://divar.en.uptodown.com/android/download/1189498792; signer_sha256=a954e0419e34ff0779ef5186f06a985b42fd3db07bb03764aa7ff4bf21931baf; local_apk_present=true; ledger_note=Another signed APK hash with this exact displayed version/versionCode is in the ledger.
Divar,ir.divar,11.14.16-w,260707010,w,2026-07-23T16:38:03Z,VirusTotal first submission UTC,VirusTotal and existing signed-APK release ledger,https://www.virustotal.com/gui/file/0b871191a74983326cecfbf06ac6e954fb2fd6a62d9d54b9a1c1f27f5a105037/details,exact APK,0b871191a74983326cecfbf06ac6e954fb2fd6a62d9d54b9a1c1f27f5a105037,in_window,signer_sha256=a954e0419e34ff0779ef5186f06a985b42fd3db07bb03764aa7ff4bf21931baf; local_apk_present=true; ledger_note=VT-acquired hash; no exact-hash archive page recorded.
Divar,ir.divar,11.14.16-b,260707010,b,2026-07-24T12:03:18Z,VirusTotal first submission UTC,VirusTotal and existing signed-APK release ledger,https://www.virustotal.com/gui/file/a49165d7493128f71c20f96f1c02e573dfc6c16c631fb2b69dd2ba7d41ee9f85/details,exact APK,a49165d7493128f71c20f96f1c02e573dfc6c16c631fb2b69dd2ba7d41ee9f85,in_window,signer_sha256=a954e0419e34ff0779ef5186f06a985b42fd3db07bb03764aa7ff4bf21931baf; local_apk_present=true; ledger_note=VT-acquired hash; no exact-hash archive page recorded. Another signed APK hash with this exact displayed version/versionCode is in the ledger.
Divar,ir.divar,11.14.17-b,260721010,b,2026-07-29T22:19:20Z,VirusTotal first submission UTC,VirusTotal and existing signed-APK release ledger,https://www.virustotal.com/gui/file/0b194dab7e4600fb9e04d3c9828025ae650ed463f49f58e24f44db94a8cc3108/details,exact APK,0b194dab7e4600fb9e04d3c9828025ae650ed463f49f58e24f44db94a8cc3108,in_window,archive_date=2026-07-29; archive_url=https://divar.en.uptodown.com/android/download/1194354942; signer_sha256=a954e0419e34ff0779ef5186f06a985b42fd3db07bb03764aa7ff4bf21931baf; local_apk_present=true; ledger_note=Another signed APK hash with this exact displayed version/versionCode is in the ledger.
Divar,ir.divar,11.14.17-w,260721010,w,2026-07-30T02:43:13Z,VirusTotal first submission UTC,VirusTotal and existing signed-APK release ledger,https://www.virustotal.com/gui/file/2766aaf153f586ba7814812d7abef12cab46e9b9a72fcec344412f11a8e13238/details,exact APK,2766aaf153f586ba7814812d7abef12cab46e9b9a72fcec344412f11a8e13238,in_window,signer_sha256=a954e0419e34ff0779ef5186f06a985b42fd3db07bb03764aa7ff4bf21931baf; local_apk_present=true; ledger_note=VT-acquired hash; no exact-hash archive page recorded.
Divar,ir.divar,11.14.17-b,260721010,b,2026-08-04T23:42:29Z,VirusTotal first submission UTC,VirusTotal and existing signed-APK release ledger,https://www.virustotal.com/gui/file/5226e1a1b8884c06904fc592eba51cf6412d71a139ee5e552d803fbedc26ea60/details,exact APK,5226e1a1b8884c06904fc592eba51cf6412d71a139ee5e552d803fbedc26ea60,in_window,signer_sha256=a954e0419e34ff0779ef5186f06a985b42fd3db07bb03764aa7ff4bf21931baf; local_apk_present=true; ledger_note=VT-acquired hash; no exact-hash archive page recorded. Another signed APK hash with this exact displayed version/versionCode is in the ledger.
Divar,ir.divar,11.14.18-b,260805010,b,2026-08-15T07:48:04Z,VirusTotal first submission UTC,VirusTotal and existing signed-APK release ledger,https://www.virustotal.com/gui/file/f10f785165adba3c8165f27576755305c970ea58807eb3c10007cb0ba48996a8/details,exact APK,f10f785165adba3c8165f27576755305c970ea58807eb3c10007cb0ba48996a8,in_window,archive_date=2026-08-15; archive_url=https://divar.en.uptodown.com/android/download/1201856958; signer_sha256=a954e0419e34ff0779ef5186f06a985b42fd3db07bb03764aa7ff4bf21931baf; local_apk_present=true; ledger_note=Another signed APK hash with this exact displayed version/versionCode is in the ledger.
Divar,ir.divar,11.14.18-b,260805010,b,2026-08-20T14:12:05Z,VirusTotal first submission UTC,VirusTotal and existing signed-APK release ledger,https://www.virustotal.com/gui/file/51ddae42e93fa7f690ba5adc9bb9de39b57ac1a3f719dcb798e383ba61897000/details,exact APK,51ddae42e93fa7f690ba5adc9bb9de39b57ac1a3f719dcb798e383ba61897000,in_window,signer_sha256=a954e0419e34ff0779ef5186f06a985b42fd3db07bb03764aa7ff4bf21931baf; local_apk_present=true; ledger_note=VT-acquired hash; no exact-hash archive page recorded. Another signed APK hash with this exact displayed version/versionCode is in the ledger.
Divar,ir.divar,11.14.18-w,260805010,w,2026-08-24T07:20:42Z,VirusTotal first submission UTC,VirusTotal and existing signed-APK release ledger,https://www.virustotal.com/gui/file/c8e510f6dbed5d041baeb0b6c54a7aea4311a009ff2266396246657ba14b3c39/details,exact APK,c8e510f6dbed5d041baeb0b6c54a7aea4311a009ff2266396246657ba14b3c39,in_window,signer_sha256=a954e0419e34ff0779ef5186f06a985b42fd3db07bb03764aa7ff4bf21931baf; local_apk_present=true; ledger_note=VT-acquired hash; no exact-hash archive page recorded.
Divar,ir.divar,11.14.19.1-b,260818020,b,2026-08-27T16:08:38Z,VirusTotal first submission UTC,VirusTotal and existing signed-APK release ledger,https://www.virustotal.com/gui/file/5e9b34e256da8d4a2c8315d99885f9eb0cdfbb0bcb7338d13758974dc8bae660/details,exact APK,5e9b34e256da8d4a2c8315d99885f9eb0cdfbb0bcb7338d13758974dc8bae660,in_window,archive_date=2026-08-27; archive_url=https://divar.en.uptodown.com/android/download/1207472399; signer_sha256=a954e0419e34ff0779ef5186f06a985b42fd3db07bb03764aa7ff4bf21931baf; local_apk_present=true; ledger_note=Another signed APK hash with this exact displayed version/versionCode is in the ledger.
Divar,ir.divar,11.14.19-b,260818010,b,2026-08-29T12:43:23Z,VirusTotal first submission UTC,VirusTotal and existing signed-APK release ledger,https://www.virustotal.com/gui/file/de294c3e2d681e8acbe1f5e673e709a781dbe53bf213d9ac64b06648c6e63cc1/details,exact APK,de294c3e2d681e8acbe1f5e673e709a781dbe53bf213d9ac64b06648c6e63cc1,in_window,archive_date=2026-08-29; archive_url=https://divar.en.uptodown.com/android/download/1208328702; signer_sha256=a954e0419e34ff0779ef5186f06a985b42fd3db07bb03764aa7ff4bf21931baf; local_apk_present=true; ledger_note=No push relay in parsed handler; API header interceptor remains wired.
Divar,ir.divar,11.14.19.1-b,260818020,b,2026-09-02T02:13:15Z,VirusTotal first submission UTC,VirusTotal and existing signed-APK release ledger,https://www.virustotal.com/gui/file/30b7fedb289fe6413554bf4597765820a508b47225e1282afe304f1c6e554467/details,exact APK,30b7fedb289fe6413554bf4597765820a508b47225e1282afe304f1c6e554467,in_window,signer_sha256=a954e0419e34ff0779ef5186f06a985b42fd3db07bb03764aa7ff4bf21931baf; local_apk_present=true; ledger_note=VT-acquired hash; no exact-hash archive page recorded. Another signed APK hash with this exact displayed version/versionCode is in the ledger.
Divar,ir.divar,11.14.19.1-w,260818020,w,2026-09-06T04:54:48Z,VirusTotal first submission UTC,VirusTotal and existing signed-APK release ledger,https://www.virustotal.com/gui/file/9445d614ec7fbaf697d4ca4bdd8a4f28f71e36eb9584507bb77d1299197364a3/details,exact APK,9445d614ec7fbaf697d4ca4bdd8a4f28f71e36eb9584507bb77d1299197364a3,in_window,signer_sha256=a954e0419e34ff0779ef5186f06a985b42fd3db07bb03764aa7ff4bf21931baf; local_apk_present=true; ledger_note=VT-acquired hash; no exact-hash archive page recorded.
Divar,ir.divar,11.14.20-b,260901010,b,2026-09-10T12:17:37Z,VirusTotal first submission UTC,VirusTotal and existing signed-APK release ledger,https://www.virustotal.com/gui/file/cdaf0bf256269eec249787299b5ebb7058f3944c86b14debfa41f9c263ad17da/details,exact APK,cdaf0bf256269eec249787299b5ebb7058f3944c86b14debfa41f9c263ad17da,in_window,archive_date=2026-09-10; archive_url=https://divar.en.uptodown.com/android/download/1213694753; signer_sha256=a954e0419e34ff0779ef5186f06a985b42fd3db07bb03764aa7ff4bf21931baf; local_apk_present=true; ledger_note=Another signed APK hash with this exact displayed version/versionCode is in the ledger.
Divar,ir.divar,11.14.20-b,260901010,b,2026-09-11T04:00:22Z,VirusTotal first submission UTC,VirusTotal and existing signed-APK release ledger,https://www.virustotal.com/gui/file/51ec88944c7e79deb488ca2c91e1f131ac537a26a4affb0eb026115b06b0fc8f/details,exact APK,51ec88944c7e79deb488ca2c91e1f131ac537a26a4affb0eb026115b06b0fc8f,in_window,signer_sha256=a954e0419e34ff0779ef5186f06a985b42fd3db07bb03764aa7ff4bf21931baf; local_apk_present=true; ledger_note=VT-acquired hash; no exact-hash archive page recorded. Another signed APK hash with this exact displayed version/versionCode is in the ledger.
Divar,ir.divar,11.14.20-w,260901010,w,2026-09-14T08:20:17Z,VirusTotal first submission UTC,VirusTotal and existing signed-APK release ledger,https://www.virustotal.com/gui/file/bbcb365f04373f6ef2546186f4ebe21efcf161f1908b5f922242af5d34678be1/details,exact APK,bbcb365f04373f6ef2546186f4ebe21efcf161f1908b5f922242af5d34678be1,in_window,signer_sha256=a954e0419e34ff0779ef5186f06a985b42fd3db07bb03764aa7ff4bf21931baf; local_apk_present=true; ledger_note=VT-acquired hash; no exact-hash archive page recorded.
Divar,ir.divar,11.15.0-w,260921010,w,2026-09-22T13:21:24Z,VirusTotal first submission UTC,VirusTotal and existing signed-APK release ledger,https://www.virustotal.com/gui/file/2c57177e254ec914883a2ed33716e703fad1e2cd21f022332b79a06667852db8/details,exact APK,2c57177e254ec914883a2ed33716e703fad1e2cd21f022332b79a06667852db8,in_window,archive_date=2026-09-22; archive_url=https://divar.en.uptodown.com/android/download/1218271163; signer_sha256=a954e0419e34ff0779ef5186f06a985b42fd3db07bb03764aa7ff4bf21931baf; local_apk_present=true; ledger_note=Known chain absent in sampled APK; no broader clean bill or release-time inference.
Divar,ir.divar,11.15.0-b,260921010,b,2026-10-03T18:42:56Z,VirusTotal first submission UTC,VirusTotal and existing signed-APK release ledger,https://www.virustotal.com/gui/file/7d2f2dbea3b6066971275c9269b16705265b576a6cf349d5c8df3490d8c19274/details,exact APK,7d2f2dbea3b6066971275c9269b16705265b576a6cf349d5c8df3490d8c19274,in_window,signer_sha256=a954e0419e34ff0779ef5186f06a985b42fd3db07bb03764aa7ff4bf21931baf; local_apk_present=true; ledger_note=Known chain absent in sampled APK; no broader clean bill or release-time inference. VT-acquired hash; no exact-hash archive page recorded.
Rubika,app.rbmain.a,3.6.4,,,2024-01-21,third_party_reported_store_last_update_date,Certfa,https://certfa.com/lab/android-app/sha1/dc70156038e32e2941d0a00442659ec0df3dd3d1/,sample analysis metadata; bytes not acquired,,in_window,Certfa reports the app last-update field as 01 Bahman 1402 and a 75.4 MB sample; its 32-hex checksum is not SHA-256. This is stronger evidence for the real app than PGYER’s 9.8 KB record.
Rubika,app.rbmain.a,3.6.4,364,,2024-07-12,third_party_build_page_publish_date,PGYER,https://www.pgyer.com/app/build/ykb0w7viss,build-page metadata; APK availability and identity not verified from bytes,,in_window,"PGYER build page associates package and version, but displays a suspicious ~9.8 KB file. Treat as a lead, not an acquired application APK."
Rubika,app.rbmain.a,3.7.3,,,2024-07-21,third_party_reported_store_last_update_date,Certfa,https://certfa.com/lab/android-app/sha1/60efafb94adcdb16f7a7ea80b760c80827669e88/,sample analysis metadata; bytes not acquired,,in_window,Certfa reports the app last-update field as 31 Tir 1403 and a sample checksum that is 32 hex characters (not SHA-256); report publication/analysis date is not shown.
Rubika,app.rbmain.a,3.9.8,,,2025-10-29,store_last_update_date,Myket,https://myket.ir/app/app.rbmain.a,store APK listing; bytes not acquired,,in_window,Myket reports 1404/08/07. The listing is older than the Bazaar 4.1.1 entry; channel histories can differ.
Rubika,app.rbmain.a,4.0.5,,,2026-08-23,third_party_reported_update_date,Yekmod search-index snapshot,https://www.yekmod.com/rubika/,cached third-party APK listing; live page overwritten; bytes not acquired,,in_window,Search index preserved a cached page explicitly pairing 4.0.5 with app.rbmain.a on 1 Shahrivar 1405. The live URL now shows 4.1.1; acquire archive snapshot or APK before byte-level audit.
Rubika,app.rbmain.a,4.1.1,,,2026-09-20,store_last_update_date,Café Bazaar,https://cafebazaar.ir/app/app.rbmain.a,store APK listing; bytes not acquired,,in_window,"Bazaar reports 29 Shahrivar 1405; date is a store field, not independently confirmed developer release."
Rubika,app.rbmain.a,3.0.7,,,,undated_package_specific_archive_listing,PGYER,https://www.pgyer.com/apk/apk/app.rbmain.a/download,package-specific archive metadata; bytes not acquired,,undated_unknown,"Version is listed under package-specific archive; no usable release date, build code, SHA-256, or verified APK bytes. PGYER displays 1970 placeholders for some records."
Rubika,app.rbmain.a,3.1.1,,,,undated_package_specific_archive_listing,PGYER,https://www.pgyer.com/apk/apk/app.rbmain.a/download,package-specific archive metadata; bytes not acquired,,undated_unknown,"Version is listed under package-specific archive; no usable release date, build code, SHA-256, or verified APK bytes. PGYER displays 1970 placeholders for some records."
Rubika,app.rbmain.a,3.3.2,,,,undated_package_specific_archive_listing,PGYER,https://www.pgyer.com/apk/apk/app.rbmain.a/download,package-specific archive metadata; bytes not acquired,,undated_unknown,"Version is listed under package-specific archive; no usable release date, build code, SHA-256, or verified APK bytes. PGYER displays 1970 placeholders for some records."
Eitaa,ir.eitaa.messenger,6.2,24401,,2023-03-05,third_party_filename_date,Salehi786 Telegram archive,https://tx.me/s/Salehi786?after=5970,Telegram APK attachment claimed; package/signature not read,,in_window,Filename Eitaa Messenger 6.2 _24401 - 1401.12.14 .apk; 24401 may be uploader naming and is not manifest-confirmed. Another repost uses 2440.
Eitaa,ir.eitaa.messenger,6.3.1,2451,,2023-08-28,third_party_reported_update_date,SalehiApps Telegram archive,https://t.me/s/SalehiApps?before=1091&q=%23%D9%86%D8%B3%D8%AE%D9%87_%D8%AC%D8%AF%DB%8C%D8%AF_%D8%A7%DB%8C%D8%AA%D8%A7,Telegram APK attachment claimed; package/signature not read,,in_window,Filename eitaa-6.3.1(2451).apk; build code parsed from filename only. Repost claims 6 Shahrivar 1402.
Eitaa,ir.eitaa.messenger,6.3.4,,,2023-09-02,third_party_reported_store_last_update_date,Certfa,https://certfa.com/lab/android-app/sha1/237643bada0063c05b94e307c43fe0292758cd14/,sample analysis metadata; bytes not acquired,,in_window,Certfa reports the app last-update field as 11 Shahrivar 1402; 32-hex checksum is not SHA-256.
Eitaa,ir.eitaa.messenger,6.3.7,,,2023-11-02,third_party_reported_store_last_update_date,Certfa,https://certfa.com/lab/android-app/sha1/f0d84fc1b8c9b3fc8afb658ce27a0fa4340f741c/,sample analysis metadata; bytes not acquired,,in_window,Certfa reports the app last-update field as 11 Aban 1402; report publication/analysis date is not shown.
Eitaa,ir.eitaa.messenger,6.4.14,,,2024-02-29,third_party_reported_update_date,SalehiApps Telegram archive,https://t.me/s/SalehiApps?before=1091&q=%23%D9%86%D8%B3%D8%AE%D9%87_%D8%AC%D8%AF%DB%8C%D8%AF_%D8%A7%DB%8C%D8%AA%D8%A7,Telegram APK attachment claimed; package/signature not read,,in_window,Repost claims Eitaa version update 10 Esfand 1402.
Eitaa,ir.eitaa.messenger,6.6.2,,,2025-05-18,third_party_reported_update_date,SalehiApps Telegram archive,https://t.me/s/SalehiApps?before=1091&q=%23%D9%86%D8%B3%D8%AE%D9%87_%D8%AC%D8%AF%DB%8C%D8%AF_%D8%A7%DB%8C%D8%AA%D8%A7,Telegram APK attachment claimed; package/signature not read,,in_window,Repost claims Eitaa version update 28 Ordibehesht 1404.
Eitaa,ir.eitaa.messenger,6.7.10,,,2026-06-06,third_party_reported_update_date,SalehiApps Telegram archive,https://telegram.me/s/SalehiApps?after=1170,Telegram APK attachment claimed; package/signature not read,,in_window,Repost says 16 Khordad 1405; page also contains a later general update timestamp.
Eitaa,ir.eitaa.messenger,7.1,,,2026-08-29,third_party_reported_update_date,SalehiApps Telegram archive,https://telegram.me/s/SalehiApps?after=1170,Telegram APK attachment claimed; package/signature not read,,in_window,Repost says official-site update on 7 Shahrivar 1405; exact package remains to be checked from file bytes.
Eitaa,ir.eitaa.messenger,7.1.2,,,2026-09-13,store_last_update_date,Myket,https://myket.ir/app/ir.eitaa.messenger,store APK listing; bytes not acquired,,in_window,Myket reports 1405/06/22; store date is not an independently confirmed developer release date.
Eitaa,ir.eitaa.messenger,4.2,,,,undated_package_specific_archive_listing,PGYER,https://www.pgyer.com/apk/apk/ir.eitaa.messenger/download,package-specific archive metadata; bytes not acquired,,undated_unknown,"PGYER lists 4.2 under the exact package but provides no reliable date or code; publisher label StartAd App is inconsistent with the official developer and requires extra verification. A separate community repost filename says 4.2(1656), not manifest-confirmed."
Snapp,cab.snapp.passenger,2.6.4,,Snapp passenger historical baseline,2016-10-19,APKCombo archive date; release date unverified,apkcombo.com,https://apkcombo.com/snapp-%D8%A7%D8%B3%D9%86%D9%BE/cab.snapp.passenger/old-versions/,APK listed; bytes not acquired,,pre_2023_baseline,Early isolated archive observation. No continuity implied across the 2017–2024 archive gap.
Snapp,cab.snapp.passenger,2.6.5,,Snapp passenger historical baseline,2016-11-06,APKCombo archive date; release date unverified,apkcombo.com,https://apkcombo.com/snapp-%D8%A7%D8%B3%D9%86%D9%BE/cab.snapp.passenger/old-versions/,APK listed; bytes not acquired,,pre_2023_baseline,Early isolated archive observation. No continuity implied across the 2017–2024 archive gap.
Snapp,cab.snapp.passenger,3.0.0,,Snapp passenger historical baseline,2016-12-07,APKCombo archive date; release date unverified,apkcombo.com,https://apkcombo.com/snapp-%D8%A7%D8%B3%D9%86%D9%BE/cab.snapp.passenger/old-versions/,APK listed; bytes not acquired,,pre_2023_baseline,Early isolated archive observation. No continuity implied across the 2017–2024 archive gap.
Snapp,cab.snapp.passenger,3.0.1,,Snapp passenger historical baseline,2016-12-08,APKCombo archive date; release date unverified,apkcombo.com,https://apkcombo.com/snapp-%D8%A7%D8%B3%D9%86%D9%BE/cab.snapp.passenger/old-versions/,APK listed; bytes not acquired,,pre_2023_baseline,Early isolated archive observation. No continuity implied across the 2017–2024 archive gap.
Snapp,cab.snapp.passenger,3.0.2,,Snapp passenger historical baseline,2016-12-10,APKCombo archive date; release date unverified,apkcombo.com,https://apkcombo.com/snapp-%D8%A7%D8%B3%D9%86%D9%BE/cab.snapp.passenger/old-versions/,APK listed; bytes not acquired,,pre_2023_baseline,Early isolated archive observation. No continuity implied across the 2017–2024 archive gap.
Snapp,cab.snapp.passenger,3.1.0,,Snapp passenger historical baseline,2017-01-08,APKCombo archive date; release date unverified,apkcombo.com,https://apkcombo.com/snapp-%D8%A7%D8%B3%D9%86%D9%BE/cab.snapp.passenger/old-versions/,APK listed; bytes not acquired,,pre_2023_baseline,Early isolated archive observation. No continuity implied across the 2017–2024 archive gap.
Snapp,cab.snapp.passenger,3.1.1,,Snapp passenger historical baseline,2017-01-09,APKCombo archive date; release date unverified,apkcombo.com,https://apkcombo.com/snapp-%D8%A7%D8%B3%D9%86%D9%BE/cab.snapp.passenger/old-versions/,APK listed; bytes not acquired,,pre_2023_baseline,Early isolated archive observation. No continuity implied across the 2017–2024 archive gap.
Snapp,cab.snapp.passenger,3.1.2,,Snapp passenger historical baseline,2017-01-25,APKCombo archive date; release date unverified,apkcombo.com,https://apkcombo.com/snapp-%D8%A7%D8%B3%D9%86%D9%BE/cab.snapp.passenger/old-versions/,APK listed; bytes not acquired,,pre_2023_baseline,Early isolated archive observation. No continuity implied across the 2017–2024 archive gap.
Snapp,cab.snapp.passenger,3.1.3,,Snapp passenger historical baseline,2017-02-14,APKCombo archive date; release date unverified,apkcombo.com,https://apkcombo.com/snapp-%D8%A7%D8%B3%D9%86%D9%BE/cab.snapp.passenger/old-versions/,APK listed; bytes not acquired,,pre_2023_baseline,Early isolated archive observation. No continuity implied across the 2017–2024 archive gap.
Snapp,cab.snapp.passenger,3.2.0,,Snapp passenger historical baseline,2017-03-07,APKCombo archive date; release date unverified,apkcombo.com,https://apkcombo.com/snapp-%D8%A7%D8%B3%D9%86%D9%BE/cab.snapp.passenger/old-versions/,APK listed; bytes not acquired,,pre_2023_baseline,Early isolated archive observation. No continuity implied across the 2017–2024 archive gap.
Snapp,cab.snapp.passenger,3.2.1,,Snapp passenger historical baseline,2017-03-09,APKCombo archive date; release date unverified,apkcombo.com,https://apkcombo.com/snapp-%D8%A7%D8%B3%D9%86%D9%BE/cab.snapp.passenger/old-versions/,APK listed; bytes not acquired,,pre_2023_baseline,Early isolated archive observation. No continuity implied across the 2017–2024 archive gap.
Snapp,cab.snapp.passenger,3.2.2,,Snapp passenger historical baseline,2017-03-15,APKCombo archive date; release date unverified,apkcombo.com,https://apkcombo.com/snapp-%D8%A7%D8%B3%D9%86%D9%BE/cab.snapp.passenger/old-versions/,APK listed; bytes not acquired,,pre_2023_baseline,Early isolated archive observation. No continuity implied across the 2017–2024 archive gap.
Snapp,cab.snapp.passenger,3.3.2,,Snapp passenger historical baseline,2017-06-21,APKCombo archive date; release date unverified,apkcombo.com,https://apkcombo.com/snapp-%D8%A7%D8%B3%D9%86%D9%BE/cab.snapp.passenger/old-versions/,APK listed; bytes not acquired,,pre_2023_baseline,Early isolated archive observation. No continuity implied across the 2017–2024 archive gap.
Snapp,cab.snapp.passenger,3.3.3,,Snapp passenger historical baseline,2017-06-22,APKCombo archive date; release date unverified,apkcombo.com,https://apkcombo.com/snapp-%D8%A7%D8%B3%D9%86%D9%BE/cab.snapp.passenger/old-versions/,APK listed; bytes not acquired,,pre_2023_baseline,Early isolated archive observation. No continuity implied across the 2017–2024 archive gap.
Snapp,cab.snapp.passenger,3.3.5,,Snapp passenger historical baseline,2017-07-24,APKCombo archive date; release date unverified,apkcombo.com,https://apkcombo.com/snapp-%D8%A7%D8%B3%D9%86%D9%BE/cab.snapp.passenger/old-versions/,APK listed; bytes not acquired,,pre_2023_baseline,Early isolated archive observation. No continuity implied across the 2017–2024 archive gap.
Snapp,cab.snapp.passenger,3.3.6,,Snapp passenger historical baseline,2017-08-09,APKCombo archive date; release date unverified,apkcombo.com,https://apkcombo.com/snapp-%D8%A7%D8%B3%D9%86%D9%BE/cab.snapp.passenger/old-versions/,APK listed; bytes not acquired,,pre_2023_baseline,Early isolated archive observation. No continuity implied across the 2017–2024 archive gap.
Snapp,cab.snapp.passenger,3.3.7,,Snapp passenger historical baseline,2017-08-20,APKCombo archive date; release date unverified,apkcombo.com,https://apkcombo.com/snapp-%D8%A7%D8%B3%D9%86%D9%BE/cab.snapp.passenger/old-versions/,APK listed; bytes not acquired,,pre_2023_baseline,Early isolated archive observation. No continuity implied across the 2017–2024 archive gap.
Snapp,cab.snapp.passenger,8.6.0,,Snapp passenger,2023-07-21,Telegram post date,t.me,https://t.me/s/skymitie/35062?q=%23snapp,archive listing; format unverified,,in_window,Earlier candidate worklist; not_acquired; not_audited. Package and exact hash not verified
Snapp,cab.snapp.passenger,8.7.0,,Snapp passenger,2023-08-17,Telegram post date,t.me,https://t.me/s/skymitie/35062?q=%23snapp,archive listing; format unverified,,in_window,Earlier candidate worklist; not_acquired; not_audited. Package and exact hash not verified
Snapp,cab.snapp.passenger,8.8.1,,Snapp passenger,2023-09-19,Telegram post date,t.me,https://t.me/s/skymitie/35062?q=%23snapp,archive listing; format unverified,,in_window,Earlier candidate worklist; not_acquired; not_audited. Package and exact hash not verified
Snapp,cab.snapp.passenger,8.9.0,,Snapp passenger,2023-10-25,Telegram post date,t.me,https://t.me/s/snappi?before=45350&q=%23%D8%A7%D9%86%D8%AF%D8%B1%D9%88%DB%8C%D8%AF,archive listing; format unverified,,in_window,Earlier candidate worklist; not_acquired; not_audited. Caption links cab.snapp.passenger; exact hash not verified
Snapp,cab.snapp.passenger,8.18.0,,Snapp passenger,2024-08-26,Telegram post date,t.me,https://t.me/s/skymitie/35062?q=%23snapp,archive listing; format unverified,,in_window,Earlier candidate worklist; not_acquired; not_audited. Exact hash not verified
Snapp,cab.snapp.passenger,8.19.0,,Snapp passenger,2024-09-18,Telegram post date,t.me,https://t.me/s/skymitie/35062?q=%23snapp,archive listing; format unverified,,in_window,Earlier candidate worklist; not_acquired; not_audited. Exact hash not verified
Snapp,cab.snapp.passenger,8.19.1,,Snapp passenger,2024-11-04,Telegram post date,t.me,https://t.me/s/skymitie/35062?q=%23snapp,archive listing; format unverified,,in_window,Earlier candidate worklist; not_acquired; not_audited. Exact hash not verified
Snapp,cab.snapp.passenger,8.20.0,,Snapp passenger,2024-11-04,Uptodown version listing date,snapp.en.uptodown.com,https://snapp.en.uptodown.com/android/versions,APK listed,,in_window,Earlier candidate worklist; not_acquired; not_audited. Exact hash not verified
Snapp,cab.snapp.passenger,8.20.1,,Snapp passenger,2024-11-09,Uptodown version listing date,snapp.en.uptodown.com,https://snapp.en.uptodown.com/android/versions,APK listed,,in_window,Earlier candidate worklist; not_acquired; not_audited. Exact hash not verified
Snapp,cab.snapp.passenger,8.21.0,,Snapp passenger,2024-11-23,Uptodown version listing date,snapp.en.uptodown.com,https://snapp.en.uptodown.com/android/versions,APK listed,,in_window,Earlier candidate worklist; not_acquired; not_audited. Exact hash not verified
Snapp,cab.snapp.passenger,8.22.0,,Snapp passenger,2024-12-07,Uptodown version listing date,snapp.en.uptodown.com,https://snapp.en.uptodown.com/android/versions,APK listed,,in_window,Earlier candidate worklist; not_acquired; not_audited. Also listed by APKCombo for exact package; exact hash not verified
Snapp,cab.snapp.passenger,8.30.0,,Snapp passenger,2025-03-08,Uptodown version listing date,snapp.en.uptodown.com,https://snapp.en.uptodown.com/android/versions,APK listed,,in_window,Earlier candidate worklist; not_acquired; not_audited. Exact hash not verified
Snapp,cab.snapp.passenger,8.30.1,,Snapp passenger,2025-03-13,Uptodown version listing date,snapp.en.uptodown.com,https://snapp.en.uptodown.com/android/versions,APK listed,,in_window,Earlier candidate worklist; not_acquired; not_audited. Exact hash not verified
Snapp,cab.snapp.passenger,8.31.0,,Snapp passenger,2025-04-14,Uptodown version listing date,snapp.en.uptodown.com,https://snapp.en.uptodown.com/android/versions,APK listed,,in_window,Earlier candidate worklist; not_acquired; not_audited. Exact hash not verified
Snapp,cab.snapp.passenger,8.32.0,,Snapp passenger,2025-05-20,Uptodown version listing date,snapp.en.uptodown.com,https://snapp.en.uptodown.com/android/versions,APK listed,,in_window,Earlier candidate worklist; not_acquired; not_audited. Exact hash not verified
Snapp,cab.snapp.passenger,8.32.1,,Snapp passenger,2025-05-25,Uptodown version listing date,snapp.en.uptodown.com,https://snapp.en.uptodown.com/android/versions,APK listed,,in_window,Earlier candidate worklist; not_acquired; not_audited. Exact hash not verified
Snapp,cab.snapp.passenger,8.33.0,292,Snapp passenger,2025-07-16,APKMirror upload date,www.apkmirror.com,https://www.apkmirror.com/apk/snapp-cab/snapp-2/snapp-8-33-0-release/snapp-8-33-0-android-apk-download/,archive listing; format unverified,7f0030e7c58bbc339827ffe523474c59d663f3dc100756af9e294b9299513269,in_window,Earlier candidate worklist; not_acquired; not_audited. SHA-256 7f0030e7c58bbc339827ffe523474c59d663f3dc100756af9e294b9299513269; not audited
Snapp,cab.snapp.passenger,8.34.0,,Snapp passenger,2025-08-14,Uptodown version listing date,snapp.en.uptodown.com,https://snapp.en.uptodown.com/android/versions,APK listed,,in_window,Earlier candidate worklist; not_acquired; not_audited. Exact hash not verified
Snapp,cab.snapp.passenger,8.35.0,,Snapp passenger,2025-09-26,Uptodown version listing date,snapp.en.uptodown.com,https://snapp.en.uptodown.com/android/versions,APK listed,,in_window,Earlier candidate worklist; not_acquired; not_audited. Exact hash not verified
Snapp,cab.snapp.passenger,8.35.1,,Snapp passenger,2025-10-01,Uptodown version listing date,snapp.en.uptodown.com,https://snapp.en.uptodown.com/android/versions,APK listed,,in_window,Earlier candidate worklist; not_acquired; not_audited. Exact hash not verified
Snapp,cab.snapp.passenger,8.36.0,,Snapp passenger,2025-10-30,Uptodown version listing date,snapp.en.uptodown.com,https://snapp.en.uptodown.com/android/versions,APK listed,,in_window,Earlier candidate worklist; not_acquired; not_audited. Exact hash not verified
Snapp,cab.snapp.passenger,8.37.0,297,Snapp passenger,2025-12-15,archive listing,apkpure.net,https://apkpure.net/snapp-%D8%A7%D8%B3%D9%86%D9%BE/cab.snapp.passenger/versions,APK verified from exact bytes,05607c3aaaf7dccdba97bacab7a95b35ef9656565521fe2e246535d3d41e270e,in_window,Exact APK audited; acquired by APKPure direct archive. VT first submission or observation 2025-12-15. Signer SHA-256 a3284a8ca16be670f3d9d5b21111651f882df1506ecd2dbd0a6dcf21b5ad9f24.
Snapp,cab.snapp.passenger,8.38.0,298,Snapp passenger,2026-01-07,VT first submission,www.virustotal.com,https://www.virustotal.com/gui/file/f97c6ca31be013bde648b5c7109a44830e07eac48f32eccb923ee0190725e8bc,APK verified from exact bytes,f97c6ca31be013bde648b5c7109a44830e07eac48f32eccb923ee0190725e8bc,in_window,Exact APK audited; acquired by VirusTotal download. VT first submission or observation 2026-01-07T05:32:51+00:00. Signer SHA-256 a3284a8ca16be670f3d9d5b21111651f882df1506ecd2dbd0a6dcf21b5ad9f24.
Snapp,cab.snapp.passenger,8.38.0,298,Snapp passenger,2026-02-02,VT first submission,www.virustotal.com,https://www.virustotal.com/gui/file/3010c025224dd7291237c5f8ad6f783baf006d3b6b17e792e5e2fce571bed218,APK verified from exact bytes,3010c025224dd7291237c5f8ad6f783baf006d3b6b17e792e5e2fce571bed218,in_window,Exact APK audited; acquired by VirusTotal download. VT first submission or observation 2026-02-02T17:14:42+00:00. Signer SHA-256 a3284a8ca16be670f3d9d5b21111651f882df1506ecd2dbd0a6dcf21b5ad9f24.
Snapp,cab.snapp.passenger,8.39.0,299,Snapp passenger,2026-03-02,archive listing,apkpure.net,https://apkpure.net/snapp-%D8%A7%D8%B3%D9%86%D9%BE/cab.snapp.passenger/versions,APK verified from exact bytes,d1d54f36650263dafce5e1c203b761e1bf32d238455c08536f571e43ef1b6003,in_window,Exact APK audited; acquired by APKPure direct archive. VT first submission or observation 2026-03-02. Signer SHA-256 a3284a8ca16be670f3d9d5b21111651f882df1506ecd2dbd0a6dcf21b5ad9f24.
Snapp,cab.snapp.passenger,8.40.0,300,Snapp passenger,2026-06-09,archive listing,apkpure.net,https://apkpure.net/snapp-%D8%A7%D8%B3%D9%86%D9%BE/cab.snapp.passenger/versions,APK verified from exact bytes,29a13cb30700d55832a2cb8e684ce43bff7d339ea0a142ae9c992a78f744c1c1,in_window,Exact APK audited; acquired by APKPure direct archive. VT first submission or observation 2026-06-09. Signer SHA-256 a3284a8ca16be670f3d9d5b21111651f882df1506ecd2dbd0a6dcf21b5ad9f24.
Snapp,cab.snapp.passenger,8.41.0,,Snapp passenger,2026-06-09,Uptodown version listing date,snapp.en.uptodown.com,https://snapp.en.uptodown.com/android/versions,APK listed,,in_window,Earlier candidate worklist; not_acquired; not_audited. Exact hash not verified
Snapp,cab.snapp.passenger,8.41.1,302,Snapp passenger,2026-06-23,archive listing,apkpure.net,https://apkpure.net/snapp-%D8%A7%D8%B3%D9%86%D9%BE/cab.snapp.passenger/versions,APK verified from exact bytes,82b949ac648b48013bd3e0ed4988284f93f2180bd0bb3716015ad4aeb3e7b04d,in_window,Exact APK audited; acquired by APKPure direct archive. VT first submission or observation 2026-06-23. Signer SHA-256 a3284a8ca16be670f3d9d5b21111651f882df1506ecd2dbd0a6dcf21b5ad9f24.
Snapp,cab.snapp.passenger,8.42.0,303,Snapp passenger,2026-07-31,VT first submission,www.virustotal.com,https://www.virustotal.com/gui/file/94edbc09dd4745daac331be3412779a6fa1778560432b5fa0e97fb96d34ab2cd,APK verified from exact bytes,94edbc09dd4745daac331be3412779a6fa1778560432b5fa0e97fb96d34ab2cd,in_window,Exact APK audited; acquired by VirusTotal download. VT first submission or observation 2026-07-31T19:36:55+00:00. Signer SHA-256 a3284a8ca16be670f3d9d5b21111651f882df1506ecd2dbd0a6dcf21b5ad9f24.
Snapp,cab.snapp.passenger,8.42.1,304,Snapp passenger,2026-08-11,VT first submission,www.virustotal.com,https://www.virustotal.com/gui/file/7b7cdc750b2e835405b8cf7819267e81a6c728f1d6120c0f8b8dc9407aeebdcb,APK verified from exact bytes,7b7cdc750b2e835405b8cf7819267e81a6c728f1d6120c0f8b8dc9407aeebdcb,in_window,Exact APK audited; acquired by VirusTotal download. VT first submission or observation 2026-08-11T03:13:13+00:00. Signer SHA-256 a3284a8ca16be670f3d9d5b21111651f882df1506ecd2dbd0a6dcf21b5ad9f24.
Snapp,cab.snapp.passenger,8.42.1,304,Snapp passenger,2026-08-18,VT first submission,www.virustotal.com,https://www.virustotal.com/gui/file/6bc6ff0e3edd93fd63d3847db40a62c7e2dad5ed6d007cd577678e1f57989e55,APK verified from exact bytes,6bc6ff0e3edd93fd63d3847db40a62c7e2dad5ed6d007cd577678e1f57989e55,in_window,Exact APK audited; acquired by VirusTotal download. VT first submission or observation 2026-08-18T07:15:51+00:00. Signer SHA-256 a3284a8ca16be670f3d9d5b21111651f882df1506ecd2dbd0a6dcf21b5ad9f24.
Snapp,cab.snapp.passenger,8.42.2,305,Snapp passenger,2026-08-21,VT first submission,www.virustotal.com,https://www.virustotal.com/gui/file/cc1139edc943b904e23e60b5e6c8cd8c0a0d6ff116007c8f4502189614cde1e0,APK verified from exact bytes,cc1139edc943b904e23e60b5e6c8cd8c0a0d6ff116007c8f4502189614cde1e0,in_window,Exact APK audited; acquired by VirusTotal download. VT first submission or observation 2026-08-21T20:19:19+00:00. Signer SHA-256 a3284a8ca16be670f3d9d5b21111651f882df1506ecd2dbd0a6dcf21b5ad9f24.
Snapp,cab.snapp.passenger,8.42.2,305,Snapp passenger,2026-08-27,VT first submission,www.virustotal.com,https://www.virustotal.com/gui/file/fa0cbbc31a2d53cc4179d51acb0a86c70a1e44eabb838e37d6eb6265218e0bac,APK verified from exact bytes,fa0cbbc31a2d53cc4179d51acb0a86c70a1e44eabb838e37d6eb6265218e0bac,in_window,Exact APK audited; acquired by VirusTotal download. VT first submission or observation 2026-08-27T07:56:10+00:00. Signer SHA-256 a3284a8ca16be670f3d9d5b21111651f882df1506ecd2dbd0a6dcf21b5ad9f24.
Snapp,cab.snapp.passenger,8.42.2,305,Snapp passenger,2026-09-01,VT first submission,www.virustotal.com,https://www.virustotal.com/gui/file/98274eef67381e3d9b33d92f81529cf2a1cbcffb59b76f466c6e078a439fa943,APK verified from exact bytes,98274eef67381e3d9b33d92f81529cf2a1cbcffb59b76f466c6e078a439fa943,in_window,Exact APK audited; acquired by VirusTotal download. VT first submission or observation 2026-09-01T07:26:31+00:00. Signer SHA-256 a3284a8ca16be670f3d9d5b21111651f882df1506ecd2dbd0a6dcf21b5ad9f24.
Snapp,cab.snapp.passenger,8.43.0,,Snapp passenger,2026-10-01,Uptodown version listing date,snapp.en.uptodown.com,https://snapp.en.uptodown.com/android/versions,APK listed,,in_window,Earlier candidate worklist; not_acquired; not_audited. After 30 Sep 2026 report cutoff; exact hash not verified
Snapp,cab.snapp.passenger.gp,8.2.0,260,Snapp passenger GP,2023-03-25,APKPure listing date,apkpure.net,https://apkpure.net/snapp-%D8%A7%D8%B3%D9%86%D9%BE/cab.snapp.passenger.gp/versions,APK/XAPK listing; format check needed,,in_window,Earlier candidate worklist; not_acquired; not_audited. Early-2023 alternate package; multiple architecture variants
Snapp,cab.snapp.passenger.gp,8.3.0,262,Snapp passenger GP,2023-04-23,APKPure listing date,apkpure.net,https://apkpure.net/snapp-%D8%A7%D8%B3%D9%86%D9%BE/cab.snapp.passenger.gp/versions,APK/XAPK listing; format check needed,,in_window,Earlier candidate worklist; not_acquired; not_audited. Early-2023 alternate package; multiple architecture variants
Snapp,cab.snapp.passenger.play,7.0.0,244,Snapp passenger Play,2022-04-12,"APKPure listed update, not confirmed developer release",apkpure.net,https://apkpure.net/snapp/cab.snapp.passenger.play/versions,APK/XAPK listing; exact file format check needed,,pre_2023_baseline,Separate Play package; do not treat as cab.snapp.passenger build.
Snapp,cab.snapp.passenger.play,8.0.3,251,Snapp passenger Play,2022-07-25,"APKPure listed update, not confirmed developer release",apkpure.net,https://apkpure.net/snapp/cab.snapp.passenger.play/versions,APK/XAPK listing; exact file format check needed,,pre_2023_baseline,Separate Play package; do not treat as cab.snapp.passenger build.
Snapp,cab.snapp.passenger.play,8.1.4,,Snapp passenger Play,2022-10-16,"APKPure listed update, not confirmed developer release",apkpure.net,https://apkpure.net/snapp/cab.snapp.passenger.play/versions,APK/XAPK listing; exact file format check needed,,pre_2023_baseline,Separate Play package; do not treat as cab.snapp.passenger build.
Snapp,cab.snapp.passenger.play,8.1.5,,Snapp passenger Play,2022-11-13,APKMirror upload date,www.apkmirror.com,https://www.apkmirror.com/apk/snapp-cab/snapp/snapp-8-1-5-release/,archive listing; format unverified,,pre_2023_baseline,Earlier candidate worklist; not_acquired; not_audited. Pre-Feb baseline; not same package as audited passenger
Neshan,org.rajman.neshan.traffic.tehran.navigator,11.6.1,70283,Neshan,2023-04-05,third-party archive listing/upload; not first distribution,gionee-f100.apkbog.com,https://gionee-f100.apkbog.com/en/apk/xn------tze8bleg2j7agjbeq92sba/11.6.1/70283,archive listing; format unverified,,in_window,Earlier candidate worklist; not_acquired; not_audited. Nearest catalogued pre-15-May-2023 build; establish an older baseline; no exact bytes acquired.
Neshan,org.rajman.neshan.traffic.tehran.navigator,11.8.0,70294,Neshan,2023-06-10,third-party archive listing/upload; not first distribution,gionee-f100.apkbog.com,https://gionee-f100.apkbog.com/en/apk/xn------tze8bleg2j7agjbeq92sba/11.8.0/70294,archive listing; format unverified,,in_window,Earlier candidate worklist; not_acquired; not_audited.
Neshan,org.rajman.neshan.traffic.tehran.navigator,11.9.0,,Neshan,2023-06-16,third-party archive listing/upload; not first distribution,gionee-f100.apkbog.com,https://gionee-f100.apkbog.com/en/apk/xn------tze8bleg2j7agjbeq92sba/11.9.0,archive listing; format unverified,,in_window,Earlier candidate worklist; not_acquired; not_audited.
Neshan,org.rajman.neshan.traffic.tehran.navigator,11.10.0,,Neshan,2023-07-16,third-party archive listing/upload; not first distribution,gionee-f100.apkbog.com,https://gionee-f100.apkbog.com/en/apk/xn------tze8bleg2j7agjbeq92sba/11.10.0,archive listing; format unverified,,in_window,Earlier candidate worklist; not_acquired; not_audited.
Neshan,org.rajman.neshan.traffic.tehran.navigator,11.11.0,70307,Neshan,2023-07-16,third-party archive listing/upload; not first distribution,gionee-f100.apkbog.com,https://gionee-f100.apkbog.com/en/apk/xn------tze8bleg2j7agjbeq92sba/11.11.0/70307,archive listing; format unverified,,in_window,Earlier candidate worklist; not_acquired; not_audited. Same version name has distinct build codes; acquire both.
Neshan,org.rajman.neshan.traffic.tehran.navigator,11.11.0,70309,Neshan,2023-07-23,third-party archive listing/upload; not first distribution,gionee-f100.apkbog.com,https://gionee-f100.apkbog.com/en/apk/xn------tze8bleg2j7agjbeq92sba/11.11.0/70309,archive listing; format unverified,,in_window,Earlier candidate worklist; not_acquired; not_audited. Same version name has distinct build codes; acquire both.
Neshan,org.rajman.neshan.traffic.tehran.navigator,11.12.0,70312,Neshan,2023-07-30,third-party archive listing/upload; not first distribution,gionee-f100.apkbog.com,https://gionee-f100.apkbog.com/en/apk/xn------tze8bleg2j7agjbeq92sba/11.12.0/70312,archive listing; format unverified,,in_window,Earlier candidate worklist; not_acquired; not_audited. Same version name has distinct build codes; acquire both.
Neshan,org.rajman.neshan.traffic.tehran.navigator,11.12.0,70316,Neshan,2023-08-11,third-party archive listing/upload; not first distribution,gionee-f100.apkbog.com,https://gionee-f100.apkbog.com/en/apk/xn------tze8bleg2j7agjbeq92sba/11.12.0/70316,archive listing; format unverified,,in_window,Earlier candidate worklist; not_acquired; not_audited. Same version name has distinct build codes; acquire both.
Neshan,org.rajman.neshan.traffic.tehran.navigator,11.13.0,70318,Neshan,2023-08-11,third-party archive listing/upload; not first distribution,gionee-f100.apkbog.com,https://gionee-f100.apkbog.com/en/apk/xn------tze8bleg2j7agjbeq92sba/11.13.0/70318,archive listing; format unverified,,in_window,Earlier candidate worklist; not_acquired; not_audited. Same version name has distinct build codes; acquire both.
Neshan,org.rajman.neshan.traffic.tehran.navigator,11.13.0,70322,Neshan,2023-08-26,third-party archive listing/upload; not first distribution,gionee-f100.apkbog.com,https://gionee-f100.apkbog.com/en/apk/xn------tze8bleg2j7agjbeq92sba/11.13.0/70322,archive listing; format unverified,,in_window,Earlier candidate worklist; not_acquired; not_audited. Same version name has distinct build codes; acquire both.
Neshan,org.rajman.neshan.traffic.tehran.navigator,11.14.2,,Neshan,2023-09-07,third-party archive listing/upload; not first distribution,gionee-f100.apkbog.com,https://gionee-f100.apkbog.com/en/apk/xn------tze8bleg2j7agjbeq92sba/11.14.2,archive listing; format unverified,,in_window,Earlier candidate worklist; not_acquired; not_audited.
Neshan,org.rajman.neshan.traffic.tehran.navigator,11.15.1,,Neshan,2023-09-09,third-party archive listing/upload; not first distribution,gionee-f100.apkbog.com,https://gionee-f100.apkbog.com/en/apk/xn------tze8bleg2j7agjbeq92sba/11.15.1,archive listing; format unverified,,in_window,Earlier candidate worklist; not_acquired; not_audited.
Neshan,org.rajman.neshan.traffic.tehran.navigator,11.15.2,,Neshan,2023-09-17,third-party archive listing/upload; not first distribution,gionee-f100.apkbog.com,https://gionee-f100.apkbog.com/en/apk/xn------tze8bleg2j7agjbeq92sba/11.15.2,archive listing; format unverified,,in_window,Earlier candidate worklist; not_acquired; not_audited.
Neshan,org.rajman.neshan.traffic.tehran.navigator,11.15.3,,Neshan,2023-09-18,third-party archive listing/upload; not first distribution,gionee-f100.apkbog.com,https://gionee-f100.apkbog.com/en/apk/xn------tze8bleg2j7agjbeq92sba/11.15.3,archive listing; format unverified,,in_window,Earlier candidate worklist; not_acquired; not_audited.
Neshan,org.rajman.neshan.traffic.tehran.navigator,11.16.2,,Neshan,2023-10-01,third-party archive listing/upload; not first distribution,gionee-f100.apkbog.com,https://gionee-f100.apkbog.com/en/apk/xn------tze8bleg2j7agjbeq92sba/11.16.2,archive listing; format unverified,,in_window,Earlier candidate worklist; not_acquired; not_audited.
Neshan,org.rajman.neshan.traffic.tehran.navigator,11.17.3,,Neshan,2023-10-19,third-party archive listing/upload; not first distribution,gionee-f100.apkbog.com,https://gionee-f100.apkbog.com/en/apk/xn------tze8bleg2j7agjbeq92sba/11.17.3,archive listing; format unverified,,in_window,Earlier candidate worklist; not_acquired; not_audited.
Neshan,org.rajman.neshan.traffic.tehran.navigator,11.18.2,,Neshan,2023-11-04,third-party archive listing/upload; not first distribution,gionee-f100.apkbog.com,https://gionee-f100.apkbog.com/en/apk/xn------tze8bleg2j7agjbeq92sba/11.18.2,archive listing; format unverified,,in_window,Earlier candidate worklist; not_acquired; not_audited.
Neshan,org.rajman.neshan.traffic.tehran.navigator,11.19.3,,Neshan,2023-12-20,third-party archive listing/upload; not first distribution,gionee-f100.apkbog.com,https://gionee-f100.apkbog.com/en/apk/xn------tze8bleg2j7agjbeq92sba/11.19.3,archive listing; format unverified,,in_window,Earlier candidate worklist; not_acquired; not_audited.
Neshan,org.rajman.neshan.traffic.tehran.navigator,11.20.1,,Neshan,2024-01-03,third-party archive listing/upload; not first distribution,gionee-f100.apkbog.com,https://gionee-f100.apkbog.com/en/apk/xn------tze8bleg2j7agjbeq92sba/11.20.1,archive listing; format unverified,,in_window,Earlier candidate worklist; not_acquired; not_audited.
Neshan,org.rajman.neshan.traffic.tehran.navigator,11.19.4,,Neshan,2024-01-10,third-party archive listing/upload; not first distribution,gionee-f100.apkbog.com,https://gionee-f100.apkbog.com/en/apk/xn------tze8bleg2j7agjbeq92sba/11.19.4,archive listing; format unverified,,in_window,Earlier candidate worklist; not_acquired; not_audited.
Neshan,org.rajman.neshan.traffic.tehran.navigator,11.20.2,,Neshan,2024-01-14,third-party archive listing/upload; not first distribution,gionee-f100.apkbog.com,https://gionee-f100.apkbog.com/en/apk/xn------tze8bleg2j7agjbeq92sba/11.20.2,archive listing; format unverified,,in_window,Earlier candidate worklist; not_acquired; not_audited.
Neshan,org.rajman.neshan.traffic.tehran.navigator,11.23.1,,Neshan,2024-02-27,third-party archive listing/upload; not first distribution,apkcombo.com,https://apkcombo.com/neshan-map-navigation-app/org.rajman.neshan.traffic.tehran.navigator/old-versions/,APK/XAPK listing; format check needed,,in_window,Earlier candidate worklist; not_acquired; not_audited.
Neshan,org.rajman.neshan.traffic.tehran.navigator,11.21.1,,Neshan,2024-03-01,third-party archive listing/upload; not first distribution,apkcombo.com,https://apkcombo.com/neshan-map-navigation-app/org.rajman.neshan.traffic.tehran.navigator/old-versions/,APK/XAPK listing; format check needed,,in_window,Earlier candidate worklist; not_acquired; not_audited.
Neshan,org.rajman.neshan.traffic.tehran.navigator,11.23.3,,Neshan,2024-03-12,third-party archive listing/upload; not first distribution,apkcombo.com,https://apkcombo.com/neshan-map-navigation-app/org.rajman.neshan.traffic.tehran.navigator/old-versions/,APK/XAPK listing; format check needed,,in_window,Earlier candidate worklist; not_acquired; not_audited.
Neshan,org.rajman.neshan.traffic.tehran.navigator,11.24.3,,Neshan,2024-03-14,third-party archive listing/upload; not first distribution,apkcombo.com,https://apkcombo.com/neshan-map-navigation-app/org.rajman.neshan.traffic.tehran.navigator/old-versions/,APK/XAPK listing; format check needed,,in_window,Earlier candidate worklist; not_acquired; not_audited.
Neshan,org.rajman.neshan.traffic.tehran.navigator,12.0.0,,Neshan,2024-03-16,third-party archive listing/upload; not first distribution,apkcombo.com,https://apkcombo.com/neshan-map-navigation-app/org.rajman.neshan.traffic.tehran.navigator/old-versions/,APK/XAPK listing; format check needed,,in_window,Earlier candidate worklist; not_acquired; not_audited.
Neshan,org.rajman.neshan.traffic.tehran.navigator,12.1.1,,Neshan,2024-04-17,third-party archive listing/upload; not first distribution,apkcombo.com,https://apkcombo.com/neshan-map-navigation-app/org.rajman.neshan.traffic.tehran.navigator/old-versions/,APK/XAPK listing; format check needed,,in_window,Earlier candidate worklist; not_acquired; not_audited.
Neshan,org.rajman.neshan.traffic.tehran.navigator,12.0.1,,Neshan,2024-04-18,third-party archive listing/upload; not first distribution,apkcombo.com,https://apkcombo.com/neshan-map-navigation-app/org.rajman.neshan.traffic.tehran.navigator/old-versions/,APK/XAPK listing; format check needed,,in_window,Earlier candidate worklist; not_acquired; not_audited.
Neshan,org.rajman.neshan.traffic.tehran.navigator,12.3.2,,Neshan,2024-06-07,third-party archive listing/upload; not first distribution,apkcombo.com,https://apkcombo.com/neshan-map-navigation-app/org.rajman.neshan.traffic.tehran.navigator/old-versions/,APK/XAPK listing; format check needed,,in_window,Earlier candidate worklist; not_acquired; not_audited.
Neshan,org.rajman.neshan.traffic.tehran.navigator,12.2.2,,Neshan,2024-06-24,third-party archive listing/upload; not first distribution,apkcombo.com,https://apkcombo.com/neshan-map-navigation-app/org.rajman.neshan.traffic.tehran.navigator/old-versions/,APK/XAPK listing; format check needed,,in_window,Earlier candidate worklist; not_acquired; not_audited.
Neshan,org.rajman.neshan.traffic.tehran.navigator,12.4.2,,Neshan,2024-06-30,third-party archive listing/upload; not first distribution,apkcombo.com,https://apkcombo.com/neshan-map-navigation-app/org.rajman.neshan.traffic.tehran.navigator/old-versions/,APK/XAPK listing; format check needed,,in_window,Earlier candidate worklist; not_acquired; not_audited.
Neshan,org.rajman.neshan.traffic.tehran.navigator,12.5.3,,Neshan,2024-08-06,third-party archive listing/upload; not first distribution,apkcombo.com,https://apkcombo.com/neshan-map-navigation-app/org.rajman.neshan.traffic.tehran.navigator/old-versions/,APK/XAPK listing; format check needed,,in_window,Earlier candidate worklist; not_acquired; not_audited.
Neshan,org.rajman.neshan.traffic.tehran.navigator,12.6.2,,Neshan,2024-08-21,third-party archive listing/upload; not first distribution,apkcombo.com,https://apkcombo.com/neshan-map-navigation-app/org.rajman.neshan.traffic.tehran.navigator/old-versions/,APK/XAPK listing; format check needed,,in_window,Earlier candidate worklist; not_acquired; not_audited.
Neshan,org.rajman.neshan.traffic.tehran.navigator,12.7.3,,Neshan,2024-10-23,third-party archive listing/upload; not first distribution,apkcombo.com,https://apkcombo.com/neshan-map-navigation-app/org.rajman.neshan.traffic.tehran.navigator/old-versions/,APK/XAPK listing; format check needed,,in_window,Earlier candidate worklist; not_acquired; not_audited.
Neshan,org.rajman.neshan.traffic.tehran.navigator,12.7.4,,Neshan,2024-11-06,third-party archive listing/upload; not first distribution,apkcombo.com,https://apkcombo.com/neshan-map-navigation-app/org.rajman.neshan.traffic.tehran.navigator/old-versions/,APK/XAPK listing; format check needed,,in_window,Earlier candidate worklist; not_acquired; not_audited.
Neshan,org.rajman.neshan.traffic.tehran.navigator,12.7.5,,Neshan,2024-11-23,third-party archive listing/upload; not first distribution,apkcombo.com,https://apkcombo.com/neshan-map-navigation-app/org.rajman.neshan.traffic.tehran.navigator/old-versions/,APK/XAPK listing; format check needed,,in_window,Earlier candidate worklist; not_acquired; not_audited.
Neshan,org.rajman.neshan.traffic.tehran.navigator,12.8.3,70477,Neshan,2024-12-22,third-party archive listing/upload; not first distribution,www.apkturbo.com,https://www.apkturbo.com/apps/download-app/org.rajman.neshan.traffic.tehran.navigator/,archive listing; format unverified,,in_window,Earlier candidate worklist; not_acquired; not_audited. APKTurbo indexes versionCode 70477 with 18-24 Dec 2024 architecture variants; APK.cafe lists 22 Dec 2024; APKCombo labels the same version 20 Feb 2025. Archive dates differ and do not establish original release.
Neshan,org.rajman.neshan.traffic.tehran.navigator,13.0.13,,Neshan,2025-02-22,third-party archive listing/upload; not first distribution,apkcombo.com,https://apkcombo.com/neshan-map-navigation-app/org.rajman.neshan.traffic.tehran.navigator/old-versions/,APK/XAPK listing; format check needed,,in_window,Earlier candidate worklist; not_acquired; not_audited.
Neshan,org.rajman.neshan.traffic.tehran.navigator,13.0.16,,Neshan,2025-03-17,third-party archive listing/upload; not first distribution,apkcombo.com,https://apkcombo.com/neshan-map-navigation-app/org.rajman.neshan.traffic.tehran.navigator/old-versions/,APK/XAPK listing; format check needed,,in_window,Earlier candidate worklist; not_acquired; not_audited.
Neshan,org.rajman.neshan.traffic.tehran.navigator,14.2.0,,Neshan,2025-03-21,third-party archive listing/upload; not first distribution,apkcombo.com,https://apkcombo.com/neshan-map-navigation-app/org.rajman.neshan.traffic.tehran.navigator/old-versions/,APK/XAPK listing; format check needed,,in_window,Earlier candidate worklist; not_acquired; not_audited.
Neshan,org.rajman.neshan.traffic.tehran.navigator,14.2.3,,Neshan,2025-05-29,third-party archive listing/upload; not first distribution,apkcombo.com,https://apkcombo.com/neshan-map-navigation-app/org.rajman.neshan.traffic.tehran.navigator/old-versions/,APK/XAPK listing; format check needed,,in_window,Earlier candidate worklist; not_acquired; not_audited.
Neshan,org.rajman.neshan.traffic.tehran.navigator,14.3.2,,Neshan,2025-06-02,third-party archive listing/upload; not first distribution,apkcombo.com,https://apkcombo.com/neshan-map-navigation-app/org.rajman.neshan.traffic.tehran.navigator/old-versions/,APK/XAPK listing; format check needed,,in_window,Earlier candidate worklist; not_acquired; not_audited.
Neshan,org.rajman.neshan.traffic.tehran.navigator,14.3.3,,Neshan,2025-07-17,third-party archive listing/upload; not first distribution,apkcombo.com,https://apkcombo.com/neshan-map-navigation-app/org.rajman.neshan.traffic.tehran.navigator/old-versions/,APK/XAPK listing; format check needed,,in_window,Earlier candidate worklist; not_acquired; not_audited.
Neshan,org.rajman.neshan.traffic.tehran.navigator,14.3.9,,Neshan,2025-07-18,third-party archive listing/upload; not first distribution,apkcombo.com,https://apkcombo.com/neshan-map-navigation-app/org.rajman.neshan.traffic.tehran.navigator/old-versions/,APK/XAPK listing; format check needed,,in_window,Earlier candidate worklist; not_acquired; not_audited.
Neshan,org.rajman.neshan.traffic.tehran.navigator,14.3.10,,Neshan,2025-07-21,third-party archive listing/upload; not first distribution,apkcombo.com,https://apkcombo.com/neshan-map-navigation-app/org.rajman.neshan.traffic.tehran.navigator/old-versions/,APK/XAPK listing; format check needed,,in_window,Earlier candidate worklist; not_acquired; not_audited.
Neshan,org.rajman.neshan.traffic.tehran.navigator,14.3.13,,Neshan,2025-07-27,third-party archive listing/upload; not first distribution,apkcombo.com,https://apkcombo.com/neshan-map-navigation-app/org.rajman.neshan.traffic.tehran.navigator/old-versions/,APK/XAPK listing; format check needed,,in_window,Earlier candidate worklist; not_acquired; not_audited.
Neshan,org.rajman.neshan.traffic.tehran.navigator,14.4.7,70542,Neshan,2025-07-30,third-party archive listing/upload; not first distribution,apkcombo.com,https://apkcombo.com/neshan-map-navigation-app/org.rajman.neshan.traffic.tehran.navigator/old-versions/,APK/XAPK listing; format check needed,,in_window,Earlier candidate worklist; not_acquired; not_audited.
Neshan,org.rajman.neshan.traffic.tehran.navigator,14.3.14,70543,Neshan,2025-08-06,third-party archive listing/upload; not first distribution,www.apkmirror.com,https://www.apkmirror.com/apk/%D9%86%D9%82%D8%B4%D9%87-%D9%88-%D9%85%D8%B3%DB%8C%D8%B1%DB%8C%D8%A7%D8%A8-%D9%86%D8%B4%D8%A7%D9%86/%D9%86%D8%B4%D8%A7%D9%86-%D9%86%D9%82%D8%B4%D9%87-%D9%88-%D9%85%D8%B3%DB%8C%D8%B1%DB%8C%D8%A7%D8%A8-neshan/,archive listing; format unverified,,in_window,Earlier candidate worklist; not_acquired; not_audited. Earlier archive date chosen where APKMirror and APKCombo disagree; not an asserted release date.
Neshan,org.rajman.neshan.traffic.tehran.navigator,14.4.11,70562,Neshan,2025-08-10,third-party archive listing/upload; not first distribution,www.apkmirror.com,https://www.apkmirror.com/apk/%D9%86%D9%82%D8%B4%D9%87-%D9%88-%D9%85%D8%B3%DB%8C%D8%B1%DB%8C%D8%A7%D8%A8-%D9%86%D8%B4%D8%A7%D9%86/%D9%86%D8%B4%D8%A7%D9%86-%D9%86%D9%82%D8%B4%D9%87-%D9%88-%D9%85%D8%B3%DB%8C%D8%B1%DB%8C%D8%A7%D8%A8-neshan/,archive listing; format unverified,,in_window,Earlier candidate worklist; not_acquired; not_audited. Earlier archive date chosen where APKMirror and APKCombo disagree; not an asserted release date.
Neshan,org.rajman.neshan.traffic.tehran.navigator,14.5.5,70566,Neshan,2025-08-30,third-party archive listing/upload; not first distribution,www.apkmirror.com,https://www.apkmirror.com/apk/%D9%86%D9%82%D8%B4%D9%87-%D9%88-%D9%85%D8%B3%DB%8C%D8%B1%DB%8C%D8%A7%D8%A8-%D9%86%D8%B4%D8%A7%D9%86/%D9%86%D8%B4%D8%A7%D9%86-%D9%86%D9%82%D8%B4%D9%87-%D9%88-%D9%85%D8%B3%DB%8C%D8%B1%DB%8C%D8%A7%D8%A8-neshan/,archive listing; format unverified,,in_window,Earlier candidate worklist; not_acquired; not_audited. Earlier archive date chosen where APKMirror and APKCombo disagree; not an asserted release date.
Neshan,org.rajman.neshan.traffic.tehran.navigator,14.5.7,70570,Neshan,2025-09-15,third-party archive listing/upload; not first distribution,www.apkmirror.com,https://www.apkmirror.com/apk/%D9%86%D9%82%D8%B4%D9%87-%D9%88-%D9%85%D8%B3%DB%8C%D8%B1%DB%8C%D8%A7%D8%A8-%D9%86%D8%B4%D8%A7%D9%86/%D9%86%D8%B4%D8%A7%D9%86-%D9%86%D9%82%D8%B4%D9%87-%D9%88-%D9%85%D8%B3%DB%8C%D8%B1%DB%8C%D8%A7%D8%A8-neshan/,archive listing; format unverified,,in_window,Earlier candidate worklist; not_acquired; not_audited. Earlier archive date chosen where APKMirror and APKCombo disagree; not an asserted release date.
Neshan,org.rajman.neshan.traffic.tehran.navigator,14.6.4,70573,Neshan,2025-10-05,third-party archive listing/upload; not first distribution,www.apkmirror.com,https://www.apkmirror.com/apk/%D9%86%D9%82%D8%B4%D9%87-%D9%88-%D9%85%D8%B3%DB%8C%D8%B1%DB%8C%D8%A7%D8%A8-%D9%86%D8%B4%D8%A7%D9%86/%D9%86%D8%B4%D8%A7%D9%86-%D9%86%D9%82%D8%B4%D9%87-%D9%88-%D9%85%D8%B3%DB%8C%D8%B1%DB%8C%D8%A7%D8%A8-neshan/,archive listing; format unverified,,in_window,Earlier candidate worklist; not_acquired; not_audited. Earlier archive date chosen where APKMirror and APKCombo disagree; not an asserted release date.
Neshan,org.rajman.neshan.traffic.tehran.navigator,14.7.4,70604,Neshan,2025-10-23,third-party archive listing/upload; not first distribution,apkpure.net,https://apkpure.net/%D9%86%D8%B4%D8%A7%D9%86-%D9%86%D9%82%D8%B4%D9%87-%D9%88%D9%85%D8%B3%DB%8C%D8%B1%DB%8C%D8%A7%D8%A8-%D9%81%D8%A7%D8%B1%D8%B3%DB%8Cneshan/org.rajman.neshan.traffic.tehran.navigator/versions,APK/XAPK listing; format check needed,,in_window,Earlier candidate worklist; not_acquired; not_audited.
Neshan,org.rajman.neshan.traffic.tehran.navigator,14.7.9,70609,Neshan,2025-11-10,archive upload,d.apkpure.net,https://d.apkpure.net/b/XAPK/org.rajman.neshan.traffic.tehran.navigator?versionCode=70609&nc=arm64-v8a&sv=21,base APK extracted from XAPK,302ae08a526f7a97592568242c89703357063f85ded9024adc5d9ca495b79fe6,in_window,Exact APK audited; acquired by APKPure archived XAPK base. VT first submission or observation 2025-11-10. Signer SHA-256 d36ef0cedc4eda76d161e2e4ca0d7718fe17b6421e59bdc2b3cb7812e64b78d4.
Neshan,org.rajman.neshan.traffic.tehran.navigator,14.8.9,70620,Neshan,2026-01-27,VT first submission,www.virustotal.com,https://www.virustotal.com/gui/file/681b4f975d40b9d0f1dfa9d5d6b79d59cbd3ca46746a6f9f013ef1e1bf7bcfd4,base APK extracted from XAPK,681b4f975d40b9d0f1dfa9d5d6b79d59cbd3ca46746a6f9f013ef1e1bf7bcfd4,in_window,Exact APK audited; acquired by APKPure archived XAPK base. VT first submission or observation 2026-02-06T08:50:38+00:00. Signer SHA-256 d36ef0cedc4eda76d161e2e4ca0d7718fe17b6421e59bdc2b3cb7812e64b78d4.
Neshan,org.rajman.neshan.traffic.tehran.navigator,14.8.10,70626,Neshan,2026-02-18,VT first submission,www.virustotal.com,https://www.virustotal.com/gui/file/947c4a9412ef577b29c87d87764b4e9e0e3ddfd1966bff2cbab83adb3f2f8115,base APK extracted from XAPK,947c4a9412ef577b29c87d87764b4e9e0e3ddfd1966bff2cbab83adb3f2f8115,in_window,Exact APK audited; acquired by APKPure archived XAPK base. VT first submission or observation 2026-02-19T08:13:35+00:00. Signer SHA-256 d36ef0cedc4eda76d161e2e4ca0d7718fe17b6421e59bdc2b3cb7812e64b78d4.
Neshan,org.rajman.neshan.traffic.tehran.navigator,14.10.2.3,70773,Neshan,2026-06-05,VT first submission,www.virustotal.com,https://www.virustotal.com/gui/file/90499f420b9288d8574e9bf9ae01ee90b2dc1dabb3005877b8655468c204a698,base APK extracted from XAPK,90499f420b9288d8574e9bf9ae01ee90b2dc1dabb3005877b8655468c204a698,in_window,Exact APK audited; acquired by APKPure archived XAPK base. VT first submission or observation 2026-06-06T13:43:49+00:00. Signer SHA-256 d36ef0cedc4eda76d161e2e4ca0d7718fe17b6421e59bdc2b3cb7812e64b78d4.
Neshan,org.rajman.neshan.traffic.tehran.navigator,14.11.0.4,70779,Neshan,2026-06-28,archive upload,d.apkpure.net,https://d.apkpure.net/b/XAPK/org.rajman.neshan.traffic.tehran.navigator?versionCode=70779&nc=arm64-v8a&sv=21,base APK extracted from XAPK,46c94e313dcc2ce34d8c528baf22093ec054ca6a26869a1ddb9e2a07358d284a,in_window,Exact APK audited; acquired by APKPure archived XAPK base. VT first submission or observation 2026-06-28. Signer SHA-256 d36ef0cedc4eda76d161e2e4ca0d7718fe17b6421e59bdc2b3cb7812e64b78d4.
Neshan,org.rajman.neshan.traffic.tehran.navigator,14.11.1.2,70782,Neshan,2026-07-05,VT first submission,www.virustotal.com,https://www.virustotal.com/gui/file/27d043cba2c137e324b613391659d417cb8db0264838c5c972a18f8b889dbd47,base APK extracted from XAPK,27d043cba2c137e324b613391659d417cb8db0264838c5c972a18f8b889dbd47,in_window,Exact APK audited; acquired by APKPure archived XAPK base. VT first submission or observation 2026-07-06T18:56:21+00:00. Signer SHA-256 d36ef0cedc4eda76d161e2e4ca0d7718fe17b6421e59bdc2b3cb7812e64b78d4.
Neshan,org.rajman.neshan.traffic.tehran.navigator,14.11.1.2,70782,Neshan,2026-07-13,VT first submission,www.virustotal.com,https://www.virustotal.com/gui/file/57005a00307f50fbca67eb3ca0660a75fca9f5bd65a21f2ecb270f2045d22c12,APK verified from exact bytes,57005a00307f50fbca67eb3ca0660a75fca9f5bd65a21f2ecb270f2045d22c12,in_window,Exact APK audited; acquired by VirusTotal CLI download. VT first submission or observation 2026-07-13T01:50:12+00:00. Signer SHA-256 d36ef0cedc4eda76d161e2e4ca0d7718fe17b6421e59bdc2b3cb7812e64b78d4.
Neshan,org.rajman.neshan.traffic.tehran.navigator,14.11.1.2,70782,Neshan,2026-07-22,VT first submission,www.virustotal.com,https://www.virustotal.com/gui/file/4a785355c52c2f3fef3a162bf11a372e9903495bac15e50facd4ed210782cdda,APK verified from exact bytes,4a785355c52c2f3fef3a162bf11a372e9903495bac15e50facd4ed210782cdda,in_window,Exact APK audited; acquired by VirusTotal CLI download. VT first submission or observation 2026-07-22T21:06:47+00:00. Signer SHA-256 d36ef0cedc4eda76d161e2e4ca0d7718fe17b6421e59bdc2b3cb7812e64b78d4.
Neshan,org.rajman.neshan.traffic.tehran.navigator,14.11.1.2,70782,Neshan,2026-07-24,VT first submission,www.virustotal.com,https://www.virustotal.com/gui/file/a81218cf71b06fa2d8d85d68f39e868cc4821ef003e25e4d2513c9fb307534a0,APK verified from exact bytes,a81218cf71b06fa2d8d85d68f39e868cc4821ef003e25e4d2513c9fb307534a0,in_window,Exact APK audited; acquired by VirusTotal CLI download. VT first submission or observation 2026-07-24T07:19:12+00:00. Signer SHA-256 d36ef0cedc4eda76d161e2e4ca0d7718fe17b6421e59bdc2b3cb7812e64b78d4.
Neshan,org.rajman.neshan.traffic.tehran.navigator,14.9.0.10,70657,Neshan,2026-07-24,VT first submission,www.virustotal.com,https://www.virustotal.com/gui/file/3ff5a89d2beb88dcbabdb6890b6fc4a3ff1187236d3c1c8a1e80e32d97830a09,APK verified from exact bytes,3ff5a89d2beb88dcbabdb6890b6fc4a3ff1187236d3c1c8a1e80e32d97830a09,in_window,Exact APK audited; acquired by VirusTotal CLI download. VT first submission or observation 2026-07-24T16:52:46+00:00. Signer SHA-256 d36ef0cedc4eda76d161e2e4ca0d7718fe17b6421e59bdc2b3cb7812e64b78d4.
Neshan,org.rajman.neshan.traffic.tehran.navigator,14.11.1.2,70782,Neshan,2026-08-10,VT first submission,www.virustotal.com,https://www.virustotal.com/gui/file/ca873deca23e803e1bbe2331fb2058ea5a8e3505bb329f5ba1a88ae143859683,APK verified from exact bytes,ca873deca23e803e1bbe2331fb2058ea5a8e3505bb329f5ba1a88ae143859683,in_window,Exact APK audited; acquired by VirusTotal CLI download. VT first submission or observation 2026-08-10T18:38:11+00:00. Signer SHA-256 d36ef0cedc4eda76d161e2e4ca0d7718fe17b6421e59bdc2b3cb7812e64b78d4.
Neshan,org.rajman.neshan.traffic.tehran.navigator,14.12.0.2,70786,Neshan,2026-08-11,VT first submission,www.virustotal.com,https://www.virustotal.com/gui/file/73ce0ecf024edda270aefd8c1daa5a0e16e6c0a8cc6c757ebc648a6029c14e8f,APK verified from exact bytes,73ce0ecf024edda270aefd8c1daa5a0e16e6c0a8cc6c757ebc648a6029c14e8f,in_window,Exact APK audited; acquired by VirusTotal CLI download. VT first submission or observation 2026-08-11T07:07:26+00:00. Signer SHA-256 d36ef0cedc4eda76d161e2e4ca0d7718fe17b6421e59bdc2b3cb7812e64b78d4.
Neshan,org.rajman.neshan.traffic.tehran.navigator,14.12.0.3,70789,Neshan,2026-08-12,VT first submission,www.virustotal.com,https://www.virustotal.com/gui/file/cb04dc605bdc0c4b622e0def4b953bd78e42bbb792a1714c392ed6968368e587,APK verified from exact bytes,cb04dc605bdc0c4b622e0def4b953bd78e42bbb792a1714c392ed6968368e587,in_window,Exact APK audited; acquired by VirusTotal CLI download. VT first submission or observation 2026-08-12T07:57:52+00:00. Signer SHA-256 d36ef0cedc4eda76d161e2e4ca0d7718fe17b6421e59bdc2b3cb7812e64b78d4.
Neshan,org.rajman.neshan.traffic.tehran.navigator,14.12.0.3,70789,Neshan,2026-08-15,VT first submission,www.virustotal.com,https://www.virustotal.com/gui/file/2545d8b067fa1f977618719ca10b571d201afa0bdd7642b7c94b448ad18307ca,base APK extracted from XAPK,2545d8b067fa1f977618719ca10b571d201afa0bdd7642b7c94b448ad18307ca,in_window,Exact APK audited; acquired by APKPure archived XAPK base. VT first submission or observation 2026-08-18T00:19:22+00:00. Signer SHA-256 d36ef0cedc4eda76d161e2e4ca0d7718fe17b6421e59bdc2b3cb7812e64b78d4.
Neshan,org.rajman.neshan.traffic.tehran.navigator,14.12.0.3,70789,Neshan,2026-08-18,VT first submission,www.virustotal.com,https://www.virustotal.com/gui/file/a5e32beb3aaea641787fdfd4b0cf64a741d6c9237a53155f4c66331531a39061,APK verified from exact bytes,a5e32beb3aaea641787fdfd4b0cf64a741d6c9237a53155f4c66331531a39061,in_window,Exact APK audited; acquired by VirusTotal CLI download. VT first submission or observation 2026-08-18T18:48:23+00:00. Signer SHA-256 d36ef0cedc4eda76d161e2e4ca0d7718fe17b6421e59bdc2b3cb7812e64b78d4.
Neshan,org.rajman.neshan.traffic.tehran.navigator,14.12.0.3,70789,Neshan,2026-08-19,VT first submission,www.virustotal.com,https://www.virustotal.com/gui/file/b5b4dc541e3e6c6cee110ddfd7681652c18a7286b2ef78b139b568c2be8148aa,APK verified from exact bytes,b5b4dc541e3e6c6cee110ddfd7681652c18a7286b2ef78b139b568c2be8148aa,in_window,Exact APK audited; acquired by VirusTotal CLI download. VT first submission or observation 2026-08-19T20:16:16+00:00. Signer SHA-256 d36ef0cedc4eda76d161e2e4ca0d7718fe17b6421e59bdc2b3cb7812e64b78d4.
Neshan,org.rajman.neshan.traffic.tehran.navigator,14.13.0.6,70794,Neshan,2026-09-01,VT first submission,www.virustotal.com,https://www.virustotal.com/gui/file/24e8c96780668a13d7d3fb9780a0c52ccd1012f4ba06515d2f523506a98e5a0a,base APK extracted from XAPK,24e8c96780668a13d7d3fb9780a0c52ccd1012f4ba06515d2f523506a98e5a0a,in_window,Exact APK audited; acquired by APKPure archived XAPK base. VT first submission or observation 2026-09-02T02:12:17+00:00. Signer SHA-256 d36ef0cedc4eda76d161e2e4ca0d7718fe17b6421e59bdc2b3cb7812e64b78d4.
Neshan,org.rajman.neshan.traffic.tehran.navigator,14.13.0.6,70794,Neshan,2026-09-03,VT first submission,www.virustotal.com,https://www.virustotal.com/gui/file/02573f577f105cccf0f3b1d6453f9c1f8923a77c96351632c8bb97e98d430542,APK verified from exact bytes,02573f577f105cccf0f3b1d6453f9c1f8923a77c96351632c8bb97e98d430542,in_window,Exact APK audited; acquired by VirusTotal CLI download. VT first submission or observation 2026-09-03T18:07:22+00:00. Signer SHA-256 d36ef0cedc4eda76d161e2e4ca0d7718fe17b6421e59bdc2b3cb7812e64b78d4.
Neshan,org.rajman.neshan.traffic.tehran.navigator,14.13.0.6,70794,Neshan,2026-09-05,VT first submission,www.virustotal.com,https://www.virustotal.com/gui/file/fdae18a4cc6e950d7bc9bdd21233900991ed5a888d7965b5dbd520b85937b0a7,APK verified from exact bytes,fdae18a4cc6e950d7bc9bdd21233900991ed5a888d7965b5dbd520b85937b0a7,in_window,Exact APK audited; acquired by VirusTotal CLI download. VT first submission or observation 2026-09-05T14:08:15+00:00. Signer SHA-256 d36ef0cedc4eda76d161e2e4ca0d7718fe17b6421e59bdc2b3cb7812e64b78d4.
Neshan,org.rajman.neshan.traffic.tehran.navigator,14.13.0.6,70794,Neshan,2026-09-18,VT first submission,www.virustotal.com,https://www.virustotal.com/gui/file/1fde5a7022979d12b814e9c5786ddfebc4079b1c1138c7ca751ffd1a6d3ae8b5,APK verified from exact bytes,1fde5a7022979d12b814e9c5786ddfebc4079b1c1138c7ca751ffd1a6d3ae8b5,in_window,Exact APK audited; acquired by VirusTotal CLI download. VT first submission or observation 2026-09-18T15:31:45+00:00. Signer SHA-256 d36ef0cedc4eda76d161e2e4ca0d7718fe17b6421e59bdc2b3cb7812e64b78d4.
Neshan,org.rajman.neshan.traffic.tehran.navigator,14.13.0.6,70794,Neshan,2026-09-20,VT first submission,www.virustotal.com,https://www.virustotal.com/gui/file/51715415b9b475bd811e79fd01fd173c5e5dcdc233da6b41ca735ae4a169cd18,APK verified from exact bytes,51715415b9b475bd811e79fd01fd173c5e5dcdc233da6b41ca735ae4a169cd18,in_window,Exact APK audited; acquired by VirusTotal CLI download. VT first submission or observation 2026-09-20T21:32:48+00:00. Signer SHA-256 d36ef0cedc4eda76d161e2e4ca0d7718fe17b6421e59bdc2b3cb7812e64b78d4.
Neshan,org.rajman.neshan.traffic.tehran.navigator,14.14.0.4,,Neshan third-party catalog lead,2026-09-27,third-party site update shown as 5 Mehr 1405; not confirmed release,www.yekmod.com,https://www.yekmod.com/neshan/,XAPK claimed; not acquired,,in_window,Package ID and version shown by site; exact code/hash and original publisher status unverified.
Telewebion,net.telewebion,2.5.3,28,unspecified:4.59MB,2017-06-22,archive_upload_date,APKCafe,https://telewebion.apkcafe.in/,APK/APKS archive variant listing; bytes not acquired,,pre_2023_baseline,Product page states net.telewebion. Variant label preserves published architecture and rounded size; exact variant identity and signer await APK acquisition.
Telewebion,net.telewebion,2.5.3,29,unspecified:4.59MB,2017-06-28,archive_upload_date,APKCafe,https://telewebion.apkcafe.in/,APK/APKS archive variant listing; bytes not acquired,,pre_2023_baseline,Product page states net.telewebion. Variant label preserves published architecture and rounded size; exact variant identity and signer await APK acquisition.
Telewebion,net.telewebion,2.5.4,,unspecified:5.02MB,2017-09-04,archive_upload_date,APKCafe,https://telewebion.apkcafe.in/,APK/APKS archive variant listing; bytes not acquired,,pre_2023_baseline,Product page states net.telewebion. Variant label preserves published architecture and rounded size; exact variant identity and signer await APK acquisition.
Telewebion,net.telewebion,2.6,,unspecified:4.93MB,2017-11-16,archive_upload_date,APKCafe,https://telewebion.apkcafe.in/,APK/APKS archive variant listing; bytes not acquired,,pre_2023_baseline,Product page states net.telewebion. Variant label preserves published architecture and rounded size; exact variant identity and signer await APK acquisition.
Telewebion,net.telewebion,2.6.1,,unspecified:4.93MB,2017-11-23,archive_upload_date,APKCafe,https://telewebion.apkcafe.in/,APK/APKS archive variant listing; bytes not acquired,,pre_2023_baseline,Product page states net.telewebion. Variant label preserves published architecture and rounded size; exact variant identity and signer await APK acquisition.
Telewebion,net.telewebion,2.6.2,,unspecified:4.93MB,2018-01-23,archive_upload_date,APKCafe,https://telewebion.apkcafe.in/,APK/APKS archive variant listing; bytes not acquired,,pre_2023_baseline,Product page states net.telewebion. Variant label preserves published architecture and rounded size; exact variant identity and signer await APK acquisition.
Telewebion,net.telewebion,2.6.3,,unspecified:4.99MB,2018-02-10,archive_upload_date,APKCafe,https://telewebion.apkcafe.in/,APK/APKS archive variant listing; bytes not acquired,,pre_2023_baseline,Product page states net.telewebion. Variant label preserves published architecture and rounded size; exact variant identity and signer await APK acquisition.
Telewebion,net.telewebion,2.6.4,41,unspecified:5.51MB,2018-04-30,archive_upload_date,APKCafe,https://telewebion.apkcafe.in/,APK/APKS archive variant listing; bytes not acquired,,pre_2023_baseline,Product page states net.telewebion. Variant label preserves published architecture and rounded size; exact variant identity and signer await APK acquisition.
Telewebion,net.telewebion,2.6.4,42,unspecified:5.53MB,2018-05-08,archive_upload_date,APKCafe,https://telewebion.apkcafe.in/,APK/APKS archive variant listing; bytes not acquired,,pre_2023_baseline,Product page states net.telewebion. Variant label preserves published architecture and rounded size; exact variant identity and signer await APK acquisition.
Telewebion,net.telewebion,2.6.5,,unspecified:5.86MB,2018-06-11,archive_upload_date,APKCafe,https://telewebion.apkcafe.in/,APK/APKS archive variant listing; bytes not acquired,,pre_2023_baseline,Product page states net.telewebion. Variant label preserves published architecture and rounded size; exact variant identity and signer await APK acquisition.
Telewebion,net.telewebion,2.6.7,,unspecified:6.18MB,2018-09-21,archive_upload_date,APKCafe,https://telewebion.apkcafe.in/,APK/APKS archive variant listing; bytes not acquired,,pre_2023_baseline,Product page states net.telewebion. Variant label preserves published architecture and rounded size; exact variant identity and signer await APK acquisition.
Telewebion,net.telewebion,3.0.4,,universal:8.20MB,2018-11-12,archive_upload_date,APKCafe,https://telewebion.apkcafe.in/,APK/APKS archive variant listing; bytes not acquired,,pre_2023_baseline,Product page states net.telewebion. Variant label preserves published architecture and rounded size; exact variant identity and signer await APK acquisition.
Telewebion,net.telewebion,3.0.5,,universal:8.21MB,2018-11-19,archive_upload_date,APKCafe,https://telewebion.apkcafe.in/,APK/APKS archive variant listing; bytes not acquired,,pre_2023_baseline,Product page states net.telewebion. Variant label preserves published architecture and rounded size; exact variant identity and signer await APK acquisition.
Telewebion,net.telewebion,3.0.6,114,universal:8.09MB,2018-11-20,archive_upload_date,APKCafe,https://telewebion.apkcafe.in/,APK/APKS archive variant listing; bytes not acquired,,pre_2023_baseline,Product page states net.telewebion. Variant label preserves published architecture and rounded size; exact variant identity and signer await APK acquisition.
Telewebion,net.telewebion,3.0.6,116,universal:8.09MB,2018-11-30,archive_upload_date,APKCafe,https://telewebion.apkcafe.in/,APK/APKS archive variant listing; bytes not acquired,,pre_2023_baseline,Product page states net.telewebion. Variant label preserves published architecture and rounded size; exact variant identity and signer await APK acquisition.
Telewebion,net.telewebion,3.0.7,,universal:8.60MB,2018-12-09,archive_upload_date,APKCafe,https://telewebion.apkcafe.in/,APK/APKS archive variant listing; bytes not acquired,,pre_2023_baseline,Product page states net.telewebion. Variant label preserves published architecture and rounded size; exact variant identity and signer await APK acquisition.
Telewebion,net.telewebion,3.0.8,,universal:8.60MB,2018-12-21,archive_upload_date,APKCafe,https://telewebion.apkcafe.in/,APK/APKS archive variant listing; bytes not acquired,,pre_2023_baseline,Product page states net.telewebion. Variant label preserves published architecture and rounded size; exact variant identity and signer await APK acquisition.
Telewebion,net.telewebion,3.0.9,,universal:8.60MB,2019-01-01,archive_upload_date,APKCafe,https://telewebion.apkcafe.in/,APK/APKS archive variant listing; bytes not acquired,,pre_2023_baseline,Product page states net.telewebion. Variant label preserves published architecture and rounded size; exact variant identity and signer await APK acquisition.
Telewebion,net.telewebion,3.1.0,126,universal:8.60MB,2019-01-08,archive_upload_date,APKCafe,https://telewebion.apkcafe.in/,APK/APKS archive variant listing; bytes not acquired,,pre_2023_baseline,Product page states net.telewebion. Variant label preserves published architecture and rounded size; exact variant identity and signer await APK acquisition.
Telewebion,net.telewebion,3.1.0,129,universal:8.61MB,2019-01-17,archive_upload_date,APKCafe,https://telewebion.apkcafe.in/,APK/APKS archive variant listing; bytes not acquired,,pre_2023_baseline,Product page states net.telewebion. Variant label preserves published architecture and rounded size; exact variant identity and signer await APK acquisition.
Telewebion,net.telewebion,3.1.1,,universal:8.68MB,2019-03-08,archive_upload_date,APKCafe,https://telewebion.apkcafe.in/,APK/APKS archive variant listing; bytes not acquired,,pre_2023_baseline,Product page states net.telewebion. Variant label preserves published architecture and rounded size; exact variant identity and signer await APK acquisition.
Telewebion,net.telewebion,3.1.2,,universal:8.66MB,2019-09-30,archive_upload_date,APKCafe,https://telewebion.apkcafe.in/,APK/APKS archive variant listing; bytes not acquired,,pre_2023_baseline,Product page states net.telewebion. Variant label preserves published architecture and rounded size; exact variant identity and signer await APK acquisition.
Telewebion,net.telewebion,3.1.3,,universal:6.61MB,2020-02-15,archive_upload_date,APKCafe,https://telewebion.apkcafe.in/,APK/APKS archive variant listing; bytes not acquired,,pre_2023_baseline,Product page states net.telewebion. Variant label preserves published architecture and rounded size; exact variant identity and signer await APK acquisition.
Telewebion,net.telewebion,3.2,142,unspecified:6.61MB,2020-02-22,archive_upload_date,APKCafe,https://telewebion.apkcafe.in/,APK/APKS archive variant listing; bytes not acquired,,pre_2023_baseline,Product page states net.telewebion. Variant label preserves published architecture and rounded size; exact variant identity and signer await APK acquisition.
Telewebion,net.telewebion,3.2,146,unspecified:5.01MB,2020-07-27,archive_upload_date,APKCafe,https://telewebion.apkcafe.in/,APK/APKS archive variant listing; bytes not acquired,,pre_2023_baseline,Product page states net.telewebion. Variant label preserves published architecture and rounded size; exact variant identity and signer await APK acquisition.
Telewebion,net.telewebion,3.3,148,unspecified:5.54MB,2020-10-01,archive_upload_date,APKCafe,https://telewebion.apkcafe.in/,APK/APKS archive variant listing; bytes not acquired,,pre_2023_baseline,Product page states net.telewebion. Variant label preserves published architecture and rounded size; exact variant identity and signer await APK acquisition.
Telewebion,net.telewebion,3.3,150,unspecified:6.35MB,2020-11-18,archive_upload_date,APKCafe,https://telewebion.apkcafe.in/,APK/APKS archive variant listing; bytes not acquired,,pre_2023_baseline,Product page states net.telewebion. Variant label preserves published architecture and rounded size; exact variant identity and signer await APK acquisition.
Telewebion,net.telewebion,3.4,154,unspecified:6.23MB,2021-01-15,archive_upload_date,APKCafe,https://telewebion.apkcafe.in/,APK/APKS archive variant listing; bytes not acquired,,pre_2023_baseline,Product page states net.telewebion. Variant label preserves published architecture and rounded size; exact variant identity and signer await APK acquisition.
Telewebion,net.telewebion,3.4,155,unspecified:6.25MB,2021-01-23,archive_upload_date,APKCafe,https://telewebion.apkcafe.in/,APK/APKS archive variant listing; bytes not acquired,,pre_2023_baseline,Product page states net.telewebion. Variant label preserves published architecture and rounded size; exact variant identity and signer await APK acquisition.
Telewebion,net.telewebion,4.0.0,158,unspecified:1.52MB,2021-05-19,archive_upload_date,APKCafe,https://telewebion.apkcafe.in/,APK/APKS archive variant listing; bytes not acquired,,pre_2023_baseline,Product page states net.telewebion. Variant label preserves published architecture and rounded size; exact variant identity and signer await APK acquisition.
Telewebion,net.telewebion,4.0.0,158,ARM7:7.72MB,2021-05-19,archive_upload_date,APKCafe,https://telewebion.apkcafe.in/,APK/APKS archive variant listing; bytes not acquired,,pre_2023_baseline,Product page states net.telewebion. Variant label preserves published architecture and rounded size; exact variant identity and signer await APK acquisition.
Telewebion,net.telewebion,4.0.1,159,ARM8:8.14MB,2021-06-11,archive_upload_date,APKCafe,https://telewebion.apkcafe.in/,APK/APKS archive variant listing; bytes not acquired,,pre_2023_baseline,Product page states net.telewebion. Variant label preserves published architecture and rounded size; exact variant identity and signer await APK acquisition.
Telewebion,net.telewebion,4.0.1,159,ARM7:7.91MB,2021-06-11,archive_upload_date,APKCafe,https://telewebion.apkcafe.in/,APK/APKS archive variant listing; bytes not acquired,,pre_2023_baseline,Product page states net.telewebion. Variant label preserves published architecture and rounded size; exact variant identity and signer await APK acquisition.
Telewebion,net.telewebion,4.0.1,159,ARM7:7.90MB,2021-06-11,archive_upload_date,APKCafe,https://telewebion.apkcafe.in/,APK/APKS archive variant listing; bytes not acquired,,pre_2023_baseline,Product page states net.telewebion. Variant label preserves published architecture and rounded size; exact variant identity and signer await APK acquisition.
Telewebion,net.telewebion,4.0.3,161,ARM8:8.18MB,2021-06-17,archive_upload_date,APKCafe,https://telewebion.apkcafe.in/,APK/APKS archive variant listing; bytes not acquired,,pre_2023_baseline,Product page states net.telewebion. Variant label preserves published architecture and rounded size; exact variant identity and signer await APK acquisition.
Telewebion,net.telewebion,4.0.3,161,ARM7:7.95MB,2021-06-17,archive_upload_date,APKCafe,https://telewebion.apkcafe.in/,APK/APKS archive variant listing; bytes not acquired,,pre_2023_baseline,Product page states net.telewebion. Variant label preserves published architecture and rounded size; exact variant identity and signer await APK acquisition.
Telewebion,net.telewebion,4.0.3,161,ARM7:7.94MB,2021-06-17,archive_upload_date,APKCafe,https://telewebion.apkcafe.in/,APK/APKS archive variant listing; bytes not acquired,,pre_2023_baseline,Product page states net.telewebion. Variant label preserves published architecture and rounded size; exact variant identity and signer await APK acquisition.
Telewebion,net.telewebion,4.0.4,162,ARM8:7.91MB,2021-06-23,archive_upload_date,APKCafe,https://telewebion.apkcafe.in/,APK/APKS archive variant listing; bytes not acquired,,pre_2023_baseline,Product page states net.telewebion. Variant label preserves published architecture and rounded size; exact variant identity and signer await APK acquisition.
Telewebion,net.telewebion,4.0.4,162,ARM7:7.54MB,2021-06-23,archive_upload_date,APKCafe,https://telewebion.apkcafe.in/,APK/APKS archive variant listing; bytes not acquired,,pre_2023_baseline,Product page states net.telewebion. Variant label preserves published architecture and rounded size; exact variant identity and signer await APK acquisition.
Telewebion,net.telewebion,4.0.5,163,ARM8:7.91MB,2021-07-31,archive_upload_date,APKCafe,https://telewebion.apkcafe.in/,APK/APKS archive variant listing; bytes not acquired,,pre_2023_baseline,Product page states net.telewebion. Variant label preserves published architecture and rounded size; exact variant identity and signer await APK acquisition.
Telewebion,net.telewebion,4.0.5,163,ARM7:7.54MB,2021-07-31,archive_upload_date,APKCafe,https://telewebion.apkcafe.in/,APK/APKS archive variant listing; bytes not acquired,,pre_2023_baseline,Product page states net.telewebion. Variant label preserves published architecture and rounded size; exact variant identity and signer await APK acquisition.
Telewebion,net.telewebion,4.0.5,163,ARM7:7.53MB,2021-07-31,archive_upload_date,APKCafe,https://telewebion.apkcafe.in/,APK/APKS archive variant listing; bytes not acquired,,pre_2023_baseline,Product page states net.telewebion. Variant label preserves published architecture and rounded size; exact variant identity and signer await APK acquisition.
Telewebion,net.telewebion,4.2.4,,,2021-11-29,archive_file_date,Uptodown,https://telewebion.ar.uptodown.com/android/versions,APK archive listing; bytes not acquired,,pre_2023_baseline,Pre-window baseline; package lineage is anchored by Uptodown product page net.telewebion.
Telewebion,net.telewebion,4.2.4,169,ARM8:8.26MB,2021-12-02,archive_upload_date,APKCafe,https://telewebion.apkcafe.in/,APK/APKS archive variant listing; bytes not acquired,,pre_2023_baseline,Product page states net.telewebion. Variant label preserves published architecture and rounded size; exact variant identity and signer await APK acquisition.
Telewebion,net.telewebion,4.2.4,169,ARM7:7.82MB,2021-12-02,archive_upload_date,APKCafe,https://telewebion.apkcafe.in/,APK/APKS archive variant listing; bytes not acquired,,pre_2023_baseline,Product page states net.telewebion. Variant label preserves published architecture and rounded size; exact variant identity and signer await APK acquisition.
Telewebion,net.telewebion,4.2.3,,,2022-01-24,archive_file_date,Uptodown,https://telewebion.ar.uptodown.com/android/versions,APK archive listing; bytes not acquired,,pre_2023_baseline,Pre-window baseline; package lineage is anchored by Uptodown product page net.telewebion.
Telewebion,net.telewebion,4.2.6,170,ARM8:10.04MB,2022-02-03,archive_upload_date,APKCafe,https://telewebion.apkcafe.in/,APK/APKS archive variant listing; bytes not acquired,,pre_2023_baseline,Product page states net.telewebion. Variant label preserves published architecture and rounded size; exact variant identity and signer await APK acquisition.
Telewebion,net.telewebion,4.2.6,170,ARM7:9.65MB file A,2022-02-03,archive_upload_date,APKCafe,https://telewebion.apkcafe.in/,APK/APKS archive variant listing; bytes not acquired,,pre_2023_baseline,Product page states net.telewebion. Variant label preserves published architecture and rounded size; exact variant identity and signer await APK acquisition.
Telewebion,net.telewebion,4.2.6,170,ARM7:9.65MB file B,2022-02-03,archive_upload_date,APKCafe,https://telewebion.apkcafe.in/,APK/APKS archive variant listing; bytes not acquired,,pre_2023_baseline,Product page states net.telewebion. Variant label preserves published architecture and rounded size; exact variant identity and signer await APK acquisition.
Telewebion,net.telewebion,4.3.1,173,ARM8:10.29MB,2022-02-25,archive_upload_date,APKCafe,https://telewebion.apkcafe.in/,APK/APKS archive variant listing; bytes not acquired,,pre_2023_baseline,Product page states net.telewebion. Variant label preserves published architecture and rounded size; exact variant identity and signer await APK acquisition.
Telewebion,net.telewebion,4.3.1,173,ARM7:9.89MB,2022-02-25,archive_upload_date,APKCafe,https://telewebion.apkcafe.in/,APK/APKS archive variant listing; bytes not acquired,,pre_2023_baseline,Product page states net.telewebion. Variant label preserves published architecture and rounded size; exact variant identity and signer await APK acquisition.
Telewebion,net.telewebion,4.3.1,173,ARM7:9.87MB,2022-02-25,archive_upload_date,APKCafe,https://telewebion.apkcafe.in/,APK/APKS archive variant listing; bytes not acquired,,pre_2023_baseline,Product page states net.telewebion. Variant label preserves published architecture and rounded size; exact variant identity and signer await APK acquisition.
Telewebion,net.telewebion,4.3.2,174,ARM8:10.29MB,2022-03-14,archive_upload_date,APKCafe,https://telewebion.apkcafe.in/,APK/APKS archive variant listing; bytes not acquired,,pre_2023_baseline,Product page states net.telewebion. Variant label preserves published architecture and rounded size; exact variant identity and signer await APK acquisition.
Telewebion,net.telewebion,4.3.2,174,ARM7:9.87MB,2022-03-14,archive_upload_date,APKCafe,https://telewebion.apkcafe.in/,APK/APKS archive variant listing; bytes not acquired,,pre_2023_baseline,Product page states net.telewebion. Variant label preserves published architecture and rounded size; exact variant identity and signer await APK acquisition.
Telewebion,net.telewebion,4.3.2,175,ARM7:9.91MB,2022-03-14,archive_upload_date,APKCafe,https://telewebion.apkcafe.in/,APK/APKS archive variant listing; bytes not acquired,,pre_2023_baseline,Product page states net.telewebion. Variant label preserves published architecture and rounded size; exact variant identity and signer await APK acquisition.
Telewebion,net.telewebion,4.3.5,177,ARM8:10.31MB,2022-04-04,archive_upload_date,APKCafe,https://telewebion.apkcafe.in/,APK/APKS archive variant listing; bytes not acquired,,pre_2023_baseline,Product page states net.telewebion. Variant label preserves published architecture and rounded size; exact variant identity and signer await APK acquisition.
Telewebion,net.telewebion,4.3.5,177,ARM7:9.90MB,2022-04-04,archive_upload_date,APKCafe,https://telewebion.apkcafe.in/,APK/APKS archive variant listing; bytes not acquired,,pre_2023_baseline,Product page states net.telewebion. Variant label preserves published architecture and rounded size; exact variant identity and signer await APK acquisition.
Telewebion,net.telewebion,4.3.5,177,ARM7:9.89MB,2022-04-04,archive_upload_date,APKCafe,https://telewebion.apkcafe.in/,APK/APKS archive variant listing; bytes not acquired,,pre_2023_baseline,Product page states net.telewebion. Variant label preserves published architecture and rounded size; exact variant identity and signer await APK acquisition.
Telewebion,net.telewebion,4.4.3,183,armeabi-v7a,2022-09-06,archive_upload_date,APKMirror,https://www.apkmirror.com/apk/simraco/telewebion/telewebion-4-4-3-release/telewebion-4-4-3-3-android-apk-download/,APKMirror page hash; direct download unavailable; bytes not acquired,0dfe6d054e942a61e046c6a4c6bf43f13895fa2aee34ee76a3a7ca3cc32c135a,pre_2023_baseline,"Pre-window baseline; Uptodown later lists same version in 2024, so do not treat that as first release."
Telewebion,net.telewebion,4.4.3,183,arm64-v8a,2022-09-06,archive_upload_date,APKMirror,https://www.apkmirror.com/apk/simraco/telewebion/telewebion-4-4-3-release/telewebion-4-4-3-android-apk-download/,APKMirror page hash; direct download unavailable; bytes not acquired,37f1d4b9e9d92a19622c2e4b35d68cd10d369c1531c6514f2535c3681ece64f4,pre_2023_baseline,"Pre-window baseline; Uptodown later lists same version in 2024, so do not treat that as first release."
Telewebion,net.telewebion,4.4.3,183,x86_64,2022-09-06,archive_upload_date,APKMirror,https://www.apkmirror.com/apk/simraco/telewebion/telewebion-4-4-3-release/telewebion-4-4-3-2-android-apk-download/,APKMirror page hash; direct download unavailable; bytes not acquired,857f0e408450acc6fbab7727d84d805848445994b733b452dc29634447d98a57,pre_2023_baseline,"Pre-window baseline; Uptodown later lists same version in 2024, so do not treat that as first release."
Telewebion,net.telewebion,4.4.3,183,ARM8:10.87MB,2022-09-16,archive_upload_date,APKCafe,https://telewebion.apkcafe.in/,APK/APKS archive variant listing; bytes not acquired,,pre_2023_baseline,Product page states net.telewebion. Variant label preserves published architecture and rounded size; exact variant identity and signer await APK acquisition.
Telewebion,net.telewebion,4.4.3,183,ARM7:10.43MB,2022-09-16,archive_upload_date,APKCafe,https://telewebion.apkcafe.in/,APK/APKS archive variant listing; bytes not acquired,,pre_2023_baseline,Product page states net.telewebion. Variant label preserves published architecture and rounded size; exact variant identity and signer await APK acquisition.
Telewebion,net.telewebion,4.4.6,186,arm64-v8a,2023-01-29,archive_upload_date,APKMirror,https://www.apkmirror.com/apk/simraco/telewebion/telewebion-4-4-6-release/telewebion-4-4-6-2-android-apk-download/,APKMirror page hash; direct download unavailable; bytes not acquired,910c19bcb3463126a6be2b05045ac27165c3d4b6c7754d9f7e8abd9e957f1f4d,in_window,Same versionCode across three architecture APKs. Uptodown separately lists 2023-01-25 and Aptoide 2024-02-28.
Telewebion,net.telewebion,4.4.6,186,armeabi-v7a,2023-01-29,archive_upload_date,APKMirror,https://www.apkmirror.com/apk/simraco/telewebion/telewebion-4-4-6-release/telewebion-4-4-6-3-android-apk-download/,APKMirror page hash; direct download unavailable; bytes not acquired,9a54fb0c9851812204b2bc76d1820e8367597c2027f2dbd3e5496d5424660ffb,in_window,Same versionCode across three architecture APKs. Uptodown separately lists 2023-01-25 and Aptoide 2024-02-28.
Telewebion,net.telewebion,4.4.6,186,x86_64,2023-01-29,archive_upload_date,APKMirror,https://www.apkmirror.com/apk/simraco/telewebion/telewebion-4-4-6-release/telewebion-4-4-6-android-apk-download/,APKMirror page hash; direct download unavailable; bytes not acquired,e672f6e8963ae55cea5b267991aa1ffc23a16cd6aa017405536139367d06655c,in_window,Same versionCode across three architecture APKs. Uptodown separately lists 2023-01-25 and Aptoide 2024-02-28.
Telewebion,net.telewebion,5.1.4,,,2024-03-01,archive_file_date,Uptodown,https://telewebion.ar.uptodown.com/android/versions,APK archive listing; bytes not acquired,,in_window,
Telewebion,net.telewebion,5.1.5,5105,universal,2024-03-18,archive_upload_date,APKMirror,https://www.apkmirror.com/apk/simraco/telewebion/telewebion-5-1-5-release/telewebion-5-1-5-android-apk-download/,APKMirror page hash; direct download unavailable; bytes not acquired,ccc74b10d3268c8aea3f98d2d04d4bc4a5df0eb8b3dfcd044778055d2744c481,in_window,"APKMirror package, versionCode, and APK file hash are page-published; Uptodown later lists an XAPK dated 2025-01-22."
Telewebion,net.telewebion,5.1.13,5113,universal,2024-07-16,archive_upload_date,APKMirror,https://www.apkmirror.com/apk/simraco/telewebion/telewebion-5-1-13-release/telewebion-5-1-13-android-apk-download/,APKMirror page hash; direct download unavailable; bytes not acquired,990cb464ced4f6ffd69f6634fe0d4290d2df6c50a5499166fd98553235116c4c,in_window,"APKMirror package, versionCode, and APK file hash are page-published; Uptodown lists earlier archive date 2024-06-11."
Telewebion,net.telewebion,5.1.15,,,2024-07-25,archive_file_date,Uptodown,https://telewebion.en.uptodown.com/android/versions,APK archive listing; bytes not acquired,,in_window,
Telewebion,net.telewebion,4.3.2,,,2024-10-25,archive_file_date,Uptodown,https://telewebion.ar.uptodown.com/android/versions,APK archive listing; bytes not acquired,,in_window,"Legacy 4.x line appears in archive well after 5.x. This is an archive file date, not a developer release chronology."
Telewebion,net.telewebion,5.1.19,,,2024-12-17,archive_file_date,Uptodown,https://telewebion.en.uptodown.com/android/versions,APK archive listing; bytes not acquired,,in_window,
Telewebion,net.telewebion,5.1.19,,arm64-v8a:22.68MB APKS,2024-12-21,archive_upload_date,APKCafe,https://telewebion.apkcafe.in/,APK/APKS archive variant listing; bytes not acquired,,in_window,Product page states net.telewebion. Variant label preserves published architecture and rounded size; exact variant identity and signer await APK acquisition.
Telewebion,net.telewebion,5.1.19,,armeabi-v7:22.19MB APKS,2024-12-21,archive_upload_date,APKCafe,https://telewebion.apkcafe.in/,APK/APKS archive variant listing; bytes not acquired,,in_window,Product page states net.telewebion. Variant label preserves published architecture and rounded size; exact variant identity and signer await APK acquisition.
Telewebion,net.telewebion,5.1.5,,,2025-01-22,archive_file_date,Uptodown,https://telewebion.ar.uptodown.com/android/versions,XAPK archive listing; bytes not acquired,,in_window,"Same version name as APKMirror 2024 APK, but XAPK format; contents may differ and bytes were not obtained."
Telewebion,net.telewebion,4.2.6,,,2025-02-15,archive_file_date,Uptodown,https://telewebion.ar.uptodown.com/android/versions,APK archive listing; bytes not acquired,,in_window,"Legacy 4.x line appears in archive well after 5.x. This is an archive file date, not a developer release chronology."
Telewebion,net.telewebion,5.2.0,5200,,2025-03-05,archive_file_date,APKPure,https://apkpure.net/telewebion/net.telewebion/versions,XAPK archive listing; bytes not acquired,,in_window,Uptodown has a later XAPK archive date (2025-04-17).
Telewebion,net.telewebion,5.2.1,5201,,2025-03-18,archive_file_date,APKPure,https://apkpure.net/telewebion/net.telewebion/versions,APK archive listing; bytes not acquired,,in_window,
Telewebion,net.telewebion,4.3.1,,,2025-04-07,archive_file_date,Uptodown,https://telewebion.ar.uptodown.com/android/versions,APK archive listing; bytes not acquired,,in_window,"Legacy 4.x line appears in archive well after 5.x. This is an archive file date, not a developer release chronology."
Telewebion,net.telewebion,5.1.20,,,2025-04-10,archive_file_date,Uptodown,https://telewebion.en.uptodown.com/android/versions,XAPK archive listing; bytes not acquired,,in_window,
Telewebion,net.telewebion,5.2.2,5202,,2025-04-28,archive_file_date,APKPure,https://apkpure.net/telewebion/net.telewebion/versions,XAPK archive listing; bytes not acquired,,in_window,Uptodown has a later XAPK archive date (2025-11-18); neither is confirmed developer release.
Telewebion,net.telewebion,5.2.2,,armeabi-v7:25.12MB APKS,2025-04-30,archive_upload_date,APKCafe,https://telewebion.apkcafe.in/,APK/APKS archive variant listing; bytes not acquired,,in_window,Product page states net.telewebion. Variant label preserves published architecture and rounded size; exact variant identity and signer await APK acquisition.
Telewebion,net.telewebion,5.2.2,,arm64-v8a:25.82MB APKS,2025-04-30,archive_upload_date,APKCafe,https://telewebion.apkcafe.in/,APK/APKS archive variant listing; bytes not acquired,,in_window,Product page states net.telewebion. Variant label preserves published architecture and rounded size; exact variant identity and signer await APK acquisition.
Telewebion,net.telewebion,4.3.5,,,2025-07-19,archive_file_date,Uptodown,https://telewebion.ar.uptodown.com/android/versions,APK archive listing; bytes not acquired,,in_window,"Legacy 4.x line appears in archive well after 5.x. This is an archive file date, not a developer release chronology."
Telewebion,net.telewebion,5.2.3,5203,universal,2025-07-28,archive_upload_date,APKMirror,https://www.apkmirror.com/apk/simraco/telewebion/telewebion-5-2-3-release/telewebion-5-2-3-android-apk-download/,APKMirror page hash; direct download unavailable; bytes not acquired,30877ce6dd86e934b3ae1d2d13b48f5800b25562c5baaf54d7d61f72034104f8,in_window,"APKMirror package, versionCode, and APK file hash are page-published; APKPure separately lists 2025-07-16, Uptodown 2025-06-21."
Telewebion,net.telewebion,4.3.4,,,2025-08-19,archive_file_date,Uptodown,https://telewebion.ar.uptodown.com/android/versions,APK archive listing; bytes not acquired,,in_window,"Legacy 4.x line appears in archive well after 5.x. This is an archive file date, not a developer release chronology."
Telewebion,net.telewebion,5.2.4,5204,,2025-10-02,archive_file_date,APKPure,https://apkpure.net/telewebion/net.telewebion/versions,APK archive listing; bytes not acquired,,in_window,"APKPure search-index listing; date is archive file date, not confirmed developer release. Archive page timed out on direct retrieval."
Telewebion,net.telewebion,5.2.5,5205,,2025-10-26,archive_file_date,APKPure,https://apkpure.net/telewebion/net.telewebion/versions,APK archive listing; bytes not acquired,,in_window,"APKPure search-index listing; date is archive file date, not confirmed developer release. Archive page timed out on direct retrieval."
Telewebion,net.telewebion,5.2.6,5206,,2025-12-22,archive_file_date,APKPure,https://apkpure.net/telewebion/net.telewebion/versions,APK archive listing; bytes not acquired,,in_window,"APKPure search-index listing; date is archive file date, not confirmed developer release. Archive page timed out on direct retrieval."
Telewebion,net.telewebion,5.2.7,5207,,2026-02-08,archive_file_date,APKPure,https://apkpure.net/telewebion/net.telewebion/versions,APK archive listing; bytes not acquired,,in_window,"APKPure search-index listing; date is archive file date, not confirmed developer release. Archive page timed out on direct retrieval."
Telewebion,net.telewebion,5.2.8,5208,,2026-02-22,archive_file_date,APKPure,https://apkpure.net/telewebion/net.telewebion/versions,APK archive listing; bytes not acquired,,in_window,"APKPure search-index listing; date is archive file date, not confirmed developer release. Archive page timed out on direct retrieval."
Telewebion,net.telewebion,5.2.9,5209,,2026-04-10,archive_file_date,APKPure,https://apkpure.net/telewebion/net.telewebion/versions,APK archive listing; bytes not acquired,,in_window,"APKPure search-index listing; date is archive file date, not confirmed developer release. Archive page timed out on direct retrieval."
Telewebion,net.telewebion,5.3.0,,,2026-06-09,archive_file_date,Uptodown,https://telewebion.en.uptodown.com/android/versions,APK archive listing; bytes not acquired,,in_window,"Archive listing date; 5.3.2 appears after 5.3.3, so do not interpret dates as a release sequence."
Telewebion,net.telewebion,5.3.1,,,2026-06-09,archive_file_date,Uptodown,https://telewebion.en.uptodown.com/android/versions,APK archive listing; bytes not acquired,,in_window,"Archive listing date; 5.3.2 appears after 5.3.3, so do not interpret dates as a release sequence."
Telewebion,net.telewebion,5.3.3,,,2026-06-11,archive_file_date,Uptodown,https://telewebion.en.uptodown.com/android/versions,APK archive listing; bytes not acquired,,in_window,"Archive listing date; 5.3.2 appears after 5.3.3, so do not interpret dates as a release sequence."
Telewebion,net.telewebion,5.3.2,,,2026-06-13,archive_file_date,Uptodown,https://telewebion.en.uptodown.com/android/versions,APK archive listing; bytes not acquired,,in_window,"Archive listing date; 5.3.2 appears after 5.3.3, so do not interpret dates as a release sequence."
Telewebion,net.telewebion,5.3.4,,,2026-06-16,archive_file_date,Uptodown,https://telewebion.en.uptodown.com/android/versions,APK archive listing; bytes not acquired,,in_window,"Archive listing date; 5.3.2 appears after 5.3.3, so do not interpret dates as a release sequence."
Telewebion,net.telewebion,5.3.5,,,2026-06-20,archive_file_date,Uptodown,https://telewebion.en.uptodown.com/android/versions,APK archive listing; bytes not acquired,,in_window,"Archive listing date; 5.3.2 appears after 5.3.3, so do not interpret dates as a release sequence."
Telewebion,net.telewebion,5.3.6,,,2026-09-20,archive_file_date,Uptodown,https://telewebion.en.uptodown.com/android,APK archive listing; bytes not acquired,,in_window,Older-version excerpt on current product page; archive date is not confirmed release date.
Telewebion,net.telewebion,5.3.7,,,2026-09-21,archive_file_date,Uptodown,https://telewebion.en.uptodown.com/android,Uptodown APK listing and page hash; bytes not acquired,2f8a0606494ca563e3164fb317bcf1ca3a9b61c2de39c1ff70e6aef4269f8a5e,in_window,"Uptodown page explicitly shows package net.telewebion and its own file SHA-256; this is a distinct source record for the same version, not a new release."
Telewebion,net.telewebion,5.3.7,,,2026-09-26,store_last_update_date,Myket,https://myket.ir/app/net.telewebion,store APK listing; bytes not acquired,,in_window,Myket reports 1405/07/04; Uptodown separately lists a 5.3.7 APK dated 2026-09-21 with page SHA-256.
Balad,com.baladmaps,4.60.2,6323,Balad Play,2022-08-15,"APKPure listed update, not confirmed developer release",apkpure.net,https://apkpure.net/%D8%A8%D9%84%D8%AF-%D9%85%D8%B3%DB%8C%D8%B1%DB%8C%D8%A7%D8%A8%D8%8C-%D9%86%D9%82%D8%B4%D9%87-balad/com.baladmaps/versions,APK and XAPK listed,,pre_2023_baseline,Pre-2023 adjacent baseline for the Play package; exact bytes not acquired.
Balad,com.baladmaps,4.62.1,6613,Balad Play,2022-10-12,"APKPure listed update, not confirmed developer release",apkpure.net,https://apkpure.net/%D8%A8%D9%84%D8%AF-%D9%85%D8%B3%DB%8C%D8%B1%DB%8C%D8%A7%D8%A8%D8%8C-%D9%86%D9%82%D8%B4%D9%87-balad/com.baladmaps/versions,XAPK listed,,pre_2023_baseline,Pre-2023 adjacent baseline for the Play package; exact bytes not acquired.
Balad,com.baladmaps,4.63.0,6623,Balad Play,2022-10-31,"APKPure listed update, not confirmed developer release",apkpure.net,https://apkpure.net/%D8%A8%D9%84%D8%AF-%D9%85%D8%B3%DB%8C%D8%B1%DB%8C%D8%A7%D8%A8%D8%8C-%D9%86%D9%82%D8%B4%D9%87-balad/com.baladmaps/versions,APK and XAPK listed,,pre_2023_baseline,Pre-2023 adjacent baseline for the Play package; exact bytes not acquired.
Balad,com.baladmaps,4.64.1,6663,Balad Play,2023-02-07,APKPure listed update,apkpure.net,https://apkpure.net/%D8%A8%D9%84%D8%AF-%D9%85%D8%B3%DB%8C%D8%B1%DB%8C%D8%A7%D8%A8%D8%8C-%D9%86%D9%82%D8%B4%D9%87-balad/com.baladmaps/versions,APK/XAPK listing; format check needed,,in_window,Earlier candidate worklist; not_acquired; not_audited. Pre-May-2023 baseline; XAPK listed; base APK hash unknown
Balad,com.baladmaps,4.60.2,,Balad Play; Uptodown archive,2023-12-27,"Uptodown archive date, not developer release date",balad.en.uptodown.com,https://balad.en.uptodown.com/android/versions,APK listed; bytes not acquired,,in_window,Older version label with later archive date; do not interpret this date as first release.
Balad,com.baladmaps,4.71.1,6903,Balad Play,2025-03-09,APKPure listed update,apkpure.net,https://apkpure.net/%D8%A8%D9%84%D8%AF-%D9%85%D8%B3%DB%8C%D8%B1%DB%8C%D8%A7%D8%A8%D8%8C-%D9%86%D9%82%D8%B4%D9%87-balad/com.baladmaps/versions,APK/XAPK listing; format check needed,,in_window,Earlier candidate worklist; not_acquired; not_audited. APK and XAPK listed; distinct from Bazaar code 6900
Balad,com.baladmaps,4.73.2,6953,Balad Play,2025-08-07,APKPure listed update,apkpure.net,https://apkpure.net/%D8%A8%D9%84%D8%AF-%D9%85%D8%B3%DB%8C%D8%B1%DB%8C%D8%A7%D8%A8%D8%8C-%D9%86%D9%82%D8%B4%D9%87-balad/com.baladmaps/versions,APK/XAPK listing; format check needed,,in_window,Earlier candidate worklist; not_acquired; not_audited. APK and XAPK listed; exact hash not yet verified
Balad,com.baladmaps,4.74.1,6973,Balad Play,2025-09-24,APKPure listed update,apkpure.net,https://apkpure.net/%D8%A8%D9%84%D8%AF-%D9%85%D8%B3%DB%8C%D8%B1%DB%8C%D8%A7%D8%A8%D8%8C-%D9%86%D9%82%D8%B4%D9%87-balad/com.baladmaps/versions,APK/XAPK listing; format check needed,,in_window,Earlier candidate worklist; not_acquired; not_audited. APK and XAPK listed; exact hash not yet verified
Balad,com.baladmaps,4.49.3,,Balad Play; Uptodown archive,2025-11-02,"Uptodown archive date, not developer release date",balad.en.uptodown.com,https://balad.en.uptodown.com/android/versions,APK listed; bytes not acquired,,in_window,Older version label with later archive date; do not interpret this date as first release.
Balad,com.baladmaps,4.48.1,,Balad Play; Uptodown archive,2025-11-08,"Uptodown archive date, not developer release date",balad.en.uptodown.com,https://balad.en.uptodown.com/android/versions,APK listed; bytes not acquired,,in_window,Older version label with later archive date; do not interpret this date as first release.
Balad,com.baladmaps,4.59.0,,Balad Play; Uptodown archive,2025-12-31,"Uptodown archive date, not developer release date",balad.en.uptodown.com,https://balad.en.uptodown.com/android/versions,APK listed; bytes not acquired,,in_window,Older version label with later archive date; do not interpret this date as first release.
Balad,com.baladmaps,4.76.4,7031,Balad Play,2026-02-09,APKPure listed update,apkpure.net,https://apkpure.net/%D8%A8%D9%84%D8%AF-%D9%85%D8%B3%DB%8C%D8%B1%DB%8C%D8%A7%D8%A8%D8%8C-%D9%86%D9%82%D8%B4%D9%87-balad/com.baladmaps/versions,APK/XAPK listing; format check needed,,in_window,Earlier candidate worklist; not_acquired; not_audited. APK listed; exact hash not yet verified
Balad,com.baladmaps,4.77.0,7041,Balad Play,2026-02-20,VT first submission,www.virustotal.com,https://www.virustotal.com/gui/file/515e0330b2bb1429bcfdf7c8bdf7f15580fefc458e1e2c8ba7b0bb36c984e2e6,APK verified from exact bytes,515e0330b2bb1429bcfdf7c8bdf7f15580fefc458e1e2c8ba7b0bb36c984e2e6,in_window,Exact APK audited; acquired by VirusTotal CLI download. VT first submission or observation 2026-02-20T00:09:54Z. Signer SHA-256 558ded460b975f67fd0f43cf136a4e4896f3ca396ef2c1cad5b575ee23fef311.
Balad,com.baladmaps,4.78.1,7061,Balad Play,2026-03-29,VT first submission,www.virustotal.com,https://www.virustotal.com/gui/file/02c402939a7314edeaa61cdb93fd0b7c010a1f6bae760589efb1b83702fd5b85,APK verified from exact bytes,02c402939a7314edeaa61cdb93fd0b7c010a1f6bae760589efb1b83702fd5b85,in_window,Exact APK audited; acquired by VirusTotal CLI download. VT first submission or observation 2026-03-29T10:44:11Z. Signer SHA-256 558ded460b975f67fd0f43cf136a4e4896f3ca396ef2c1cad5b575ee23fef311.
Balad,com.baladmaps,4.79.0,7071,Balad Play,2026-04-14,VT first submission,www.virustotal.com,https://www.virustotal.com/gui/file/dc4c8462fbf75956c5e2c0c45bf019f7a79588291d5e0a08acc09da7d34faaf9,APK verified from exact bytes,dc4c8462fbf75956c5e2c0c45bf019f7a79588291d5e0a08acc09da7d34faaf9,in_window,Exact APK audited; acquired by VirusTotal CLI download. VT first submission or observation 2026-04-14T11:07:44Z. Signer SHA-256 558ded460b975f67fd0f43cf136a4e4896f3ca396ef2c1cad5b575ee23fef311.
Balad,com.baladmaps,4.41.2,,Balad Play; Uptodown archive,2026-06-08,"Uptodown archive date, not developer release date",balad.en.uptodown.com,https://balad.en.uptodown.com/android/versions,APK listed; bytes not acquired,,in_window,Older version label with later archive date; do not interpret this date as first release.
Balad,com.baladmaps,4.82.1,7121,Balad Play,2026-08-06,VT first submission,www.virustotal.com,https://www.virustotal.com/gui/file/0936895d1635d0529e2d9a7c62cf4308faa39b743acb3bae63af4c2f31374813,APK verified from exact bytes,0936895d1635d0529e2d9a7c62cf4308faa39b743acb3bae63af4c2f31374813,in_window,Exact APK audited; acquired by VirusTotal CLI download. VT first submission or observation 2026-08-06T11:36:11+00:00. Signer SHA-256 558ded460b975f67fd0f43cf136a4e4896f3ca396ef2c1cad5b575ee23fef311.
Balad,com.baladmaps,4.82.1,7120,Balad Play,2026-09-05,VT first submission,www.virustotal.com,https://www.virustotal.com/gui/file/c5ee4231d60b71556391d36f7b8f3acf664a7dd0be097ae86951bf5c025c76fe,APK verified from exact bytes,c5ee4231d60b71556391d36f7b8f3acf664a7dd0be097ae86951bf5c025c76fe,in_window,Exact APK audited; acquired by VirusTotal CLI download. VT first submission or observation 2026-09-05T00:29:24+00:00. Signer SHA-256 558ded460b975f67fd0f43cf136a4e4896f3ca396ef2c1cad5b575ee23fef311.
Balad,com.baladmaps,4.83.2,7150,Balad Play,2026-09-28,VT first submission,www.virustotal.com,https://www.virustotal.com/gui/file/c34c4cdb80c23a804d1442fe5114c25dea02c56757ba77bdbf83e067b4ec913a,APK verified from exact bytes,c34c4cdb80c23a804d1442fe5114c25dea02c56757ba77bdbf83e067b4ec913a,in_window,Exact APK audited; acquired by VirusTotal CLI download. VT first submission or observation 2026-09-28T10:39:56Z. Signer SHA-256 558ded460b975f67fd0f43cf136a4e4896f3ca396ef2c1cad5b575ee23fef311.
Balad,ir.balad,4.29.2-armv8,5531,Balad Bazaar,2021-07-04,"APKPure listed update, not confirmed developer release",apkpure.net,https://apkpure.net/%D8%A8%D9%84%D8%AF-%E2%80%93-%D9%86%D9%82%D8%B4%D9%87-%D9%88-%D9%85%D8%B3%DB%8C%D8%B1%DB%8C%D8%A7%D8%A8-%D9%81%D8%A7%D8%B1%D8%B3%DB%8C/ir.balad/versions,APK listed; bytes not acquired,,pre_2023_baseline,Older architecture-specific baseline; large 2022–2023 archive gap remains.
Balad,ir.balad,4.35.1-armv7,5625,Balad Bazaar,2021-08-25,"APKPure listed update, not confirmed developer release",apkpure.net,https://apkpure.net/%D8%A8%D9%84%D8%AF-%E2%80%93-%D9%86%D9%82%D8%B4%D9%87-%D9%88-%D9%85%D8%B3%DB%8C%D8%B1%DB%8C%D8%A7%D8%A8-%D9%81%D8%A7%D8%B1%D8%B3%DB%8C/ir.balad/versions,APK listed; bytes not acquired,,pre_2023_baseline,Older architecture-specific baseline; large 2022–2023 archive gap remains.
Balad,ir.balad,4.35.1-armv8,5626,Balad Bazaar,2021-08-25,"APKPure listed update, not confirmed developer release",apkpure.net,https://apkpure.net/%D8%A8%D9%84%D8%AF-%E2%80%93-%D9%86%D9%82%D8%B4%D9%87-%D9%88-%D9%85%D8%B3%DB%8C%D8%B1%DB%8C%D8%A7%D8%A8-%D9%81%D8%A7%D8%B1%D8%B3%DB%8C/ir.balad/versions,APK listed; bytes not acquired,,pre_2023_baseline,Older architecture-specific baseline; large 2022–2023 archive gap remains.
Balad,ir.balad,4.65.0,,Balad Bazaar,2023-07-17,Phoneky published listing,phoneky.com,https://phoneky.com/android/?id=d1d303850,archive listing; format unverified,,in_window,Earlier candidate worklist; not_acquired; not_audited. Exact APK hash and version code unknown; availability unverified
Balad,ir.balad,4.68.5,6820,Balad Bazaar,2024-12-08,APKPure listed update,apkpure.net,https://apkpure.net/%D8%A8%D9%84%D8%AF-%E2%80%93-%D9%86%D9%82%D8%B4%D9%87-%D9%88-%D9%85%D8%B3%DB%8C%D8%B1%DB%8C%D8%A7%D8%A8-%D9%81%D8%A7%D8%B1%D8%B3%DB%8C/ir.balad/versions,APK listed,,in_window,Earlier candidate worklist; not_acquired; not_audited. APK listed; exact hash not yet verified
Balad,ir.balad,4.71.0,6890,Balad Bazaar,2025-03-03,APKPure listed update,apkpure.net,https://apkpure.net/%D8%A8%D9%84%D8%AF-%E2%80%93-%D9%86%D9%82%D8%B4%D9%87-%D9%88-%D9%85%D8%B3%DB%8C%D8%B1%DB%8C%D8%A7%D8%A8-%D9%81%D8%A7%D8%B1%D8%B3%DB%8C/ir.balad/versions,APK listed,,in_window,Earlier candidate worklist; not_acquired; not_audited. APK listed; exact hash not yet verified
Balad,ir.balad,4.71.1,6900,Balad Bazaar,2025-03-05,APKPure listed update,apkpure.net,https://apkpure.net/%D8%A8%D9%84%D8%AF-%E2%80%93-%D9%86%D9%82%D8%B4%D9%87-%D9%88-%D9%85%D8%B3%DB%8C%D8%B1%DB%8C%D8%A7%D8%A8-%D9%81%D8%A7%D8%B1%D8%B3%DB%8C/ir.balad/versions,APK listed,,in_window,Earlier candidate worklist; not_acquired; not_audited. APK listed; distinct from Play code 6903
Balad,ir.balad,4.72.0,6910,Balad Bazaar,2025-05-26,APKPure listed update,apkpure.net,https://apkpure.net/%D8%A8%D9%84%D8%AF-%E2%80%93-%D9%86%D9%82%D8%B4%D9%87-%D9%88-%D9%85%D8%B3%DB%8C%D8%B1%DB%8C%D8%A7%D8%A8-%D9%81%D8%A7%D8%B1%D8%B3%DB%8C/ir.balad/versions,APK listed,,in_window,Earlier candidate worklist; not_acquired; not_audited. APK listed; exact hash not yet verified
Balad,ir.balad,4.72.1,6920,Balad Bazaar,2025-06-30,APKPure listed update,apkpure.net,https://apkpure.net/%D8%A8%D9%84%D8%AF-%E2%80%93-%D9%86%D9%82%D8%B4%D9%87-%D9%88-%D9%85%D8%B3%DB%8C%D8%B1%DB%8C%D8%A7%D8%A8-%D9%81%D8%A7%D8%B1%D8%B3%DB%8C/ir.balad/versions,APK listed,,in_window,Earlier candidate worklist; not_acquired; not_audited. APK listed; exact hash not yet verified
Balad,ir.balad,4.73.0,6930,Balad Bazaar,2025-08-04,APKPure listed update,apkpure.net,https://apkpure.net/%D8%A8%D9%84%D8%AF-%E2%80%93-%D9%86%D9%82%D8%B4%D9%87-%D9%88-%D9%85%D8%B3%DB%8C%D8%B1%DB%8C%D8%A7%D8%A8-%D9%81%D8%A7%D8%B1%D8%B3%DB%8C/ir.balad/versions,APK listed,,in_window,Earlier candidate worklist; not_acquired; not_audited. APK listed; exact hash not yet verified
Balad,ir.balad,4.75.0,6981,Balad Bazaar,2025-10-25,APKPure listed update,apkpure.net,https://apkpure.net/%D8%A8%D9%84%D8%AF-%E2%80%93-%D9%86%D9%82%D8%B4%D9%87-%D9%88-%D9%85%D8%B3%DB%8C%D8%B1%DB%8C%D8%A7%D8%A8-%D9%81%D8%A7%D8%B1%D8%B3%DB%8C/ir.balad/versions,APK listed,,in_window,Earlier candidate worklist; not_acquired; not_audited. APK listed; exact hash not yet verified
Balad,ir.balad,4.76.0,,Balad Bazaar,2025-11-22,Uptodown archive date,balad-ir-balad.en.uptodown.com,https://balad-ir-balad.en.uptodown.com/android/versions,APK listed,,in_window,Earlier candidate worklist; not_acquired; not_audited. Exact APK hash and version code unknown
Balad,ir.balad,4.76.2,,Balad Bazaar archive entry 1,2025-12-05,Uptodown archive dates,balad-ir-balad.en.uptodown.com,https://balad-ir-balad.en.uptodown.com/android/versions,APK listed,,in_window,Earlier candidate worklist; not_acquired; not_audited. Two listed entries; hashes and version codes unknown Archive entry 1 of 2 for one version label; distinct bytes not yet established.
Balad,ir.balad,4.76.2,,Balad Bazaar archive entry 2,2025-12-15,Uptodown archive dates,balad-ir-balad.en.uptodown.com,https://balad-ir-balad.en.uptodown.com/android/versions,APK listed,,in_window,Earlier candidate worklist; not_acquired; not_audited. Two listed entries; hashes and version codes unknown Archive entry 2 of 2 for one version label; distinct bytes not yet established.
Balad,ir.balad,4.76.3,7021,Balad Bazaar,2025-12-17,VT first submission,www.virustotal.com,https://www.virustotal.com/gui/file/2cd665cc41445f86a33d529c92cf11afb68b25073f7f2a5794bee90bfe65aacc,APK verified from exact bytes,2cd665cc41445f86a33d529c92cf11afb68b25073f7f2a5794bee90bfe65aacc,in_window,Exact APK audited; acquired by APKPure direct; cross-checked VT SHA-256. VT first submission or observation 2025-12-17T16:14:14Z. Signer SHA-256 029469f9da468848168b620e03efb0863e7fc79e505baac90c4e8c2706a034f5.
Balad,ir.balad,4.76.4,7031,Balad Bazaar,2025-12-21,VT first submission,www.virustotal.com,https://www.virustotal.com/gui/file/08395cba9ed4dd3ab20507b8791e364fd9f588156f5dcea98350c8333e19a304,APK verified from exact bytes,08395cba9ed4dd3ab20507b8791e364fd9f588156f5dcea98350c8333e19a304,in_window,Exact APK audited; acquired by APKPure direct; cross-checked VT SHA-256. VT first submission or observation 2025-12-21T13:16:30Z. Signer SHA-256 029469f9da468848168b620e03efb0863e7fc79e505baac90c4e8c2706a034f5.
Balad,ir.balad,4.77.0,7041,Balad Bazaar,2026-02-05,VT first submission,www.virustotal.com,https://www.virustotal.com/gui/file/214c667001e63627544bb2174a347dbe1e97069a48ec973b634d50502d9abaf1,APK verified from exact bytes,214c667001e63627544bb2174a347dbe1e97069a48ec973b634d50502d9abaf1,in_window,Exact APK audited; acquired by APKPure direct; cross-checked VT SHA-256. VT first submission or observation 2026-02-05T10:48:52+00:00. Signer SHA-256 029469f9da468848168b620e03efb0863e7fc79e505baac90c4e8c2706a034f5.
Balad,ir.balad,4.78.0,,Balad Bazaar,2026-02-24,Uptodown archive date,balad-ir-balad.en.uptodown.com,https://balad-ir-balad.en.uptodown.com/android/versions,APK listed,,in_window,Earlier candidate worklist; not_acquired; not_audited. Listed APK not recovered in prior attempt; hash and version code unknown
Balad,ir.balad,4.78.1,,Balad Bazaar archive entry 1,2026-02-24,Uptodown archive dates,balad-ir-balad.en.uptodown.com,https://balad-ir-balad.en.uptodown.com/android/versions,APK listed,,in_window,Earlier candidate worklist; not_acquired; not_audited. Two listed entries not recovered in prior attempt; hashes and version codes unknown Archive entry 1 of 2 for one version label; distinct bytes not yet established.
Balad,ir.balad,4.79.0,7071,Balad Bazaar,2026-03-18,VT first submission,www.virustotal.com,https://www.virustotal.com/gui/file/4c015bc86454142d7d5e4318e02454d0e1c7c2c9c602f3227fbde5a631c31784,APK verified from exact bytes,4c015bc86454142d7d5e4318e02454d0e1c7c2c9c602f3227fbde5a631c31784,in_window,Exact APK audited; acquired by VirusTotal CLI download. VT first submission or observation 2026-03-18T08:45:38+00:00. Signer SHA-256 029469f9da468848168b620e03efb0863e7fc79e505baac90c4e8c2706a034f5.
Balad,ir.balad,4.78.1,,Balad Bazaar archive entry 2,2026-04-19,Uptodown archive dates,balad-ir-balad.en.uptodown.com,https://balad-ir-balad.en.uptodown.com/android/versions,APK listed,,in_window,Earlier candidate worklist; not_acquired; not_audited. Two listed entries not recovered in prior attempt; hashes and version codes unknown Archive entry 2 of 2 for one version label; distinct bytes not yet established.
Balad,ir.balad,4.80.0,,Balad Bazaar archive entry 1,2026-05-09,Uptodown archive dates,balad-ir-balad.en.uptodown.com,https://balad-ir-balad.en.uptodown.com/android/versions,APK listed,,in_window,Earlier candidate worklist; not_acquired; not_audited. Two listed entries not recovered in prior attempt; hashes and version codes unknown Archive entry 1 of 2 for one version label; distinct bytes not yet established.
Balad,ir.balad,4.80.0,,Balad Bazaar archive entry 2,2026-05-21,Uptodown archive dates,balad-ir-balad.en.uptodown.com,https://balad-ir-balad.en.uptodown.com/android/versions,APK listed,,in_window,Earlier candidate worklist; not_acquired; not_audited. Two listed entries not recovered in prior attempt; hashes and version codes unknown Archive entry 2 of 2 for one version label; distinct bytes not yet established.
Balad,ir.balad,4.81.0,,Balad Bazaar,2026-06-04,Uptodown archive date,balad-ir-balad.en.uptodown.com,https://balad-ir-balad.en.uptodown.com/android/versions,APK listed,,in_window,Earlier candidate worklist; not_acquired; not_audited. Listed APK not recovered in prior attempt; hash and version code unknown
Balad,ir.balad,4.81.1,7101,Balad Bazaar,2026-06-10,VT first submission,www.virustotal.com,https://www.virustotal.com/gui/file/da7e348ba2fd161e0a0d05b7ad7a216f95389f9e69219144d5cc72bf7454370b,APK verified from exact bytes,da7e348ba2fd161e0a0d05b7ad7a216f95389f9e69219144d5cc72bf7454370b,in_window,Exact APK audited; acquired by VirusTotal CLI download. VT first submission or observation 2026-06-10T00:28:46+00:00. Signer SHA-256 029469f9da468848168b620e03efb0863e7fc79e505baac90c4e8c2706a034f5.
Balad,ir.balad,4.82.0,7111,Balad Bazaar,2026-07-08,VT first submission,www.virustotal.com,https://www.virustotal.com/gui/file/e492928e6330fdd00248b748d89dd621a8ad7dbb9d7ded28e6fd36f335c1201d,APK verified from exact bytes,e492928e6330fdd00248b748d89dd621a8ad7dbb9d7ded28e6fd36f335c1201d,in_window,Exact APK audited; acquired by VirusTotal CLI download. VT first submission or observation 2026-07-08T14:27:03+00:00. Signer SHA-256 029469f9da468848168b620e03efb0863e7fc79e505baac90c4e8c2706a034f5.
Balad,ir.balad,4.82.1,7121,Balad Bazaar,2026-07-14,VT first submission,www.virustotal.com,https://www.virustotal.com/gui/file/1b7952a94c1b48270acbc4024abaf1d7034a28e09d1c4f29614119fac066d9ee,APK verified from exact bytes,1b7952a94c1b48270acbc4024abaf1d7034a28e09d1c4f29614119fac066d9ee,in_window,Exact APK audited; acquired by VirusTotal CLI download. VT first submission or observation 2026-07-14T16:28:20+00:00. Signer SHA-256 029469f9da468848168b620e03efb0863e7fc79e505baac90c4e8c2706a034f5.
Balad,ir.balad,4.82.1,7120,Balad Bazaar,2026-07-19,VT first submission,www.virustotal.com,https://www.virustotal.com/gui/file/38f93aedba3d80268f17c7858af375b8bbb21a2369763ef96f3eef8bbe791d0a,APK verified from exact bytes,38f93aedba3d80268f17c7858af375b8bbb21a2369763ef96f3eef8bbe791d0a,in_window,Exact APK audited; acquired by VirusTotal CLI download. VT first submission or observation 2026-07-19T17:31:54+00:00. Signer SHA-256 029469f9da468848168b620e03efb0863e7fc79e505baac90c4e8c2706a034f5.
Balad,ir.balad,4.82.1,7120,Balad Bazaar,2026-07-19,VT first submission,www.virustotal.com,https://www.virustotal.com/gui/file/a41cdd57a4dbfccc94f5828fe1868f4ee3c62e57da7ecac0e267138757cea94b,APK verified from exact bytes,a41cdd57a4dbfccc94f5828fe1868f4ee3c62e57da7ecac0e267138757cea94b,in_window,Exact APK audited; acquired by VirusTotal CLI download. VT first submission or observation 2026-07-19T17:17:52+00:00. Signer SHA-256 029469f9da468848168b620e03efb0863e7fc79e505baac90c4e8c2706a034f5.
Balad,ir.balad,4.82.1,7121,Balad Bazaar,2026-07-24,VT first submission,www.virustotal.com,https://www.virustotal.com/gui/file/394c1647bfb719b684be4a0b782f7f62e6b9ac5d4d828e0ed1ad1b0945a92013,APK verified from exact bytes,394c1647bfb719b684be4a0b782f7f62e6b9ac5d4d828e0ed1ad1b0945a92013,in_window,Exact APK audited; acquired by VirusTotal CLI download. VT first submission or observation 2026-07-24T07:20:03+00:00. Signer SHA-256 029469f9da468848168b620e03efb0863e7fc79e505baac90c4e8c2706a034f5.
Balad,ir.balad,4.82.1,7120,Balad Bazaar,2026-08-01,VT first submission,www.virustotal.com,https://www.virustotal.com/gui/file/a32a4c162b0297a33d91587f36f68d43c34e37be1b810969497ec34b2bcff311,APK verified from exact bytes,a32a4c162b0297a33d91587f36f68d43c34e37be1b810969497ec34b2bcff311,in_window,Exact APK audited; acquired by VirusTotal CLI download. VT first submission or observation 2026-08-01T03:06:01+00:00. Signer SHA-256 029469f9da468848168b620e03efb0863e7fc79e505baac90c4e8c2706a034f5.
Balad,ir.balad,4.83.0,7131,Balad Bazaar,2026-08-04,VT first submission,www.virustotal.com,https://www.virustotal.com/gui/file/3f6b5f50f43f332a963e95bbbea4092a6c74c66c70aca563f3dc718e6e2a33cb,APK verified from exact bytes,3f6b5f50f43f332a963e95bbbea4092a6c74c66c70aca563f3dc718e6e2a33cb,in_window,Exact APK audited; acquired by VirusTotal CLI download. VT first submission or observation 2026-08-04T08:47:26+00:00. Signer SHA-256 029469f9da468848168b620e03efb0863e7fc79e505baac90c4e8c2706a034f5.
Balad,ir.balad,4.83.1,7141,Balad Bazaar,2026-08-11,VT first submission,www.virustotal.com,https://www.virustotal.com/gui/file/3f385ab9c61740dc763161a62b0abb5e9661fd81894f2073a02a1ef46ace3379,APK verified from exact bytes,3f385ab9c61740dc763161a62b0abb5e9661fd81894f2073a02a1ef46ace3379,in_window,Exact APK audited; acquired by VirusTotal CLI download. VT first submission or observation 2026-08-11T00:12:44+00:00. Signer SHA-256 029469f9da468848168b620e03efb0863e7fc79e505baac90c4e8c2706a034f5.
Balad,ir.balad,4.83.1,7140,Balad Bazaar,2026-08-13,VT first submission,www.virustotal.com,https://www.virustotal.com/gui/file/4ee099547c3533579b1513d2d7932ad8578a99b92f2054258962560fc8127603,APK verified from exact bytes,4ee099547c3533579b1513d2d7932ad8578a99b92f2054258962560fc8127603,in_window,Exact APK audited; acquired by VirusTotal CLI download. VT first submission or observation 2026-08-13T07:25:32+00:00. Signer SHA-256 029469f9da468848168b620e03efb0863e7fc79e505baac90c4e8c2706a034f5.
Balad,ir.balad,4.83.1,7141,Balad Bazaar,2026-08-15,VT first submission,www.virustotal.com,https://www.virustotal.com/gui/file/0fd677afb87b6c1345893aa46365cd290bdacfbbdf88b43d0faa8b9fdaffbf43,APK verified from exact bytes,0fd677afb87b6c1345893aa46365cd290bdacfbbdf88b43d0faa8b9fdaffbf43,in_window,Exact APK audited; acquired by VirusTotal CLI download. VT first submission or observation 2026-08-15T14:06:37+00:00. Signer SHA-256 029469f9da468848168b620e03efb0863e7fc79e505baac90c4e8c2706a034f5.
Balad,ir.balad,4.83.0,7130,Balad Bazaar,2026-08-17,VT first submission,www.virustotal.com,https://www.virustotal.com/gui/file/d5b38a482e9bcc62b942e993b4539d10a3385f06787411dced83f80ad66d0541,APK verified from exact bytes,d5b38a482e9bcc62b942e993b4539d10a3385f06787411dced83f80ad66d0541,in_window,Exact APK audited; acquired by VirusTotal CLI download. VT first submission or observation 2026-08-17T10:35:14+00:00. Signer SHA-256 029469f9da468848168b620e03efb0863e7fc79e505baac90c4e8c2706a034f5.
Balad,ir.balad,4.83.1,7140,Balad Bazaar,2026-08-18,VT first submission,www.virustotal.com,https://www.virustotal.com/gui/file/f28633c021b05ada1755424ccc100a2188a8a9b5c533b6ba08364f59a8013026,APK verified from exact bytes,f28633c021b05ada1755424ccc100a2188a8a9b5c533b6ba08364f59a8013026,in_window,Exact APK audited; acquired by VirusTotal CLI download. VT first submission or observation 2026-08-18T18:40:39+00:00. Signer SHA-256 029469f9da468848168b620e03efb0863e7fc79e505baac90c4e8c2706a034f5.
Balad,ir.balad,4.83.2,7151,Balad Bazaar,2026-08-19,VT first submission,www.virustotal.com,https://www.virustotal.com/gui/file/e3bab81fdd1561fd7de3421fcd1662e1dc8cf12ef32fa79c8f0774aa21d46b2f,APK verified from exact bytes,e3bab81fdd1561fd7de3421fcd1662e1dc8cf12ef32fa79c8f0774aa21d46b2f,in_window,Exact APK audited; acquired by VirusTotal CLI download. VT first submission or observation 2026-08-19T14:01:52+00:00. Signer SHA-256 029469f9da468848168b620e03efb0863e7fc79e505baac90c4e8c2706a034f5.
Balad,ir.balad,4.83.2,7150,Balad Bazaar,2026-08-21,VT first submission,www.virustotal.com,https://www.virustotal.com/gui/file/22c1baaf9fdd0513a8bd0f03829cac10ae26d945e4a253e23fbfc6ba194cb9c2,APK verified from exact bytes,22c1baaf9fdd0513a8bd0f03829cac10ae26d945e4a253e23fbfc6ba194cb9c2,in_window,Exact APK audited; acquired by VirusTotal CLI download. VT first submission or observation 2026-08-21T05:35:33+00:00. Signer SHA-256 029469f9da468848168b620e03efb0863e7fc79e505baac90c4e8c2706a034f5.
Balad,ir.balad,4.84.0,7161,Balad Bazaar,2026-09-05,VT first submission,www.virustotal.com,https://www.virustotal.com/gui/file/18a117060b5e4423a0487f401378304f55999d11b83591f9c5f3780726ac6165,APK verified from exact bytes,18a117060b5e4423a0487f401378304f55999d11b83591f9c5f3780726ac6165,in_window,Exact APK audited; acquired by VirusTotal CLI download. VT first submission or observation 2026-09-05T22:57:08+00:00. Signer SHA-256 029469f9da468848168b620e03efb0863e7fc79e505baac90c4e8c2706a034f5.
Balad,ir.balad,4.84.0,7161,Balad Bazaar,2026-09-05,VT first submission,www.virustotal.com,https://www.virustotal.com/gui/file/bd2133ed2cca4da189cd4e009f2c8da4ebe55c9f6371df67590c6d8e95ce9b77,APK verified from exact bytes,bd2133ed2cca4da189cd4e009f2c8da4ebe55c9f6371df67590c6d8e95ce9b77,in_window,Exact APK audited; acquired by VirusTotal CLI download. VT first submission or observation 2026-09-05T14:45:23+00:00. Signer SHA-256 029469f9da468848168b620e03efb0863e7fc79e505baac90c4e8c2706a034f5.
Balad,ir.balad,4.84.1,7171,Balad Bazaar,2026-09-07,VT first submission,www.virustotal.com,https://www.virustotal.com/gui/file/8285d68e7d2ad5075ab6e23daa8d8e3126d75bcde81247a90f8201d0c6f6a3d2,APK verified from exact bytes,8285d68e7d2ad5075ab6e23daa8d8e3126d75bcde81247a90f8201d0c6f6a3d2,in_window,Exact APK audited; acquired by VirusTotal CLI download. VT first submission or observation 2026-09-07T23:31:32+00:00. Signer SHA-256 029469f9da468848168b620e03efb0863e7fc79e505baac90c4e8c2706a034f5.
Balad,ir.balad,4.84.1,7170,Balad Bazaar,2026-09-10,VT first submission,www.virustotal.com,https://www.virustotal.com/gui/file/748b2d8c5b4d158ed428cbd93ed580eea5137e5ce50bc4403cac04fa0fbec19e,APK verified from exact bytes,748b2d8c5b4d158ed428cbd93ed580eea5137e5ce50bc4403cac04fa0fbec19e,in_window,Exact APK audited; acquired by VirusTotal CLI download. VT first submission or observation 2026-09-10T04:44:14+00:00. Signer SHA-256 029469f9da468848168b620e03efb0863e7fc79e505baac90c4e8c2706a034f5.
Balad,ir.balad,4.84.1,7171,Balad Bazaar,2026-09-15,VT first submission,www.virustotal.com,https://www.virustotal.com/gui/file/2d4a9130633891aba63fc62a3575d072f9f31c2ca7b65748f7ecece34f13b096,APK verified from exact bytes,2d4a9130633891aba63fc62a3575d072f9f31c2ca7b65748f7ecece34f13b096,in_window,Exact APK audited; acquired by VirusTotal CLI download. VT first submission or observation 2026-09-15T21:27:56+00:00. Signer SHA-256 029469f9da468848168b620e03efb0863e7fc79e505baac90c4e8c2706a034f5.
Balad,ir.balad,4.84.1,7170,Balad Bazaar,2026-09-19,VT first submission,www.virustotal.com,https://www.virustotal.com/gui/file/eeae1880c744961ec81d611f27601a89b7bbab383c00aade511a524619cc57ee,APK verified from exact bytes,eeae1880c744961ec81d611f27601a89b7bbab383c00aade511a524619cc57ee,in_window,Exact APK audited; acquired by VirusTotal CLI download. VT first submission or observation 2026-09-19T14:03:15+00:00. Signer SHA-256 029469f9da468848168b620e03efb0863e7fc79e505baac90c4e8c2706a034f5.
Balad,ir.balad,4.84.0,7160,Balad Bazaar,2026-09-29,VT first submission,www.virustotal.com,https://www.virustotal.com/gui/file/d76c77633224e48760b60226722a50146b8d7245ceb1a96ac0a0ece3b98008d7,APK verified from exact bytes,d76c77633224e48760b60226722a50146b8d7245ceb1a96ac0a0ece3b98008d7,in_window,Exact APK audited; acquired by VirusTotal CLI download. VT first submission or observation 2026-09-29T13:32:33Z. Signer SHA-256 029469f9da468848168b620e03efb0863e7fc79e505baac90c4e8c2706a034f5.
Balad,ir.balad,4.85.0,,Balad Bazaar,2026-10-04,Uptodown archive date,balad-ir-balad.en.uptodown.com,https://balad-ir-balad.en.uptodown.com/android/versions,APK listed,,in_window,Earlier candidate worklist; not_acquired; not_audited. Post-September-report freshness target; hash and version code unknown
Digikala,com.digikala,1.0.2,,,2015-07-28,archive_update_date,APKCombo,https://apkcombo.com/digikala/com.digikala/old-versions/,APK archive listing; bytes not acquired,,pre_2023_baseline,Older baseline from APKCombo; not evidence of complete 2015–2022 release coverage.
Digikala,com.digikala,1.0.3,,,2015-08-23,archive_update_date,APKCombo,https://apkcombo.com/digikala/com.digikala/old-versions/,APK archive listing; bytes not acquired,,pre_2023_baseline,Older baseline from APKCombo; not evidence of complete 2015–2022 release coverage.
Digikala,com.digikala,1.0.4,,,2015-09-05,archive_update_date,APKCombo,https://apkcombo.com/digikala/com.digikala/old-versions/,APK archive listing; bytes not acquired,,pre_2023_baseline,Older baseline from APKCombo; not evidence of complete 2015–2022 release coverage.
Digikala,com.digikala,1.0.5,,,2015-09-19,archive_update_date,APKCombo,https://apkcombo.com/digikala/com.digikala/old-versions/,APK archive listing; bytes not acquired,,pre_2023_baseline,Older baseline from APKCombo; not evidence of complete 2015–2022 release coverage.
Digikala,com.digikala,1.0.7,,,2015-11-30,archive_update_date,APKCombo,https://apkcombo.com/digikala/com.digikala/old-versions/,APK archive listing; bytes not acquired,,pre_2023_baseline,Older baseline from APKCombo; not evidence of complete 2015–2022 release coverage.
Digikala,com.digikala,1.1.1,,,2016-02-27,archive_update_date,APKCombo,https://apkcombo.com/digikala/com.digikala/old-versions/,APK archive listing; bytes not acquired,,pre_2023_baseline,Older baseline from APKCombo; not evidence of complete 2015–2022 release coverage.
Digikala,com.digikala,1.2.1,,,2016-06-09,archive_update_date,APKCombo,https://apkcombo.com/digikala/com.digikala/old-versions/,APK archive listing; bytes not acquired,,pre_2023_baseline,Older baseline from APKCombo; not evidence of complete 2015–2022 release coverage.
Digikala,com.digikala,1.3.2,,,2016-08-17,archive_update_date,APKCombo,https://apkcombo.com/digikala/com.digikala/old-versions/,APK archive listing; bytes not acquired,,pre_2023_baseline,Older baseline from APKCombo; not evidence of complete 2015–2022 release coverage.
Digikala,com.digikala,1.4.0,,,2016-12-11,archive_update_date,APKCombo,https://apkcombo.com/digikala/com.digikala/old-versions/,APK archive listing; bytes not acquired,,pre_2023_baseline,Older baseline from APKCombo; not evidence of complete 2015–2022 release coverage.
Digikala,com.digikala,1.4.1,,,2017-03-04,archive_update_date,APKCombo,https://apkcombo.com/digikala/com.digikala/old-versions/,APK archive listing; bytes not acquired,,pre_2023_baseline,Older baseline from APKCombo; not evidence of complete 2015–2022 release coverage.
Digikala,com.digikala,1.5.2,,,2017-07-12,archive_update_date,APKCombo,https://apkcombo.com/digikala/com.digikala/old-versions/,APK archive listing; bytes not acquired,,pre_2023_baseline,Older baseline from APKCombo; not evidence of complete 2015–2022 release coverage.
Digikala,com.digikala,1.6.8,,,2017-10-10,archive_update_date,APKCombo,https://apkcombo.com/digikala/com.digikala/old-versions/,APK archive listing; bytes not acquired,,pre_2023_baseline,Older baseline from APKCombo; not evidence of complete 2015–2022 release coverage.
Digikala,com.digikala,1.6.9,,,2017-10-17,archive_update_date,APKCombo,https://apkcombo.com/digikala/com.digikala/old-versions/,APK archive listing; bytes not acquired,,pre_2023_baseline,Older baseline from APKCombo; not evidence of complete 2015–2022 release coverage.
Digikala,com.digikala,1.7.2,,,2017-12-06,archive_update_date,APKCombo,https://apkcombo.com/digikala/com.digikala/old-versions/,APK archive listing; bytes not acquired,,pre_2023_baseline,Older baseline from APKCombo; not evidence of complete 2015–2022 release coverage.
Digikala,com.digikala,1.7.3,,,2017-12-18,archive_update_date,APKCombo,https://apkcombo.com/digikala/com.digikala/old-versions/,APK archive listing; bytes not acquired,,pre_2023_baseline,Older baseline from APKCombo; not evidence of complete 2015–2022 release coverage.
Digikala,com.digikala,1.7.4,,,2018-01-22,archive_update_date,APKCombo,https://apkcombo.com/digikala/com.digikala/old-versions/,APK archive listing; bytes not acquired,,pre_2023_baseline,Older baseline from APKCombo; not evidence of complete 2015–2022 release coverage.
Digikala,com.digikala,1.8.0,,,2018-02-14,archive_update_date,APKCombo,https://apkcombo.com/digikala/com.digikala/old-versions/,APK archive listing; bytes not acquired,,pre_2023_baseline,Older baseline from APKCombo; not evidence of complete 2015–2022 release coverage.
Digikala,com.digikala,1.8.1,,,2018-02-25,archive_update_date,APKCombo,https://apkcombo.com/digikala/com.digikala/old-versions/,APK archive listing; bytes not acquired,,pre_2023_baseline,Older baseline from APKCombo; not evidence of complete 2015–2022 release coverage.
Digikala,com.digikala,1.8.2,,,2018-03-19,archive_update_date,APKCombo,https://apkcombo.com/digikala/com.digikala/old-versions/,APK archive listing; bytes not acquired,,pre_2023_baseline,Older baseline from APKCombo; not evidence of complete 2015–2022 release coverage.
Digikala,com.digikala,1.8.3,,,2018-06-10,archive_update_date,APKCombo,https://apkcombo.com/digikala/com.digikala/old-versions/,APK archive listing; bytes not acquired,,pre_2023_baseline,Older baseline from APKCombo; not evidence of complete 2015–2022 release coverage.
Digikala,com.digikala,1.9.0,,,2019-02-24,archive_update_date,APKCombo,https://apkcombo.com/digikala/com.digikala/old-versions/,APK archive listing; bytes not acquired,,pre_2023_baseline,Older baseline from APKCombo; not evidence of complete 2015–2022 release coverage.
Digikala,com.digikala,1.9.1,,,2019-02-24,archive_update_date,APKCombo,https://apkcombo.com/digikala/com.digikala/old-versions/,APK archive listing; bytes not acquired,,pre_2023_baseline,Older baseline from APKCombo; not evidence of complete 2015–2022 release coverage.
Digikala,com.digikala,1.9.2,,,2019-03-12,archive_update_date,APKCombo,https://apkcombo.com/digikala/com.digikala/old-versions/,APK archive listing; bytes not acquired,,pre_2023_baseline,Older baseline from APKCombo; not evidence of complete 2015–2022 release coverage.
Digikala,com.digikala,1.9.3,,,2019-05-10,archive_update_date,APKCombo,https://apkcombo.com/digikala/com.digikala/old-versions/,APK archive listing; bytes not acquired,,pre_2023_baseline,Older baseline from APKCombo; not evidence of complete 2015–2022 release coverage.
Digikala,com.digikala,2.8.4-CB,,archive_entry_3,2022-05-19,archive_file_date,Uptodown,https://digikala.en.uptodown.com/android/versions,APK archive listing; bytes not acquired,,pre_2023_baseline,Repeated 2.8.4-CB rows may be distinct artifacts or archive duplicates; hashes not exposed. Suffix meaning unverified.
Digikala,com.digikala,2.8.4-CB,,archive_entry_1,2022-05-25,archive_file_date,Uptodown,https://digikala.en.uptodown.com/android/versions,APK archive listing; bytes not acquired,,pre_2023_baseline,Repeated 2.8.4-CB rows may be distinct artifacts or archive duplicates; hashes not exposed. Suffix meaning unverified.
Digikala,com.digikala,2.9.0-CB,,,2022-06-20,archive_file_date,Uptodown,https://digikala.en.uptodown.com/android/versions,APK archive listing; bytes not acquired,,pre_2023_baseline,Repeated 2.8.4-CB rows may be distinct artifacts or archive duplicates; hashes not exposed. Suffix meaning unverified.
Digikala,com.digikala,2.9.0.1-MK,,,2022-07-16,archive_file_date,Uptodown,https://digikala.en.uptodown.com/android/versions,APK archive listing; bytes not acquired,,pre_2023_baseline,Repeated 2.8.4-CB rows may be distinct artifacts or archive duplicates; hashes not exposed. Suffix meaning unverified.
Digikala,com.digikala,2.8.4-CB,,archive_entry_2,2022-07-26,archive_file_date,Uptodown,https://digikala.en.uptodown.com/android/versions,APK archive listing; bytes not acquired,,pre_2023_baseline,Repeated 2.8.4-CB rows may be distinct artifacts or archive duplicates; hashes not exposed. Suffix meaning unverified.
Digikala,com.digikala,2.9.1-CB,,,2022-08-17,archive_file_date,Uptodown,https://digikala.en.uptodown.com/android/versions,APK archive listing; bytes not acquired,,pre_2023_baseline,Repeated 2.8.4-CB rows may be distinct artifacts or archive duplicates; hashes not exposed. Suffix meaning unverified.
Digikala,com.digikala,2.9.1.1-MK,,,2022-09-06,archive_file_date,Uptodown,https://digikala.en.uptodown.com/android/versions,APK archive listing; bytes not acquired,,pre_2023_baseline,Repeated 2.8.4-CB rows may be distinct artifacts or archive duplicates; hashes not exposed. Suffix meaning unverified.
Digikala,com.digikala,2.9.2-CB,,,2022-10-17,archive_file_date,Uptodown,https://digikala.en.uptodown.com/android/versions,APK archive listing; bytes not acquired,,pre_2023_baseline,Repeated 2.8.4-CB rows may be distinct artifacts or archive duplicates; hashes not exposed. Suffix meaning unverified.
Digikala,com.digikala,2.9.3-CB,,,2023-01-06,archive_file_date,Uptodown,https://digikala.en.uptodown.com/android/versions,APK archive listing; bytes not acquired,,in_window,Suffix preserved as published; channel meaning not independently verified. Archive date is not confirmed developer release date.
Digikala,com.digikala,2.9.4-MK,,,2023-03-29,archive_file_date,Uptodown,https://digikala.en.uptodown.com/android/versions,APK archive listing; bytes not acquired,,in_window,Suffix preserved as published; channel meaning not independently verified. Archive date is not confirmed developer release date.
Digikala,com.digikala,2.10.0-CB,,,2023-08-13,archive_file_date,Uptodown,https://digikala.en.uptodown.com/android/versions,APK archive listing; bytes not acquired,,in_window,Suffix preserved as published; channel meaning not independently verified. Archive date is not confirmed developer release date.
Digikala,com.digikala,2.11.0-CB,,,2023-12-04,archive_file_date,Uptodown,https://digikala.en.uptodown.com/android/versions,APK archive listing; bytes not acquired,,in_window,Suffix preserved as published; channel meaning not independently verified. Archive date is not confirmed developer release date.
Digikala,com.digikala,2.11.1-CB,,,2024-02-14,archive_file_date,Uptodown,https://digikala.en.uptodown.com/android/versions,APK archive listing; bytes not acquired,,in_window,Suffix preserved as published; channel meaning not independently verified. Archive date is not confirmed developer release date.
Digikala,com.digikala,3.0.0-CB,,,2024-04-22,archive_file_date,Uptodown,https://digikala.en.uptodown.com/android/versions,APK archive listing; bytes not acquired,,in_window,Suffix preserved as published; channel meaning not independently verified. Archive date is not confirmed developer release date.
Digikala,com.digikala,3.1.0-CB,,,2024-11-10,archive_file_date,Uptodown,https://digikala.en.uptodown.com/android/versions,APK archive listing; bytes not acquired,,in_window,Suffix preserved as published; channel meaning not independently verified. Archive date is not confirmed developer release date.
Digikala,com.digikala,3.1.1-HW,,,2025-02-14,archive_file_date,Uptodown,https://digikala.en.uptodown.com/android/versions,APK archive listing; bytes not acquired,,in_window,Suffix preserved as published; channel meaning not independently verified. Archive date is not confirmed developer release date.
Digikala,com.digikala,3.1.2-MK,,,2025-10-09,archive_file_date,Uptodown,https://digikala.en.uptodown.com/android/versions,APK archive listing; bytes not acquired,,in_window,Suffix preserved as published; channel meaning not independently verified. Archive date is not confirmed developer release date.
Digikala,com.digikala,3.1.3-MK,,,2025-10-29,archive_file_date,Uptodown,https://digikala.en.uptodown.com/android/versions,APK archive listing; bytes not acquired,,in_window,"Suffix preserved as published; channel meaning not independently verified. Archive date is not confirmed developer release date. APKCombo lists version 3.1.3-MK (304), but exact file identity across archives has not been compared, dated 2025-11-03: https://apkcombo.com/digikala/com.digikala/"
Digikala,com.digikala,3.2.0-MK,,,2026-05-04,archive_file_date,Uptodown,https://digikala.en.uptodown.com/android/versions,APK archive listing; bytes not acquired,,in_window,Suffix preserved as published; channel meaning not independently verified. Archive date is not confirmed developer release date.
Digikala,com.digikala,3.2.2-MK,,,2026-05-23,archive_file_date,Uptodown,https://digikala.en.uptodown.com/android/versions,APK archive listing; bytes not acquired,,in_window,Suffix preserved as published; channel meaning not independently verified. Archive date is not confirmed developer release date.
Digikala,com.digikala,3.2.3-CB,,current_store_listing,2026-07-27,store_last_update_date,Café Bazaar,https://cafebazaar.ir/app/com.digikala,APK current store listing; bytes not acquired,,in_window,Store publishes 5 Mordad 1405 as last update (Gregorian 2026-07-27). Preserve -CB suffix; no version code or page hash. Exact file identity relative to other 3.2.3 suffixes unverified.
Digikala,com.digikala,3.2.3-MK,,,2026-08-03,archive_file_date,Uptodown,https://digikala.en.uptodown.com/android/versions,APK archive listing; bytes not acquired,,in_window,Suffix preserved as published; channel meaning not independently verified. Archive date is not confirmed developer release date.
Digikala,com.digikala.diagon,2.7.2-GP,,,2021-11-30,archive_file_date,Uptodown,https://digikala-diagon.en.uptodown.com/android/versions,APK archive listing; bytes not acquired,,pre_2023_baseline,Separate Digikala package from com.digikala; -GP suffix preserved. Archive file date is not a verified original release date. Old-numbered versions dated 2024/2025 may be late uploads; do not infer chronology from label.
Digikala,com.digikala.diagon,2.8.1-GP,,,2022-01-18,archive_file_date,Uptodown,https://digikala-diagon.en.uptodown.com/android/versions,APK archive listing; bytes not acquired,,pre_2023_baseline,Separate Digikala package from com.digikala; -GP suffix preserved. Archive file date is not a verified original release date. Old-numbered versions dated 2024/2025 may be late uploads; do not infer chronology from label.
Digikala,com.digikala.diagon,2.7.1-GP,,,2022-01-23,archive_file_date,Uptodown,https://digikala-diagon.en.uptodown.com/android/versions,APK archive listing; bytes not acquired,,pre_2023_baseline,Separate Digikala package from com.digikala; -GP suffix preserved. Archive file date is not a verified original release date. Old-numbered versions dated 2024/2025 may be late uploads; do not infer chronology from label.
Digikala,com.digikala.diagon,2.7 - GP,,,2022-02-03,archive_file_date,Uptodown,https://digikala-diagon.en.uptodown.com/android/versions,APK archive listing; bytes not acquired,,pre_2023_baseline,Separate Digikala package from com.digikala; -GP suffix preserved. Archive file date is not a verified original release date. Old-numbered versions dated 2024/2025 may be late uploads; do not infer chronology from label.
Digikala,com.digikala.diagon,2.8.4-GP,,entry_3,2022-05-19,archive_file_date,Uptodown,https://digikala-diagon.en.uptodown.com/android/versions,APK archive listing; bytes not acquired,,pre_2023_baseline,Separate Digikala package from com.digikala; -GP suffix preserved. Archive file date is not a verified original release date. Old-numbered versions dated 2024/2025 may be late uploads; do not infer chronology from label.
Digikala,com.digikala.diagon,2.8.4-GP,,entry_2,2022-05-24,archive_file_date,Uptodown,https://digikala-diagon.en.uptodown.com/android/versions,APK archive listing; bytes not acquired,,pre_2023_baseline,Separate Digikala package from com.digikala; -GP suffix preserved. Archive file date is not a verified original release date. Old-numbered versions dated 2024/2025 may be late uploads; do not infer chronology from label.
Digikala,com.digikala.diagon,2.8.4-GP,,entry_1,2022-05-26,archive_file_date,Uptodown,https://digikala-diagon.en.uptodown.com/android/versions,APK archive listing; bytes not acquired,,pre_2023_baseline,Separate Digikala package from com.digikala; -GP suffix preserved. Archive file date is not a verified original release date. Old-numbered versions dated 2024/2025 may be late uploads; do not infer chronology from label.
Digikala,com.digikala.diagon,2.9.0-GP,,,2022-06-21,archive_file_date,Uptodown,https://digikala-diagon.en.uptodown.com/android/versions,APK archive listing; bytes not acquired,,pre_2023_baseline,Separate Digikala package from com.digikala; -GP suffix preserved. Archive file date is not a verified original release date. Old-numbered versions dated 2024/2025 may be late uploads; do not infer chronology from label.
Digikala,com.digikala.diagon,2.9.0.1-GP,,,2022-07-02,archive_file_date,Uptodown,https://digikala-diagon.en.uptodown.com/android/versions,APK archive listing; bytes not acquired,,pre_2023_baseline,Separate Digikala package from com.digikala; -GP suffix preserved. Archive file date is not a verified original release date. Old-numbered versions dated 2024/2025 may be late uploads; do not infer chronology from label.
Digikala,com.digikala.diagon,2.9.1-GP,,,2022-08-15,archive_file_date,Uptodown,https://digikala-diagon.en.uptodown.com/android/versions,APK archive listing; bytes not acquired,,pre_2023_baseline,Separate Digikala package from com.digikala; -GP suffix preserved. Archive file date is not a verified original release date. Old-numbered versions dated 2024/2025 may be late uploads; do not infer chronology from label.
Digikala,com.digikala.diagon,2.9.1.1-GP,,,2022-09-05,archive_file_date,Uptodown,https://digikala-diagon.en.uptodown.com/android/versions,APK archive listing; bytes not acquired,,pre_2023_baseline,Separate Digikala package from com.digikala; -GP suffix preserved. Archive file date is not a verified original release date. Old-numbered versions dated 2024/2025 may be late uploads; do not infer chronology from label.
Digikala,com.digikala.diagon,2.9.2-GP,,,2022-10-17,archive_file_date,Uptodown,https://digikala-diagon.en.uptodown.com/android/versions,APK archive listing; bytes not acquired,,pre_2023_baseline,Separate Digikala package from com.digikala; -GP suffix preserved. Archive file date is not a verified original release date. Old-numbered versions dated 2024/2025 may be late uploads; do not infer chronology from label.
Digikala,com.digikala.diagon,2.9.2.1-GP,,,2022-12-07,archive_file_date,Uptodown,https://digikala-diagon.en.uptodown.com/android/versions,APK archive listing; bytes not acquired,,pre_2023_baseline,Separate Digikala package from com.digikala; -GP suffix preserved. Archive file date is not a verified original release date. Old-numbered versions dated 2024/2025 may be late uploads; do not infer chronology from label.
Digikala,com.digikala.diagon,2.9.3-GP,,,2023-01-07,archive_file_date,Uptodown,https://digikala-diagon.en.uptodown.com/android/versions,APK archive listing; bytes not acquired,,in_window,Separate Digikala package from com.digikala; -GP suffix preserved. Archive file date is not a verified original release date. Old-numbered versions dated 2024/2025 may be late uploads; do not infer chronology from label.
Digikala,com.digikala.diagon,2.8.2-GP,,entry_2,2023-02-13,archive_file_date,Uptodown,https://digikala-diagon.en.uptodown.com/android/versions,APK archive listing; bytes not acquired,,in_window,Separate Digikala package from com.digikala; -GP suffix preserved. Archive file date is not a verified original release date. Old-numbered versions dated 2024/2025 may be late uploads; do not infer chronology from label.
Digikala,com.digikala.diagon,2.8-GP,,,2023-02-18,archive_file_date,Uptodown,https://digikala-diagon.en.uptodown.com/android/versions,APK archive listing; bytes not acquired,,in_window,Separate Digikala package from com.digikala; -GP suffix preserved. Archive file date is not a verified original release date. Old-numbered versions dated 2024/2025 may be late uploads; do not infer chronology from label.
Digikala,com.digikala.diagon,2.8.2-GP,,,2023-03-04,archive_file_date,Uptodown,https://digikala-diagon.en.uptodown.com/android/versions,APK archive listing; bytes not acquired,,in_window,Separate Digikala package from com.digikala; -GP suffix preserved. Archive file date is not a verified original release date. Old-numbered versions dated 2024/2025 may be late uploads; do not infer chronology from label.
Digikala,com.digikala.diagon,2.9.4-GP,,,2023-03-12,archive_file_date,Uptodown,https://digikala-diagon.en.uptodown.com/android/download,Uptodown page SHA256; bytes not acquired,3cb1225dd8cfe32e0ee2e9f834ee9be1620853e5f52313693a8111aae133c708,in_window,Separate Digikala package from com.digikala; -GP suffix preserved. Archive file date is not a verified original release date. Old-numbered versions dated 2024/2025 may be late uploads; do not infer chronology from label.
Digikala,com.digikala.diagon,2.8.3-GP,,,2024-09-29,archive_file_date,Uptodown,https://digikala-diagon.en.uptodown.com/android/versions,APK archive listing; bytes not acquired,,in_window,Separate Digikala package from com.digikala; -GP suffix preserved. Archive file date is not a verified original release date. Old-numbered versions dated 2024/2025 may be late uploads; do not infer chronology from label.
Digikala,com.digikala.diagon,2.6.3 - GP,,,2025-03-29,archive_file_date,Uptodown,https://digikala-diagon.en.uptodown.com/android/versions,APK archive listing; bytes not acquired,,in_window,Separate Digikala package from com.digikala; -GP suffix preserved. Archive file date is not a verified original release date. Old-numbered versions dated 2024/2025 may be late uploads; do not infer chronology from label.
Aparat,com.aparat,3.4.1,,,2015-09-22,archive_update_date,APKCombo,https://apkcombo.com/aparat/com.aparat/old-versions/,APK archive listing; bytes not acquired,,pre_2023_baseline,Pre-2023 baseline; visible old-version list has large chronology gaps.
Aparat,com.aparat,3.5,,,2015-11-24,archive_update_date,APKCombo,https://apkcombo.com/aparat/com.aparat/old-versions/,APK archive listing; bytes not acquired,,pre_2023_baseline,Pre-2023 baseline; visible old-version list has large chronology gaps.
Aparat,com.aparat,4.0.1,,,2016-01-30,archive_update_date,APKCombo,https://apkcombo.com/aparat/com.aparat/old-versions/,APK archive listing; bytes not acquired,,pre_2023_baseline,Pre-2023 baseline; visible old-version list has large chronology gaps.
Aparat,com.aparat,4.0.2,,,2016-02-02,archive_update_date,APKCombo,https://apkcombo.com/aparat/com.aparat/old-versions/,APK archive listing; bytes not acquired,,pre_2023_baseline,Pre-2023 baseline; visible old-version list has large chronology gaps.
Aparat,com.aparat,4.0.3,,,2016-02-24,archive_update_date,APKCombo,https://apkcombo.com/aparat/com.aparat/old-versions/,APK archive listing; bytes not acquired,,pre_2023_baseline,Pre-2023 baseline; visible old-version list has large chronology gaps.
Aparat,com.aparat,5.2.3,,,2022-12-28,archive_file_date,Uptodown historical page,https://aparat.it.uptodown.com/android/download,APK archive listing; bytes not acquired,,pre_2023_baseline,Historical version shown in older Uptodown page snapshot; same-version entries may be distinct artifacts or duplicates.
Aparat,com.aparat,5.2.4,,uptodown_entry_1,2023-03-07,archive_file_date,Uptodown historical page,https://aparat.it.uptodown.com/android/download,APK archive listing; bytes not acquired,,in_window,Historical version shown in older Uptodown page snapshot; same-version entries may be distinct artifacts or duplicates.
Aparat,com.aparat,5.2.4,,uptodown_entry_2,2023-04-28,archive_file_date,Uptodown historical page,https://aparat.it.uptodown.com/android/download,APK archive listing; bytes not acquired,,in_window,Historical version shown in older Uptodown page snapshot; same-version entries may be distinct artifacts or duplicates.
Aparat,com.aparat,5.3.1,,uptodown_entry,2023-05-30,archive_file_date,Uptodown historical page,https://aparat.it.uptodown.com/android/download,APK archive listing; bytes not acquired,,in_window,Historical version shown in older Uptodown page snapshot; same-version entries may be distinct artifacts or duplicates.
Aparat,com.aparat,5.3.1,,apkcombo_entry,2024-07-08,archive_update_date,APKCombo,https://apkcombo.com/aparat/com.aparat/old-versions/,APK archive listing; bytes not acquired,,in_window,"Same version as Uptodown 2023-05-30; file identity not checked. May be mirror re-upload, not new release."
Aparat,com.aparat,6.0.0,,,2025-04-13,archive_file_date,Uptodown historical page,https://aparat.it.uptodown.com/android/download,APK archive listing; bytes not acquired,,in_window,Historical version shown in older Uptodown page snapshot; same-version entries may be distinct artifacts or duplicates.
Aparat,com.aparat,6.0.1,,,2025-04-16,archive_file_date,Uptodown,https://aparat.en.uptodown.com/android/versions,APK archive listing; bytes not acquired,,in_window,Same-version entries on different dates have no published hash in list; keep separate pending file identity check. Archive date is not confirmed developer release date.
Aparat,com.aparat,6.0.2,,,2025-05-06,archive_file_date,Uptodown,https://aparat.en.uptodown.com/android/versions,APK archive listing; bytes not acquired,,in_window,Same-version entries on different dates have no published hash in list; keep separate pending file identity check. Archive date is not confirmed developer release date.
Aparat,com.aparat,6.1.0,,entry_1,2025-08-10,archive_file_date,Uptodown,https://aparat.en.uptodown.com/android/versions,APK archive listing; bytes not acquired,,in_window,Same-version entries on different dates have no published hash in list; keep separate pending file identity check. Archive date is not confirmed developer release date.
Aparat,com.aparat,6.1.0,,entry_2,2025-08-11,archive_file_date,Uptodown,https://aparat.en.uptodown.com/android/versions,APK archive listing; bytes not acquired,,in_window,Same-version entries on different dates have no published hash in list; keep separate pending file identity check. Archive date is not confirmed developer release date.
Aparat,com.aparat,6.1.1,,,2025-09-27,archive_file_date,Uptodown,https://aparat.en.uptodown.com/android/versions,APK archive listing; bytes not acquired,,in_window,Same-version entries on different dates have no published hash in list; keep separate pending file identity check. Archive date is not confirmed developer release date.
Aparat,com.aparat,6.1.2,,,2025-10-13,archive_file_date,Uptodown,https://aparat.en.uptodown.com/android/versions,APK archive listing; bytes not acquired,,in_window,Same-version entries on different dates have no published hash in list; keep separate pending file identity check. Archive date is not confirmed developer release date.
Aparat,com.aparat,6.1.3,,,2026-01-05,archive_file_date,Uptodown,https://aparat.en.uptodown.com/android/versions,APK archive listing; bytes not acquired,,in_window,Same-version entries on different dates have no published hash in list; keep separate pending file identity check. Archive date is not confirmed developer release date.
Aparat,com.aparat,6.1.4,,entry_1,2026-01-17,archive_file_date,Uptodown,https://aparat.en.uptodown.com/android/versions,APK archive listing; bytes not acquired,,in_window,Same-version entries on different dates have no published hash in list; keep separate pending file identity check. Archive date is not confirmed developer release date.
Aparat,com.aparat,6.1.4,,entry_2,2026-01-20,archive_file_date,Uptodown,https://aparat.en.uptodown.com/android/versions,APK archive listing; bytes not acquired,,in_window,Same-version entries on different dates have no published hash in list; keep separate pending file identity check. Archive date is not confirmed developer release date.
Aparat,com.aparat,6.1.5,,entry_1,2026-02-23,archive_file_date,Uptodown,https://aparat.en.uptodown.com/android/versions,APK archive listing; bytes not acquired,,in_window,Same-version entries on different dates have no published hash in list; keep separate pending file identity check. Archive date is not confirmed developer release date.
Aparat,com.aparat,6.1.5,,entry_2,2026-02-26,archive_file_date,Uptodown,https://aparat.en.uptodown.com/android/versions,APK archive listing; bytes not acquired,,in_window,Same-version entries on different dates have no published hash in list; keep separate pending file identity check. Archive date is not confirmed developer release date.
Aparat,com.aparat,6.1.6,,entry_1,2026-03-13,archive_file_date,Uptodown,https://aparat.en.uptodown.com/android/versions,APK archive listing; bytes not acquired,,in_window,Same-version entries on different dates have no published hash in list; keep separate pending file identity check. Archive date is not confirmed developer release date.
Aparat,com.aparat,6.1.7,,entry_1,2026-04-09,archive_file_date,Uptodown,https://aparat.en.uptodown.com/android/versions,APK archive listing; bytes not acquired,,in_window,Same-version entries on different dates have no published hash in list; keep separate pending file identity check. Archive date is not confirmed developer release date. APKCombo exposes versionCode for its 6.1.7 listing; identity with Uptodown file unverified: https://apkcombo.com/aparat/com.aparat/
Aparat,com.aparat,6.1.6,,entry_2,2026-04-26,archive_file_date,Uptodown,https://aparat.en.uptodown.com/android/versions,APK archive listing; bytes not acquired,,in_window,Same-version entries on different dates have no published hash in list; keep separate pending file identity check. Archive date is not confirmed developer release date.
Aparat,com.aparat,6.1.7,,entry_2,2026-05-12,archive_file_date,Uptodown,https://aparat.en.uptodown.com/android/versions,APK archive listing; bytes not acquired,,in_window,Same-version entries on different dates have no published hash in list; keep separate pending file identity check. Archive date is not confirmed developer release date.
Aparat,com.aparat,7.0.0,,entry_1,2026-05-25,archive_file_date,Uptodown,https://aparat.en.uptodown.com/android/versions,APK archive listing; bytes not acquired,,in_window,Same-version entries on different dates have no published hash in list; keep separate pending file identity check. Archive date is not confirmed developer release date.
Aparat,com.aparat,7.0.1,,entry_1,2026-06-04,archive_file_date,Uptodown,https://aparat.en.uptodown.com/android/versions,APK archive listing; bytes not acquired,,in_window,Same-version entries on different dates have no published hash in list; keep separate pending file identity check. Archive date is not confirmed developer release date.
Aparat,com.aparat,7.0.0,,entry_2,2026-06-05,archive_file_date,Uptodown,https://aparat.en.uptodown.com/android/versions,APK archive listing; bytes not acquired,,in_window,Same-version entries on different dates have no published hash in list; keep separate pending file identity check. Archive date is not confirmed developer release date.
Aparat,com.aparat,7.0.1,,entry_2,2026-06-06,archive_file_date,Uptodown,https://aparat.en.uptodown.com/android/versions,APK archive listing; bytes not acquired,,in_window,Same-version entries on different dates have no published hash in list; keep separate pending file identity check. Archive date is not confirmed developer release date.
Aparat,com.aparat,7.1.0,,entry_1,2026-07-26,archive_file_date,Uptodown,https://aparat.en.uptodown.com/android/versions,APK archive listing; bytes not acquired,,in_window,Same-version entries on different dates have no published hash in list; keep separate pending file identity check. Archive date is not confirmed developer release date.
Aparat,com.aparat,7.1.0,,entry_2,2026-07-30,archive_file_date,Uptodown,https://aparat.en.uptodown.com/android/versions,APK archive listing; bytes not acquired,,in_window,Same-version entries on different dates have no published hash in list; keep separate pending file identity check. Archive date is not confirmed developer release date.
Aparat,com.aparat,7.2.0,,entry_1,2026-09-09,archive_file_date,Uptodown,https://aparat.en.uptodown.com/android/versions,APK archive listing; bytes not acquired,,in_window,Same-version entries on different dates have no published hash in list; keep separate pending file identity check. Archive date is not confirmed developer release date.
Aparat,com.aparat,7.2.1,,entry_1,2026-09-19,archive_file_date,Uptodown,https://aparat.en.uptodown.com/android/versions,APK archive listing; bytes not acquired,,in_window,Same-version entries on different dates have no published hash in list; keep separate pending file identity check. Archive date is not confirmed developer release date.
Aparat,com.aparat,7.2.1,,current_store_listing,2026-09-19,store_last_update_date,Café Bazaar,https://cafebazaar.ir/app/com.aparat,APK current store listing; bytes not acquired,,in_window,"Store publishes 28 Shahrivar 1405 as last update (Gregorian 2026-09-19). Same version/date as an Uptodown entry, but APK equivalence untested."
Aparat,com.aparat,7.2.1,,entry_2,2026-09-21,archive_file_date,Uptodown,https://aparat.en.uptodown.com/android/versions,APK archive listing; bytes not acquired,,in_window,Same-version entries on different dates have no published hash in list; keep separate pending file identity check. Archive date is not confirmed developer release date.
Baam,ir.bmi.bam.nativeweb,4.7.1.265,,,2023-11-25,store_last_update_jalali_1402-09-04,Certfa archived Bazaar scan,https://certfa.com/lab/android-app/sha1/ff1e80a620438a4ee13e31ef2e284de5bf41534b/,metadata with linked VT SHA256; bytes not acquired,404c55b3f6f6b2fe4e393ed8c190466fbcae3b32c2d02ee514467e6978691e9d,in_window,Certfa records package/version and historical Bazaar last-update date; SHA256 was extracted only where its linked VirusTotal URL exposes it. Scanner verdicts are not used as audit findings.
Baam,ir.bmi.bam.nativeweb,4.9.2.315,,,2024-04-23,store_last_update_jalali_1403-02-04,Certfa archived Bazaar scan,https://certfa.com/lab/android-app/sha1/a449db1274863bf853e27dfad9af6ada9e9c6667/,scan metadata only; bytes not acquired,,in_window,Certfa records package/version and historical Bazaar last-update date; SHA256 was extracted only where its linked VirusTotal URL exposes it. Scanner verdicts are not used as audit findings.
Baam,ir.bmi.bam.nativeweb,4.8.1.277,,,2024-06-10,third_party_archive_last_update_date,PGYER,https://www.pgyer.com/apk/fa/apk/ir.bmi.bam.nativeweb/download,APK download offered; bytes not acquired,,in_window,"PGYER page explicitly names package and version, plus Jun 10 2024 as last update. Site provenance and APK identity are unverified; separate IranApp Jan 28 article lead has no package proof."
Baam,ir.bmi.bam.nativeweb,4.13.1.360,,,2024-07-23,store_last_update_jalali_1403-05-02,Certfa archived Bazaar scan,https://certfa.com/lab/android-app/sha1/5d74788b534ba69cac9184feba932c74d8094cbe/,metadata with linked VT SHA256; bytes not acquired,b3523aba4def28894e6bfabf8b3d0760867a307e97da99a3c4a510844de44367,in_window,Certfa records package/version and historical Bazaar last-update date; SHA256 was extracted only where its linked VirusTotal URL exposes it. Scanner verdicts are not used as audit findings.
Baam,ir.bmi.bam.nativeweb,4.14.2.378,,,2024-09-25,store_last_update_jalali_1403-07-04,Certfa archived Bazaar scan,https://certfa.com/lab/android-app/sha1/b2b9f6c1f5aec6106640a399e970fbc01aa5b617/,metadata with linked VT SHA256; bytes not acquired,3d92104fd2ea03d842da02074fe05b4fb28959cec0662496a9d505a350ed3e9b,in_window,Certfa records package/version and historical Bazaar last-update date; SHA256 was extracted only where its linked VirusTotal URL exposes it. Scanner verdicts are not used as audit findings.
Baam,ir.bmi.bam.nativeweb,4.14.2.379,41402379,,2024-10-17,APKCombo_update_date,APKCombo,https://apkcombo.com/ar/%D9%87%D9%85%D8%B1%D8%A7%D9%87-%D8%A8%D8%A7%D9%85-%D9%85%D9%84%DB%8C/ir.bmi.bam.nativeweb/,APK download offered; bytes not acquired,,in_window,"Third-party uploader is APKFlash Uploader, not bank developer; authenticity must be checked before use."
Baam,ir.bmi.bam.nativeweb,4.26.1.635,,,2026-09-29,store_last_update_jalali_1405-07-07,Café Bazaar,https://cafebazaar.ir/app/ir.bmi.bam.nativeweb,current store APK offered; bytes not acquired,,in_window,Official current listing; Myket independently shows same version/date: https://myket.ir/app/ir.bmi.bam.nativeweb
Baam,ir.bmi.bam.nativeweb,3.2.8.10,,,,undated_archive_listing,PGYER,https://www.pgyer.com/apk/fa/apk/ir.bmi.bam.nativeweb/download,APK download offered; bytes not acquired,,undated_unknown,"Version appears in PGYER old-versions block; pre-2023 placement is provisional from sequence only, not established by source date. Do not use for dated timeline until verified. Exact release year is not established by the cited page; exclude from dated audit denominator until corroborated."
Baam,ir.bmi.bam.nativeweb,4.25.3.632,,,,mirror_conflicting_update_dates,Barato,https://barato.ir/bam-android/,APK download offered; bytes not acquired,,undated_unknown,Live mirror page explicitly names package and version but prints both 10 Tir 1405 and 21 Shahrivar 1405 as update dates. No unambiguous date or SHA256; verify file signing and exact bytes before audit.
Baam,ir.bmi.bam.nativeweb,4.7.2.269,,,,undated_archive_listing,PGYER,https://www.pgyer.com/apk/fa/apk/ir.bmi.bam.nativeweb/download,APK download offered; bytes not acquired,,undated_unknown,Archive lists version but no version-specific date or hash; authenticate downloaded file before audit. Exact release year is not established by the cited page; exclude from dated audit denominator until corroborated.
Baam,ir.bmi.bam.nativeweb,N2.6.7,,,,undated_archive_listing,PGYER,https://www.pgyer.com/apk/fa/apk/ir.bmi.bam.nativeweb/download,APK download offered; bytes not acquired,,undated_unknown,"Version appears in PGYER old-versions block; pre-2023 placement is provisional from sequence only, not established by source date. Do not use for dated timeline until verified. Exact release year is not established by the cited page; exclude from dated audit denominator until corroborated."
